#2026 08 17 07:15:25.095#Z#DEBUG#4a1cb87e-9a0b-11f1-891d-eeee0a87b8c8.oilAndGas_Tracking-db-deployer#flowable-async-job-executor-thread-45985#
[PollStageAppStatusExecution] 52a04f91-d475-434e-9079-0912c2b169f3 [2026-08-17T07:14:49.905558] Updated app with guid 52a04f91-d475-434e-9079-0912c2b169f3 ({"lifecycle"=>{"data"=>{"buildpacks"=>["nodejs_buildpack"]}, "type"=>"buildpack"}}) (STDOUT, API)#
#2026 08 17 07:15:25.095#Z#DEBUG#4a1cb87e-9a0b-11f1-891d-eeee0a87b8c8.oilAndGas_Tracking-db-deployer#flowable-async-job-executor-thread-45985#
[PollStageAppStatusExecution] 52a04f91-d475-434e-9079-0912c2b169f3 [2026-08-17T07:14:49.992482] Updating process: "web" (STDOUT, API)#
#2026 08 17 07:15:25.095#Z#DEBUG#4a1cb87e-9a0b-11f1-891d-eeee0a87b8c8.oilAndGas_Tracking-db-deployer#flowable-async-job-executor-thread-45985#
[PollStageAppStatusExecution] 52a04f91-d475-434e-9079-0912c2b169f3 [2026-08-17T07:15:05.031876] Uploading app package for app with guid 52a04f91-d475-434e-9079-0912c2b169f3 (STDOUT, API)#
#2026 08 17 07:15:25.095#Z#DEBUG#4a1cb87e-9a0b-11f1-891d-eeee0a87b8c8.oilAndGas_Tracking-db-deployer#flowable-async-job-executor-thread-45985#
[PollStageAppStatusExecution] 52a04f91-d475-434e-9079-0912c2b169f3 [2026-08-17T07:15:05.210607] Updated app with guid 52a04f91-d475-434e-9079-0912c2b169f3 ({"environment_variables"=>"[PRIVATE DATA HIDDEN]"}) (STDOUT, API)#
#2026 08 17 07:15:25.095#Z#DEBUG#4a1cb87e-9a0b-11f1-891d-eeee0a87b8c8.oilAndGas_Tracking-db-deployer#flowable-async-job-executor-thread-45985#
[PollStageAppStatusExecution] 52a04f91-d475-434e-9079-0912c2b169f3 [2026-08-17T07:15:15.425105] Creating build for app with guid 52a04f91-d475-434e-9079-0912c2b169f3 (STDOUT, API)#
#2026 08 17 07:15:25.095#Z#DEBUG#4a1cb87e-9a0b-11f1-891d-eeee0a87b8c8.oilAndGas_Tracking-db-deployer#flowable-async-job-executor-thread-45985#
[PollStageAppStatusExecution] 52a04f91-d475-434e-9079-0912c2b169f3 [2026-08-17T07:15:16.430866] Downloading nodejs_buildpack... (STDOUT, STG)#
#2026 08 17 07:15:25.095#Z#DEBUG#4a1cb87e-9a0b-11f1-891d-eeee0a87b8c8.oilAndGas_Tracking-db-deployer#flowable-async-job-executor-thread-45985#
[PollStageAppStatusExecution] 52a04f91-d475-434e-9079-0912c2b169f3 [2026-08-17T07:15:16.486987] Downloaded nodejs_buildpack (STDOUT, STG)#
#2026 08 17 07:15:25.095#Z#DEBUG#4a1cb87e-9a0b-11f1-891d-eeee0a87b8c8.oilAndGas_Tracking-db-deployer#flowable-async-job-executor-thread-45985#
[PollStageAppStatusExecution] 52a04f91-d475-434e-9079-0912c2b169f3 [2026-08-17T07:15:16.487088] Cell 77283d80-dfa7-40ba-ba4e-265aef112085 creating container for instance 5603b730-9d3d-4c16-a811-b7f6209279b1 (STDOUT, STG)#
#2026 08 17 07:15:25.095#Z#DEBUG#4a1cb87e-9a0b-11f1-891d-eeee0a87b8c8.oilAndGas_Tracking-db-deployer#flowable-async-job-executor-thread-45985#
[PollStageAppStatusExecution] 52a04f91-d475-434e-9079-0912c2b169f3 [2026-08-17T07:15:17.486815] Security group rules were updated (STDOUT, STG)#
#2026 08 17 07:15:25.095#Z#DEBUG#4a1cb87e-9a0b-11f1-891d-eeee0a87b8c8.oilAndGas_Tracking-db-deployer#flowable-async-job-executor-thread-45985#
[PollStageAppStatusExecution] 52a04f91-d475-434e-9079-0912c2b169f3 [2026-08-17T07:15:17.602105] Cell 77283d80-dfa7-40ba-ba4e-265aef112085 successfully created container for instance 5603b730-9d3d-4c16-a811-b7f6209279b1 (STDOUT, STG)#
#2026 08 17 07:15:25.095#Z#DEBUG#4a1cb87e-9a0b-11f1-891d-eeee0a87b8c8.oilAndGas_Tracking-db-deployer#flowable-async-job-executor-thread-45985#
[PollStageAppStatusExecution] 52a04f91-d475-434e-9079-0912c2b169f3 [2026-08-17T07:15:18.290347] Downloading build artifacts cache... (STDOUT, STG)#
#2026 08 17 07:15:25.095#Z#DEBUG#4a1cb87e-9a0b-11f1-891d-eeee0a87b8c8.oilAndGas_Tracking-db-deployer#flowable-async-job-executor-thread-45985#
[PollStageAppStatusExecution] 52a04f91-d475-434e-9079-0912c2b169f3 [2026-08-17T07:15:18.290390] Downloading app package... (STDOUT, STG)#
#2026 08 17 07:15:25.095#Z#DEBUG#4a1cb87e-9a0b-11f1-891d-eeee0a87b8c8.oilAndGas_Tracking-db-deployer#flowable-async-job-executor-thread-45985#
[PollStageAppStatusExecution] 52a04f91-d475-434e-9079-0912c2b169f3 [2026-08-17T07:15:18.382905] Downloaded build artifacts cache (224B) (STDOUT, STG)#
#2026 08 17 07:15:25.095#Z#DEBUG#4a1cb87e-9a0b-11f1-891d-eeee0a87b8c8.oilAndGas_Tracking-db-deployer#flowable-async-job-executor-thread-45985#
[PollStageAppStatusExecution] 52a04f91-d475-434e-9079-0912c2b169f3 [2026-08-17T07:15:18.643603] Downloaded app package (2.3M) (STDOUT, STG)#
#2026 08 17 07:15:25.095#Z#DEBUG#4a1cb87e-9a0b-11f1-891d-eeee0a87b8c8.oilAndGas_Tracking-db-deployer#flowable-async-job-executor-thread-45985#
[PollStageAppStatusExecution] 52a04f91-d475-434e-9079-0912c2b169f3 [2026-08-17T07:15:18.790821] -----> Nodejs Buildpack version 1.9.2 (STDOUT, STG)#
#2026 08 17 07:15:25.095#Z#DEBUG#4a1cb87e-9a0b-11f1-891d-eeee0a87b8c8.oilAndGas_Tracking-db-deployer#flowable-async-job-executor-thread-45985#
[PollStageAppStatusExecution] 52a04f91-d475-434e-9079-0912c2b169f3 [2026-08-17T07:15:18.970671] -----> Bootstrapping python (STDOUT, STG)#
#2026 08 17 07:15:25.095#Z#DEBUG#4a1cb87e-9a0b-11f1-891d-eeee0a87b8c8.oilAndGas_Tracking-db-deployer#flowable-async-job-executor-thread-45985#
[PollStageAppStatusExecution] 52a04f91-d475-434e-9079-0912c2b169f3 [2026-08-17T07:15:18.970715] -----> Installing python 3.13.13 (STDOUT, STG)#
#2026 08 17 07:15:25.095#Z#DEBUG#4a1cb87e-9a0b-11f1-891d-eeee0a87b8c8.oilAndGas_Tracking-db-deployer#flowable-async-job-executor-thread-45985#
[PollStageAppStatusExecution] 52a04f91-d475-434e-9079-0912c2b169f3 [2026-08-17T07:15:18.970724] Copy [/tmp/buildpacks/17bd89c67d092631/dependencies/268a5e3743d51a14b86ea9da64439307/python_3.13.13_linux_x64_cflinuxfs4_8311abbf.tgz] (STDOUT, STG)#
#2026 08 17 07:15:25.095#Z#DEBUG#4a1cb87e-9a0b-11f1-891d-eeee0a87b8c8.oilAndGas_Tracking-db-deployer#flowable-async-job-executor-thread-45985#
[PollStageAppStatusExecution] 52a04f91-d475-434e-9079-0912c2b169f3 [2026-08-17T07:15:23.939269] -----> Installing binaries (STDOUT, STG)#
#2026 08 17 07:15:25.095#Z#DEBUG#4a1cb87e-9a0b-11f1-891d-eeee0a87b8c8.oilAndGas_Tracking-db-deployer#flowable-async-job-executor-thread-45985#
[PollStageAppStatusExecution] 52a04f91-d475-434e-9079-0912c2b169f3 [2026-08-17T07:15:23.939332] engines.node (package.json): >=18 (STDOUT, STG)#
#2026 08 17 07:15:25.095#Z#DEBUG#4a1cb87e-9a0b-11f1-891d-eeee0a87b8c8.oilAndGas_Tracking-db-deployer#flowable-async-job-executor-thread-45985#
[PollStageAppStatusExecution] 52a04f91-d475-434e-9079-0912c2b169f3 [2026-08-17T07:15:23.939405] engines.npm (package.json): unspecified (use default) (STDOUT, STG)#
#2026 08 17 07:15:25.095#Z#DEBUG#4a1cb87e-9a0b-11f1-891d-eeee0a87b8c8.oilAndGas_Tracking-db-deployer#flowable-async-job-executor-thread-45985#
[PollStageAppStatusExecution] 52a04f91-d475-434e-9079-0912c2b169f3 [2026-08-17T07:15:23.939428] [31;1m**WARNING**[0m Dangerous semver range (>) in engines.node. See: http://docs.cloudfoundry.org/buildpacks/node/node-tips.html (STDOUT, STG)#
#2026 08 17 07:15:25.095#Z#DEBUG#4a1cb87e-9a0b-11f1-891d-eeee0a87b8c8.oilAndGas_Tracking-db-deployer#flowable-async-job-executor-thread-45985#
[PollStageAppStatusExecution] 52a04f91-d475-434e-9079-0912c2b169f3 [2026-08-17T07:15:23.939488] -----> Installing node 24.15.0 (STDOUT, STG)#
#2026 08 17 07:15:25.096#Z#DEBUG#4a1cb87e-9a0b-11f1-891d-eeee0a87b8c8.oilAndGas_Tracking-db-deployer#flowable-async-job-executor-thread-45985#
[PollStageAppStatusExecution] 52a04f91-d475-434e-9079-0912c2b169f3 [2026-08-17T07:15:23.939715] Copy [/tmp/buildpacks/17bd89c67d092631/dependencies/6441e97e6386f47ec4c16cfdf8db0a17/node_24.15.0_linux_x64_cflinuxfs4_1a62d98b.tgz] (STDOUT, STG)#
#2026 08 17 07:15:35.195#Z#DEBUG#4a1cb87e-9a0b-11f1-891d-eeee0a87b8c8.oilAndGas_Tracking-db-deployer#flowable-async-job-executor-thread-45993#
[PollStageAppStatusExecution] 52a04f91-d475-434e-9079-0912c2b169f3 [2026-08-17T07:15:26.761348] Using default npm version: 11.12.1 (STDOUT, STG)#
#2026 08 17 07:15:35.195#Z#DEBUG#4a1cb87e-9a0b-11f1-891d-eeee0a87b8c8.oilAndGas_Tracking-db-deployer#flowable-async-job-executor-thread-45993#
[PollStageAppStatusExecution] 52a04f91-d475-434e-9079-0912c2b169f3 [2026-08-17T07:15:26.761400] -----> Installing yarn 1.22.22 (STDOUT, STG)#
#2026 08 17 07:15:35.195#Z#DEBUG#4a1cb87e-9a0b-11f1-891d-eeee0a87b8c8.oilAndGas_Tracking-db-deployer#flowable-async-job-executor-thread-45993#
[PollStageAppStatusExecution] 52a04f91-d475-434e-9079-0912c2b169f3 [2026-08-17T07:15:26.761599] Copy [/tmp/buildpacks/17bd89c67d092631/dependencies/e4fe26756e9984a665478d350474fa2e/yarn_1.22.22_linux_noarch_any-stack_b6132b86.tgz] (STDOUT, STG)#
#2026 08 17 07:15:35.195#Z#DEBUG#4a1cb87e-9a0b-11f1-891d-eeee0a87b8c8.oilAndGas_Tracking-db-deployer#flowable-async-job-executor-thread-45993#
[PollStageAppStatusExecution] 52a04f91-d475-434e-9079-0912c2b169f3 [2026-08-17T07:15:27.209188] Installed yarn 1.22.22 (STDOUT, STG)#
#2026 08 17 07:15:35.195#Z#DEBUG#4a1cb87e-9a0b-11f1-891d-eeee0a87b8c8.oilAndGas_Tracking-db-deployer#flowable-async-job-executor-thread-45993#
[PollStageAppStatusExecution] 52a04f91-d475-434e-9079-0912c2b169f3 [2026-08-17T07:15:27.209221] -----> Creating runtime environment (STDOUT, STG)#
#2026 08 17 07:15:35.195#Z#DEBUG#4a1cb87e-9a0b-11f1-891d-eeee0a87b8c8.oilAndGas_Tracking-db-deployer#flowable-async-job-executor-thread-45993#
[PollStageAppStatusExecution] 52a04f91-d475-434e-9079-0912c2b169f3 [2026-08-17T07:15:27.211516] NODE_ENV=production (STDOUT, STG)#
#2026 08 17 07:15:35.195#Z#DEBUG#4a1cb87e-9a0b-11f1-891d-eeee0a87b8c8.oilAndGas_Tracking-db-deployer#flowable-async-job-executor-thread-45993#
[PollStageAppStatusExecution] 52a04f91-d475-434e-9079-0912c2b169f3 [2026-08-17T07:15:27.211558] NODE_HOME=/tmp/contents1689166107/deps/0/node (STDOUT, STG)#
#2026 08 17 07:15:35.195#Z#DEBUG#4a1cb87e-9a0b-11f1-891d-eeee0a87b8c8.oilAndGas_Tracking-db-deployer#flowable-async-job-executor-thread-45993#
[PollStageAppStatusExecution] 52a04f91-d475-434e-9079-0912c2b169f3 [2026-08-17T07:15:27.211569] NODE_MODULES_CACHE=true (STDOUT, STG)#
#2026 08 17 07:15:35.195#Z#DEBUG#4a1cb87e-9a0b-11f1-891d-eeee0a87b8c8.oilAndGas_Tracking-db-deployer#flowable-async-job-executor-thread-45993#
[PollStageAppStatusExecution] 52a04f91-d475-434e-9079-0912c2b169f3 [2026-08-17T07:15:27.211596] NODE_VERBOSE=false (STDOUT, STG)#
#2026 08 17 07:15:35.195#Z#DEBUG#4a1cb87e-9a0b-11f1-891d-eeee0a87b8c8.oilAndGas_Tracking-db-deployer#flowable-async-job-executor-thread-45993#
[PollStageAppStatusExecution] 52a04f91-d475-434e-9079-0912c2b169f3 [2026-08-17T07:15:27.211603] NPM_CONFIG_LOGLEVEL=error (STDOUT, STG)#
#2026 08 17 07:15:35.195#Z#DEBUG#4a1cb87e-9a0b-11f1-891d-eeee0a87b8c8.oilAndGas_Tracking-db-deployer#flowable-async-job-executor-thread-45993#
[PollStageAppStatusExecution] 52a04f91-d475-434e-9079-0912c2b169f3 [2026-08-17T07:15:27.211721] NPM_CONFIG_PRODUCTION=true (STDOUT, STG)#
#2026 08 17 07:15:35.195#Z#DEBUG#4a1cb87e-9a0b-11f1-891d-eeee0a87b8c8.oilAndGas_Tracking-db-deployer#flowable-async-job-executor-thread-45993#
[PollStageAppStatusExecution] 52a04f91-d475-434e-9079-0912c2b169f3 [2026-08-17T07:15:27.211996] -----> Building dependencies (STDOUT, STG)#
#2026 08 17 07:15:35.195#Z#DEBUG#4a1cb87e-9a0b-11f1-891d-eeee0a87b8c8.oilAndGas_Tracking-db-deployer#flowable-async-job-executor-thread-45993#
[PollStageAppStatusExecution] 52a04f91-d475-434e-9079-0912c2b169f3 [2026-08-17T07:15:27.212106] Prebuild detected (node_modules already exists) (STDOUT, STG)#
#2026 08 17 07:15:35.195#Z#DEBUG#4a1cb87e-9a0b-11f1-891d-eeee0a87b8c8.oilAndGas_Tracking-db-deployer#flowable-async-job-executor-thread-45993#
[PollStageAppStatusExecution] 52a04f91-d475-434e-9079-0912c2b169f3 [2026-08-17T07:15:27.212269] Rebuilding any native modules (STDOUT, STG)#
#2026 08 17 07:15:35.195#Z#DEBUG#4a1cb87e-9a0b-11f1-891d-eeee0a87b8c8.oilAndGas_Tracking-db-deployer#flowable-async-job-executor-thread-45993#
[PollStageAppStatusExecution] 52a04f91-d475-434e-9079-0912c2b169f3 [2026-08-17T07:15:27.981879] rebuilt dependencies successfully (STDOUT, STG)#
#2026 08 17 07:15:35.195#Z#DEBUG#4a1cb87e-9a0b-11f1-891d-eeee0a87b8c8.oilAndGas_Tracking-db-deployer#flowable-async-job-executor-thread-45993#
[PollStageAppStatusExecution] 52a04f91-d475-434e-9079-0912c2b169f3 [2026-08-17T07:15:28.057378] Installing any new modules (package.json + package-lock.json) (STDOUT, STG)#
#2026 08 17 07:15:35.195#Z#DEBUG#4a1cb87e-9a0b-11f1-891d-eeee0a87b8c8.oilAndGas_Tracking-db-deployer#flowable-async-job-executor-thread-45993#
[PollStageAppStatusExecution] 52a04f91-d475-434e-9079-0912c2b169f3 [2026-08-17T07:15:28.635437] up to date in 465ms (STDOUT, STG)#
#2026 08 17 07:15:35.195#Z#DEBUG#4a1cb87e-9a0b-11f1-891d-eeee0a87b8c8.oilAndGas_Tracking-db-deployer#flowable-async-job-executor-thread-45993#
[PollStageAppStatusExecution] 52a04f91-d475-434e-9079-0912c2b169f3 [2026-08-17T07:15:28.636128] 4 packages are looking for funding (STDOUT, STG)#
#2026 08 17 07:15:35.195#Z#DEBUG#4a1cb87e-9a0b-11f1-891d-eeee0a87b8c8.oilAndGas_Tracking-db-deployer#flowable-async-job-executor-thread-45993#
[PollStageAppStatusExecution] 52a04f91-d475-434e-9079-0912c2b169f3 [2026-08-17T07:15:28.636323] run `npm fund` for details (STDOUT, STG)#
#2026 08 17 07:15:35.195#Z#DEBUG#4a1cb87e-9a0b-11f1-891d-eeee0a87b8c8.oilAndGas_Tracking-db-deployer#flowable-async-job-executor-thread-45993#
[PollStageAppStatusExecution] 52a04f91-d475-434e-9079-0912c2b169f3 [2026-08-17T07:15:29.431141] Contrast Security no credentials found. Will not write environment files. (STDOUT, STG)#
#2026 08 17 07:15:45.811#Z#DEBUG#4a1cb87e-9a0b-11f1-891d-eeee0a87b8c8.oilAndGas_Tracking-db-deployer#flowable-async-job-executor-thread-45988#
[PollStageAppStatusExecution] 52a04f91-d475-434e-9079-0912c2b169f3 [2026-08-17T07:15:39.270452] Exit status 0 (STDOUT, STG)#
#2026 08 17 07:15:45.811#Z#DEBUG#4a1cb87e-9a0b-11f1-891d-eeee0a87b8c8.oilAndGas_Tracking-db-deployer#flowable-async-job-executor-thread-45988#
[PollStageAppStatusExecution] 52a04f91-d475-434e-9079-0912c2b169f3 [2026-08-17T07:15:39.270570] Uploading droplet, build artifacts cache... (STDOUT, STG)#
#2026 08 17 07:15:45.811#Z#DEBUG#4a1cb87e-9a0b-11f1-891d-eeee0a87b8c8.oilAndGas_Tracking-db-deployer#flowable-async-job-executor-thread-45988#
[PollStageAppStatusExecution] 52a04f91-d475-434e-9079-0912c2b169f3 [2026-08-17T07:15:39.270641] Uploading build artifacts cache... (STDOUT, STG)#
#2026 08 17 07:15:45.811#Z#DEBUG#4a1cb87e-9a0b-11f1-891d-eeee0a87b8c8.oilAndGas_Tracking-db-deployer#flowable-async-job-executor-thread-45988#
[PollStageAppStatusExecution] 52a04f91-d475-434e-9079-0912c2b169f3 [2026-08-17T07:15:39.270725] Uploading droplet... (STDOUT, STG)#
#2026 08 17 07:15:45.811#Z#DEBUG#4a1cb87e-9a0b-11f1-891d-eeee0a87b8c8.oilAndGas_Tracking-db-deployer#flowable-async-job-executor-thread-45988#
[PollStageAppStatusExecution] 52a04f91-d475-434e-9079-0912c2b169f3 [2026-08-17T07:15:39.507461] Uploaded build artifacts cache (224B) (STDOUT, STG)#
#2026 08 17 07:15:45.811#Z#DEBUG#4a1cb87e-9a0b-11f1-891d-eeee0a87b8c8.oilAndGas_Tracking-db-deployer#flowable-async-job-executor-thread-45988#
[PollStageAppStatusExecution] 52a04f91-d475-434e-9079-0912c2b169f3 [2026-08-17T07:15:40.227747] Creating droplet for app with guid 52a04f91-d475-434e-9079-0912c2b169f3 (STDOUT, API)#
#2026 08 17 07:15:45.811#Z#DEBUG#4a1cb87e-9a0b-11f1-891d-eeee0a87b8c8.oilAndGas_Tracking-db-deployer#flowable-async-job-executor-thread-45988#
[PollStageAppStatusExecution] 52a04f91-d475-434e-9079-0912c2b169f3 [2026-08-17T07:15:42.293465] Uploaded droplet (58.6M) (STDOUT, STG)#
#2026 08 17 07:15:45.811#Z#DEBUG#4a1cb87e-9a0b-11f1-891d-eeee0a87b8c8.oilAndGas_Tracking-db-deployer#flowable-async-job-executor-thread-45988#
[PollStageAppStatusExecution] 52a04f91-d475-434e-9079-0912c2b169f3 [2026-08-17T07:15:42.316586] Uploading complete (STDOUT, STG)#
#2026 08 17 07:15:45.811#Z#DEBUG#4a1cb87e-9a0b-11f1-891d-eeee0a87b8c8.oilAndGas_Tracking-db-deployer#flowable-async-job-executor-thread-45988#
[PollStageAppStatusExecution] 52a04f91-d475-434e-9079-0912c2b169f3 [2026-08-17T07:15:42.551878] Cell 77283d80-dfa7-40ba-ba4e-265aef112085 stopping instance 5603b730-9d3d-4c16-a811-b7f6209279b1 (STDOUT, STG)#
#2026 08 17 07:15:45.811#Z#DEBUG#4a1cb87e-9a0b-11f1-891d-eeee0a87b8c8.oilAndGas_Tracking-db-deployer#flowable-async-job-executor-thread-45988#
[PollStageAppStatusExecution] 52a04f91-d475-434e-9079-0912c2b169f3 [2026-08-17T07:15:42.551930] Cell 77283d80-dfa7-40ba-ba4e-265aef112085 destroying container for instance 5603b730-9d3d-4c16-a811-b7f6209279b1 (STDOUT, STG)#
#2026 08 17 07:15:45.811#Z#DEBUG#4a1cb87e-9a0b-11f1-891d-eeee0a87b8c8.oilAndGas_Tracking-db-deployer#flowable-async-job-executor-thread-45988#
[PollStageAppStatusExecution] 52a04f91-d475-434e-9079-0912c2b169f3 [2026-08-17T07:15:42.606397] Staging complete for build 5603b730-9d3d-4c16-a811-b7f6209279b1 (STDOUT, API)#
#2026 08 17 07:15:55.892#Z#DEBUG#4a1cb87e-9a0b-11f1-891d-eeee0a87b8c8.oilAndGas_Tracking-db-deployer#flowable-async-job-executor-thread-46005#
[PollExecuteTaskStatusExecution] 52a04f91-d475-434e-9079-0912c2b169f3 [2026-08-17T07:14:49.905558] Updated app with guid 52a04f91-d475-434e-9079-0912c2b169f3 ({"lifecycle"=>{"data"=>{"buildpacks"=>["nodejs_buildpack"]}, "type"=>"buildpack"}}) (STDOUT, API)#
#2026 08 17 07:15:55.892#Z#DEBUG#4a1cb87e-9a0b-11f1-891d-eeee0a87b8c8.oilAndGas_Tracking-db-deployer#flowable-async-job-executor-thread-46005#
[PollExecuteTaskStatusExecution] 52a04f91-d475-434e-9079-0912c2b169f3 [2026-08-17T07:14:49.992482] Updating process: "web" (STDOUT, API)#
#2026 08 17 07:15:55.892#Z#DEBUG#4a1cb87e-9a0b-11f1-891d-eeee0a87b8c8.oilAndGas_Tracking-db-deployer#flowable-async-job-executor-thread-46005#
[PollExecuteTaskStatusExecution] 52a04f91-d475-434e-9079-0912c2b169f3 [2026-08-17T07:15:05.031876] Uploading app package for app with guid 52a04f91-d475-434e-9079-0912c2b169f3 (STDOUT, API)#
#2026 08 17 07:15:55.892#Z#DEBUG#4a1cb87e-9a0b-11f1-891d-eeee0a87b8c8.oilAndGas_Tracking-db-deployer#flowable-async-job-executor-thread-46005#
[PollExecuteTaskStatusExecution] 52a04f91-d475-434e-9079-0912c2b169f3 [2026-08-17T07:15:05.210607] Updated app with guid 52a04f91-d475-434e-9079-0912c2b169f3 ({"environment_variables"=>"[PRIVATE DATA HIDDEN]"}) (STDOUT, API)#
#2026 08 17 07:15:55.892#Z#DEBUG#4a1cb87e-9a0b-11f1-891d-eeee0a87b8c8.oilAndGas_Tracking-db-deployer#flowable-async-job-executor-thread-46005#
[PollExecuteTaskStatusExecution] 52a04f91-d475-434e-9079-0912c2b169f3 [2026-08-17T07:15:15.425105] Creating build for app with guid 52a04f91-d475-434e-9079-0912c2b169f3 (STDOUT, API)#
#2026 08 17 07:15:55.892#Z#DEBUG#4a1cb87e-9a0b-11f1-891d-eeee0a87b8c8.oilAndGas_Tracking-db-deployer#flowable-async-job-executor-thread-46005#
[PollExecuteTaskStatusExecution] 52a04f91-d475-434e-9079-0912c2b169f3 [2026-08-17T07:15:16.430866] Downloading nodejs_buildpack... (STDOUT, STG)#
#2026 08 17 07:15:55.892#Z#DEBUG#4a1cb87e-9a0b-11f1-891d-eeee0a87b8c8.oilAndGas_Tracking-db-deployer#flowable-async-job-executor-thread-46005#
[PollExecuteTaskStatusExecution] 52a04f91-d475-434e-9079-0912c2b169f3 [2026-08-17T07:15:16.486987] Downloaded nodejs_buildpack (STDOUT, STG)#
#2026 08 17 07:15:55.892#Z#DEBUG#4a1cb87e-9a0b-11f1-891d-eeee0a87b8c8.oilAndGas_Tracking-db-deployer#flowable-async-job-executor-thread-46005#
[PollExecuteTaskStatusExecution] 52a04f91-d475-434e-9079-0912c2b169f3 [2026-08-17T07:15:16.487088] Cell 77283d80-dfa7-40ba-ba4e-265aef112085 creating container for instance 5603b730-9d3d-4c16-a811-b7f6209279b1 (STDOUT, STG)#
#2026 08 17 07:15:55.892#Z#DEBUG#4a1cb87e-9a0b-11f1-891d-eeee0a87b8c8.oilAndGas_Tracking-db-deployer#flowable-async-job-executor-thread-46005#
[PollExecuteTaskStatusExecution] 52a04f91-d475-434e-9079-0912c2b169f3 [2026-08-17T07:15:17.486815] Security group rules were updated (STDOUT, STG)#
#2026 08 17 07:15:55.892#Z#DEBUG#4a1cb87e-9a0b-11f1-891d-eeee0a87b8c8.oilAndGas_Tracking-db-deployer#flowable-async-job-executor-thread-46005#
[PollExecuteTaskStatusExecution] 52a04f91-d475-434e-9079-0912c2b169f3 [2026-08-17T07:15:17.602105] Cell 77283d80-dfa7-40ba-ba4e-265aef112085 successfully created container for instance 5603b730-9d3d-4c16-a811-b7f6209279b1 (STDOUT, STG)#
#2026 08 17 07:15:55.892#Z#DEBUG#4a1cb87e-9a0b-11f1-891d-eeee0a87b8c8.oilAndGas_Tracking-db-deployer#flowable-async-job-executor-thread-46005#
[PollExecuteTaskStatusExecution] 52a04f91-d475-434e-9079-0912c2b169f3 [2026-08-17T07:15:18.290347] Downloading build artifacts cache... (STDOUT, STG)#
#2026 08 17 07:15:55.892#Z#DEBUG#4a1cb87e-9a0b-11f1-891d-eeee0a87b8c8.oilAndGas_Tracking-db-deployer#flowable-async-job-executor-thread-46005#
[PollExecuteTaskStatusExecution] 52a04f91-d475-434e-9079-0912c2b169f3 [2026-08-17T07:15:18.290390] Downloading app package... (STDOUT, STG)#
#2026 08 17 07:15:55.892#Z#DEBUG#4a1cb87e-9a0b-11f1-891d-eeee0a87b8c8.oilAndGas_Tracking-db-deployer#flowable-async-job-executor-thread-46005#
[PollExecuteTaskStatusExecution] 52a04f91-d475-434e-9079-0912c2b169f3 [2026-08-17T07:15:18.382905] Downloaded build artifacts cache (224B) (STDOUT, STG)#
#2026 08 17 07:15:55.892#Z#DEBUG#4a1cb87e-9a0b-11f1-891d-eeee0a87b8c8.oilAndGas_Tracking-db-deployer#flowable-async-job-executor-thread-46005#
[PollExecuteTaskStatusExecution] 52a04f91-d475-434e-9079-0912c2b169f3 [2026-08-17T07:15:18.643603] Downloaded app package (2.3M) (STDOUT, STG)#
#2026 08 17 07:15:55.892#Z#DEBUG#4a1cb87e-9a0b-11f1-891d-eeee0a87b8c8.oilAndGas_Tracking-db-deployer#flowable-async-job-executor-thread-46005#
[PollExecuteTaskStatusExecution] 52a04f91-d475-434e-9079-0912c2b169f3 [2026-08-17T07:15:18.790821] -----> Nodejs Buildpack version 1.9.2 (STDOUT, STG)#
#2026 08 17 07:15:55.892#Z#DEBUG#4a1cb87e-9a0b-11f1-891d-eeee0a87b8c8.oilAndGas_Tracking-db-deployer#flowable-async-job-executor-thread-46005#
[PollExecuteTaskStatusExecution] 52a04f91-d475-434e-9079-0912c2b169f3 [2026-08-17T07:15:18.970671] -----> Bootstrapping python (STDOUT, STG)#
#2026 08 17 07:15:55.892#Z#DEBUG#4a1cb87e-9a0b-11f1-891d-eeee0a87b8c8.oilAndGas_Tracking-db-deployer#flowable-async-job-executor-thread-46005#
[PollExecuteTaskStatusExecution] 52a04f91-d475-434e-9079-0912c2b169f3 [2026-08-17T07:15:18.970715] -----> Installing python 3.13.13 (STDOUT, STG)#
#2026 08 17 07:15:55.892#Z#DEBUG#4a1cb87e-9a0b-11f1-891d-eeee0a87b8c8.oilAndGas_Tracking-db-deployer#flowable-async-job-executor-thread-46005#
[PollExecuteTaskStatusExecution] 52a04f91-d475-434e-9079-0912c2b169f3 [2026-08-17T07:15:18.970724] Copy [/tmp/buildpacks/17bd89c67d092631/dependencies/268a5e3743d51a14b86ea9da64439307/python_3.13.13_linux_x64_cflinuxfs4_8311abbf.tgz] (STDOUT, STG)#
#2026 08 17 07:15:55.892#Z#DEBUG#4a1cb87e-9a0b-11f1-891d-eeee0a87b8c8.oilAndGas_Tracking-db-deployer#flowable-async-job-executor-thread-46005#
[PollExecuteTaskStatusExecution] 52a04f91-d475-434e-9079-0912c2b169f3 [2026-08-17T07:15:23.939269] -----> Installing binaries (STDOUT, STG)#
#2026 08 17 07:15:55.892#Z#DEBUG#4a1cb87e-9a0b-11f1-891d-eeee0a87b8c8.oilAndGas_Tracking-db-deployer#flowable-async-job-executor-thread-46005#
[PollExecuteTaskStatusExecution] 52a04f91-d475-434e-9079-0912c2b169f3 [2026-08-17T07:15:23.939332] engines.node (package.json): >=18 (STDOUT, STG)#
#2026 08 17 07:15:55.892#Z#DEBUG#4a1cb87e-9a0b-11f1-891d-eeee0a87b8c8.oilAndGas_Tracking-db-deployer#flowable-async-job-executor-thread-46005#
[PollExecuteTaskStatusExecution] 52a04f91-d475-434e-9079-0912c2b169f3 [2026-08-17T07:15:23.939405] engines.npm (package.json): unspecified (use default) (STDOUT, STG)#
#2026 08 17 07:15:55.892#Z#DEBUG#4a1cb87e-9a0b-11f1-891d-eeee0a87b8c8.oilAndGas_Tracking-db-deployer#flowable-async-job-executor-thread-46005#
[PollExecuteTaskStatusExecution] 52a04f91-d475-434e-9079-0912c2b169f3 [2026-08-17T07:15:23.939428] [31;1m**WARNING**[0m Dangerous semver range (>) in engines.node. See: http://docs.cloudfoundry.org/buildpacks/node/node-tips.html (STDOUT, STG)#
#2026 08 17 07:15:55.892#Z#DEBUG#4a1cb87e-9a0b-11f1-891d-eeee0a87b8c8.oilAndGas_Tracking-db-deployer#flowable-async-job-executor-thread-46005#
[PollExecuteTaskStatusExecution] 52a04f91-d475-434e-9079-0912c2b169f3 [2026-08-17T07:15:23.939488] -----> Installing node 24.15.0 (STDOUT, STG)#
#2026 08 17 07:15:55.892#Z#DEBUG#4a1cb87e-9a0b-11f1-891d-eeee0a87b8c8.oilAndGas_Tracking-db-deployer#flowable-async-job-executor-thread-46005#
[PollExecuteTaskStatusExecution] 52a04f91-d475-434e-9079-0912c2b169f3 [2026-08-17T07:15:23.939715] Copy [/tmp/buildpacks/17bd89c67d092631/dependencies/6441e97e6386f47ec4c16cfdf8db0a17/node_24.15.0_linux_x64_cflinuxfs4_1a62d98b.tgz] (STDOUT, STG)#
#2026 08 17 07:15:55.892#Z#DEBUG#4a1cb87e-9a0b-11f1-891d-eeee0a87b8c8.oilAndGas_Tracking-db-deployer#flowable-async-job-executor-thread-46005#
[PollExecuteTaskStatusExecution] 52a04f91-d475-434e-9079-0912c2b169f3 [2026-08-17T07:15:26.761348] Using default npm version: 11.12.1 (STDOUT, STG)#
#2026 08 17 07:15:55.892#Z#DEBUG#4a1cb87e-9a0b-11f1-891d-eeee0a87b8c8.oilAndGas_Tracking-db-deployer#flowable-async-job-executor-thread-46005#
[PollExecuteTaskStatusExecution] 52a04f91-d475-434e-9079-0912c2b169f3 [2026-08-17T07:15:26.761400] -----> Installing yarn 1.22.22 (STDOUT, STG)#
#2026 08 17 07:15:55.892#Z#DEBUG#4a1cb87e-9a0b-11f1-891d-eeee0a87b8c8.oilAndGas_Tracking-db-deployer#flowable-async-job-executor-thread-46005#
[PollExecuteTaskStatusExecution] 52a04f91-d475-434e-9079-0912c2b169f3 [2026-08-17T07:15:26.761599] Copy [/tmp/buildpacks/17bd89c67d092631/dependencies/e4fe26756e9984a665478d350474fa2e/yarn_1.22.22_linux_noarch_any-stack_b6132b86.tgz] (STDOUT, STG)#
#2026 08 17 07:15:55.892#Z#DEBUG#4a1cb87e-9a0b-11f1-891d-eeee0a87b8c8.oilAndGas_Tracking-db-deployer#flowable-async-job-executor-thread-46005#
[PollExecuteTaskStatusExecution] 52a04f91-d475-434e-9079-0912c2b169f3 [2026-08-17T07:15:27.209188] Installed yarn 1.22.22 (STDOUT, STG)#
#2026 08 17 07:15:55.892#Z#DEBUG#4a1cb87e-9a0b-11f1-891d-eeee0a87b8c8.oilAndGas_Tracking-db-deployer#flowable-async-job-executor-thread-46005#
[PollExecuteTaskStatusExecution] 52a04f91-d475-434e-9079-0912c2b169f3 [2026-08-17T07:15:27.209221] -----> Creating runtime environment (STDOUT, STG)#
#2026 08 17 07:15:55.892#Z#DEBUG#4a1cb87e-9a0b-11f1-891d-eeee0a87b8c8.oilAndGas_Tracking-db-deployer#flowable-async-job-executor-thread-46005#
[PollExecuteTaskStatusExecution] 52a04f91-d475-434e-9079-0912c2b169f3 [2026-08-17T07:15:27.211516] NODE_ENV=production (STDOUT, STG)#
#2026 08 17 07:15:55.892#Z#DEBUG#4a1cb87e-9a0b-11f1-891d-eeee0a87b8c8.oilAndGas_Tracking-db-deployer#flowable-async-job-executor-thread-46005#
[PollExecuteTaskStatusExecution] 52a04f91-d475-434e-9079-0912c2b169f3 [2026-08-17T07:15:27.211558] NODE_HOME=/tmp/contents1689166107/deps/0/node (STDOUT, STG)#
#2026 08 17 07:15:55.892#Z#DEBUG#4a1cb87e-9a0b-11f1-891d-eeee0a87b8c8.oilAndGas_Tracking-db-deployer#flowable-async-job-executor-thread-46005#
[PollExecuteTaskStatusExecution] 52a04f91-d475-434e-9079-0912c2b169f3 [2026-08-17T07:15:27.211569] NODE_MODULES_CACHE=true (STDOUT, STG)#
#2026 08 17 07:15:55.892#Z#DEBUG#4a1cb87e-9a0b-11f1-891d-eeee0a87b8c8.oilAndGas_Tracking-db-deployer#flowable-async-job-executor-thread-46005#
[PollExecuteTaskStatusExecution] 52a04f91-d475-434e-9079-0912c2b169f3 [2026-08-17T07:15:27.211596] NODE_VERBOSE=false (STDOUT, STG)#
#2026 08 17 07:15:55.892#Z#DEBUG#4a1cb87e-9a0b-11f1-891d-eeee0a87b8c8.oilAndGas_Tracking-db-deployer#flowable-async-job-executor-thread-46005#
[PollExecuteTaskStatusExecution] 52a04f91-d475-434e-9079-0912c2b169f3 [2026-08-17T07:15:27.211603] NPM_CONFIG_LOGLEVEL=error (STDOUT, STG)#
#2026 08 17 07:15:55.892#Z#DEBUG#4a1cb87e-9a0b-11f1-891d-eeee0a87b8c8.oilAndGas_Tracking-db-deployer#flowable-async-job-executor-thread-46005#
[PollExecuteTaskStatusExecution] 52a04f91-d475-434e-9079-0912c2b169f3 [2026-08-17T07:15:27.211721] NPM_CONFIG_PRODUCTION=true (STDOUT, STG)#
#2026 08 17 07:15:55.892#Z#DEBUG#4a1cb87e-9a0b-11f1-891d-eeee0a87b8c8.oilAndGas_Tracking-db-deployer#flowable-async-job-executor-thread-46005#
[PollExecuteTaskStatusExecution] 52a04f91-d475-434e-9079-0912c2b169f3 [2026-08-17T07:15:27.211996] -----> Building dependencies (STDOUT, STG)#
#2026 08 17 07:15:55.892#Z#DEBUG#4a1cb87e-9a0b-11f1-891d-eeee0a87b8c8.oilAndGas_Tracking-db-deployer#flowable-async-job-executor-thread-46005#
[PollExecuteTaskStatusExecution] 52a04f91-d475-434e-9079-0912c2b169f3 [2026-08-17T07:15:27.212106] Prebuild detected (node_modules already exists) (STDOUT, STG)#
#2026 08 17 07:15:55.892#Z#DEBUG#4a1cb87e-9a0b-11f1-891d-eeee0a87b8c8.oilAndGas_Tracking-db-deployer#flowable-async-job-executor-thread-46005#
[PollExecuteTaskStatusExecution] 52a04f91-d475-434e-9079-0912c2b169f3 [2026-08-17T07:15:27.212269] Rebuilding any native modules (STDOUT, STG)#
#2026 08 17 07:15:55.892#Z#DEBUG#4a1cb87e-9a0b-11f1-891d-eeee0a87b8c8.oilAndGas_Tracking-db-deployer#flowable-async-job-executor-thread-46005#
[PollExecuteTaskStatusExecution] 52a04f91-d475-434e-9079-0912c2b169f3 [2026-08-17T07:15:27.981879] rebuilt dependencies successfully (STDOUT, STG)#
#2026 08 17 07:15:55.892#Z#DEBUG#4a1cb87e-9a0b-11f1-891d-eeee0a87b8c8.oilAndGas_Tracking-db-deployer#flowable-async-job-executor-thread-46005#
[PollExecuteTaskStatusExecution] 52a04f91-d475-434e-9079-0912c2b169f3 [2026-08-17T07:15:28.057378] Installing any new modules (package.json + package-lock.json) (STDOUT, STG)#
#2026 08 17 07:15:55.892#Z#DEBUG#4a1cb87e-9a0b-11f1-891d-eeee0a87b8c8.oilAndGas_Tracking-db-deployer#flowable-async-job-executor-thread-46005#
[PollExecuteTaskStatusExecution] 52a04f91-d475-434e-9079-0912c2b169f3 [2026-08-17T07:15:28.635437] up to date in 465ms (STDOUT, STG)#
#2026 08 17 07:15:55.892#Z#DEBUG#4a1cb87e-9a0b-11f1-891d-eeee0a87b8c8.oilAndGas_Tracking-db-deployer#flowable-async-job-executor-thread-46005#
[PollExecuteTaskStatusExecution] 52a04f91-d475-434e-9079-0912c2b169f3 [2026-08-17T07:15:28.636128] 4 packages are looking for funding (STDOUT, STG)#
#2026 08 17 07:15:55.892#Z#DEBUG#4a1cb87e-9a0b-11f1-891d-eeee0a87b8c8.oilAndGas_Tracking-db-deployer#flowable-async-job-executor-thread-46005#
[PollExecuteTaskStatusExecution] 52a04f91-d475-434e-9079-0912c2b169f3 [2026-08-17T07:15:28.636323] run `npm fund` for details (STDOUT, STG)#
#2026 08 17 07:15:55.892#Z#DEBUG#4a1cb87e-9a0b-11f1-891d-eeee0a87b8c8.oilAndGas_Tracking-db-deployer#flowable-async-job-executor-thread-46005#
[PollExecuteTaskStatusExecution] 52a04f91-d475-434e-9079-0912c2b169f3 [2026-08-17T07:15:29.431141] Contrast Security no credentials found. Will not write environment files. (STDOUT, STG)#
#2026 08 17 07:15:55.892#Z#DEBUG#4a1cb87e-9a0b-11f1-891d-eeee0a87b8c8.oilAndGas_Tracking-db-deployer#flowable-async-job-executor-thread-46005#
[PollExecuteTaskStatusExecution] 52a04f91-d475-434e-9079-0912c2b169f3 [2026-08-17T07:15:39.270452] Exit status 0 (STDOUT, STG)#
#2026 08 17 07:15:55.892#Z#DEBUG#4a1cb87e-9a0b-11f1-891d-eeee0a87b8c8.oilAndGas_Tracking-db-deployer#flowable-async-job-executor-thread-46005#
[PollExecuteTaskStatusExecution] 52a04f91-d475-434e-9079-0912c2b169f3 [2026-08-17T07:15:39.270570] Uploading droplet, build artifacts cache... (STDOUT, STG)#
#2026 08 17 07:15:55.892#Z#DEBUG#4a1cb87e-9a0b-11f1-891d-eeee0a87b8c8.oilAndGas_Tracking-db-deployer#flowable-async-job-executor-thread-46005#
[PollExecuteTaskStatusExecution] 52a04f91-d475-434e-9079-0912c2b169f3 [2026-08-17T07:15:39.270641] Uploading build artifacts cache... (STDOUT, STG)#
#2026 08 17 07:15:55.892#Z#DEBUG#4a1cb87e-9a0b-11f1-891d-eeee0a87b8c8.oilAndGas_Tracking-db-deployer#flowable-async-job-executor-thread-46005#
[PollExecuteTaskStatusExecution] 52a04f91-d475-434e-9079-0912c2b169f3 [2026-08-17T07:15:39.270725] Uploading droplet... (STDOUT, STG)#
#2026 08 17 07:15:55.892#Z#DEBUG#4a1cb87e-9a0b-11f1-891d-eeee0a87b8c8.oilAndGas_Tracking-db-deployer#flowable-async-job-executor-thread-46005#
[PollExecuteTaskStatusExecution] 52a04f91-d475-434e-9079-0912c2b169f3 [2026-08-17T07:15:39.507461] Uploaded build artifacts cache (224B) (STDOUT, STG)#
#2026 08 17 07:15:55.892#Z#DEBUG#4a1cb87e-9a0b-11f1-891d-eeee0a87b8c8.oilAndGas_Tracking-db-deployer#flowable-async-job-executor-thread-46005#
[PollExecuteTaskStatusExecution] 52a04f91-d475-434e-9079-0912c2b169f3 [2026-08-17T07:15:40.227747] Creating droplet for app with guid 52a04f91-d475-434e-9079-0912c2b169f3 (STDOUT, API)#
#2026 08 17 07:15:55.892#Z#DEBUG#4a1cb87e-9a0b-11f1-891d-eeee0a87b8c8.oilAndGas_Tracking-db-deployer#flowable-async-job-executor-thread-46005#
[PollExecuteTaskStatusExecution] 52a04f91-d475-434e-9079-0912c2b169f3 [2026-08-17T07:15:42.293465] Uploaded droplet (58.6M) (STDOUT, STG)#
#2026 08 17 07:15:55.892#Z#DEBUG#4a1cb87e-9a0b-11f1-891d-eeee0a87b8c8.oilAndGas_Tracking-db-deployer#flowable-async-job-executor-thread-46005#
[PollExecuteTaskStatusExecution] 52a04f91-d475-434e-9079-0912c2b169f3 [2026-08-17T07:15:42.316586] Uploading complete (STDOUT, STG)#
#2026 08 17 07:15:55.892#Z#DEBUG#4a1cb87e-9a0b-11f1-891d-eeee0a87b8c8.oilAndGas_Tracking-db-deployer#flowable-async-job-executor-thread-46005#
[PollExecuteTaskStatusExecution] 52a04f91-d475-434e-9079-0912c2b169f3 [2026-08-17T07:15:42.551878] Cell 77283d80-dfa7-40ba-ba4e-265aef112085 stopping instance 5603b730-9d3d-4c16-a811-b7f6209279b1 (STDOUT, STG)#
#2026 08 17 07:15:55.892#Z#DEBUG#4a1cb87e-9a0b-11f1-891d-eeee0a87b8c8.oilAndGas_Tracking-db-deployer#flowable-async-job-executor-thread-46005#
[PollExecuteTaskStatusExecution] 52a04f91-d475-434e-9079-0912c2b169f3 [2026-08-17T07:15:42.551930] Cell 77283d80-dfa7-40ba-ba4e-265aef112085 destroying container for instance 5603b730-9d3d-4c16-a811-b7f6209279b1 (STDOUT, STG)#
#2026 08 17 07:15:55.892#Z#DEBUG#4a1cb87e-9a0b-11f1-891d-eeee0a87b8c8.oilAndGas_Tracking-db-deployer#flowable-async-job-executor-thread-46005#
[PollExecuteTaskStatusExecution] 52a04f91-d475-434e-9079-0912c2b169f3 [2026-08-17T07:15:42.606397] Staging complete for build 5603b730-9d3d-4c16-a811-b7f6209279b1 (STDOUT, API)#
#2026 08 17 07:15:55.892#Z#DEBUG#4a1cb87e-9a0b-11f1-891d-eeee0a87b8c8.oilAndGas_Tracking-db-deployer#flowable-async-job-executor-thread-46005#
[PollExecuteTaskStatusExecution] 52a04f91-d475-434e-9079-0912c2b169f3 [2026-08-17T07:15:45.873800] Updated app with guid 52a04f91-d475-434e-9079-0912c2b169f3 ({:droplet_guid=>"c28ad9c5-adc4-447f-a6cf-80b6c4212e3f"}) (STDOUT, API)#
#2026 08 17 07:15:55.892#Z#DEBUG#4a1cb87e-9a0b-11f1-891d-eeee0a87b8c8.oilAndGas_Tracking-db-deployer#flowable-async-job-executor-thread-46005#
[PollExecuteTaskStatusExecution] 52a04f91-d475-434e-9079-0912c2b169f3 [2026-08-17T07:15:46.496381] Cell 77283d80-dfa7-40ba-ba4e-265aef112085 successfully destroyed container for instance 5603b730-9d3d-4c16-a811-b7f6209279b1 (STDOUT, STG)#
#2026 08 17 07:15:55.892#Z#DEBUG#4a1cb87e-9a0b-11f1-891d-eeee0a87b8c8.oilAndGas_Tracking-db-deployer#flowable-async-job-executor-thread-46005#
[PollExecuteTaskStatusExecution] 52a04f91-d475-434e-9079-0912c2b169f3 [2026-08-17T07:15:46.668694] Cell 684caff8-89cd-492b-be01-b3d0835f1763 creating container for instance 407de9b8-d0b9-441d-b363-ba187e5bdf1e (STDOUT, CELL)#
#2026 08 17 07:15:55.892#Z#DEBUG#4a1cb87e-9a0b-11f1-891d-eeee0a87b8c8.oilAndGas_Tracking-db-deployer#flowable-async-job-executor-thread-46005#
[PollExecuteTaskStatusExecution] 52a04f91-d475-434e-9079-0912c2b169f3 [2026-08-17T07:15:47.687289] Security group rules were updated (STDOUT, CELL)#
#2026 08 17 07:15:55.892#Z#DEBUG#4a1cb87e-9a0b-11f1-891d-eeee0a87b8c8.oilAndGas_Tracking-db-deployer#flowable-async-job-executor-thread-46005#
[PollExecuteTaskStatusExecution] 52a04f91-d475-434e-9079-0912c2b169f3 [2026-08-17T07:15:47.834368] Cell 684caff8-89cd-492b-be01-b3d0835f1763 successfully created container for instance 407de9b8-d0b9-441d-b363-ba187e5bdf1e (STDOUT, CELL)#
#2026 08 17 07:15:55.892#Z#DEBUG#4a1cb87e-9a0b-11f1-891d-eeee0a87b8c8.oilAndGas_Tracking-db-deployer#flowable-async-job-executor-thread-46005#
[PollExecuteTaskStatusExecution] 52a04f91-d475-434e-9079-0912c2b169f3 [2026-08-17T07:15:52.113294] Invoking pre-start scripts. (STDOUT, APP/TASK/deploy)#
#2026 08 17 07:15:55.892#Z#DEBUG#4a1cb87e-9a0b-11f1-891d-eeee0a87b8c8.oilAndGas_Tracking-db-deployer#flowable-async-job-executor-thread-46005#
[PollExecuteTaskStatusExecution] 52a04f91-d475-434e-9079-0912c2b169f3 [2026-08-17T07:15:52.323360] Invoking start command. (STDOUT, APP/TASK/deploy)#
#2026 08 17 07:15:55.892#Z#DEBUG#4a1cb87e-9a0b-11f1-891d-eeee0a87b8c8.oilAndGas_Tracking-db-deployer#flowable-async-job-executor-thread-46005#
[PollExecuteTaskStatusExecution] 52a04f91-d475-434e-9079-0912c2b169f3 [2026-08-17T07:15:52.808403] > start (STDOUT, APP/TASK/deploy)#
#2026 08 17 07:15:55.892#Z#DEBUG#4a1cb87e-9a0b-11f1-891d-eeee0a87b8c8.oilAndGas_Tracking-db-deployer#flowable-async-job-executor-thread-46005#
[PollExecuteTaskStatusExecution] 52a04f91-d475-434e-9079-0912c2b169f3 [2026-08-17T07:15:52.808434] > node node_modules/@sap/hdi-deploy/deploy.js --use-hdb --parameter com.sap.hana.di.table/try_fast_table_migration=true (STDOUT, APP/TASK/deploy)#
#2026 08 17 07:15:55.892#Z#DEBUG#4a1cb87e-9a0b-11f1-891d-eeee0a87b8c8.oilAndGas_Tracking-db-deployer#flowable-async-job-executor-thread-46005#
[PollExecuteTaskStatusExecution] 52a04f91-d475-434e-9079-0912c2b169f3 [2026-08-17T07:15:52.992789] VCAP_SERVICES: (STDOUT, APP/TASK/deploy)#
#2026 08 17 07:15:55.892#Z#DEBUG#4a1cb87e-9a0b-11f1-891d-eeee0a87b8c8.oilAndGas_Tracking-db-deployer#flowable-async-job-executor-thread-46005#
[PollExecuteTaskStatusExecution] 52a04f91-d475-434e-9079-0912c2b169f3 [2026-08-17T07:15:52.993553] { (STDOUT, APP/TASK/deploy)#
#2026 08 17 07:15:55.892#Z#DEBUG#4a1cb87e-9a0b-11f1-891d-eeee0a87b8c8.oilAndGas_Tracking-db-deployer#flowable-async-job-executor-thread-46005#
[PollExecuteTaskStatusExecution] 52a04f91-d475-434e-9079-0912c2b169f3 [2026-08-17T07:15:52.993578] "hana": [ (STDOUT, APP/TASK/deploy)#
#2026 08 17 07:15:55.892#Z#DEBUG#4a1cb87e-9a0b-11f1-891d-eeee0a87b8c8.oilAndGas_Tracking-db-deployer#flowable-async-job-executor-thread-46005#
[PollExecuteTaskStatusExecution] 52a04f91-d475-434e-9079-0912c2b169f3 [2026-08-17T07:15:52.993585] { (STDOUT, APP/TASK/deploy)#
#2026 08 17 07:15:55.892#Z#DEBUG#4a1cb87e-9a0b-11f1-891d-eeee0a87b8c8.oilAndGas_Tracking-db-deployer#flowable-async-job-executor-thread-46005#
[PollExecuteTaskStatusExecution] 52a04f91-d475-434e-9079-0912c2b169f3 [2026-08-17T07:15:52.993589] "name": "oilAndGas_Tracking-db", (STDOUT, APP/TASK/deploy)#
#2026 08 17 07:15:55.892#Z#DEBUG#4a1cb87e-9a0b-11f1-891d-eeee0a87b8c8.oilAndGas_Tracking-db-deployer#flowable-async-job-executor-thread-46005#
[PollExecuteTaskStatusExecution] 52a04f91-d475-434e-9079-0912c2b169f3 [2026-08-17T07:15:52.993593] "label": "hana", (STDOUT, APP/TASK/deploy)#
#2026 08 17 07:15:55.892#Z#DEBUG#4a1cb87e-9a0b-11f1-891d-eeee0a87b8c8.oilAndGas_Tracking-db-deployer#flowable-async-job-executor-thread-46005#
[PollExecuteTaskStatusExecution] 52a04f91-d475-434e-9079-0912c2b169f3 [2026-08-17T07:15:52.993597] "plan": "hdi-shared", (STDOUT, APP/TASK/deploy)#
#2026 08 17 07:15:55.892#Z#DEBUG#4a1cb87e-9a0b-11f1-891d-eeee0a87b8c8.oilAndGas_Tracking-db-deployer#flowable-async-job-executor-thread-46005#
[PollExecuteTaskStatusExecution] 52a04f91-d475-434e-9079-0912c2b169f3 [2026-08-17T07:15:52.993603] "credentials": { (STDOUT, APP/TASK/deploy)#
#2026 08 17 07:15:55.892#Z#DEBUG#4a1cb87e-9a0b-11f1-891d-eeee0a87b8c8.oilAndGas_Tracking-db-deployer#flowable-async-job-executor-thread-46005#
[PollExecuteTaskStatusExecution] 52a04f91-d475-434e-9079-0912c2b169f3 [2026-08-17T07:15:52.993606] "schema": "40791667CEE24C09B5873EEF41E96EF6", (STDOUT, APP/TASK/deploy)#
#2026 08 17 07:15:55.892#Z#DEBUG#4a1cb87e-9a0b-11f1-891d-eeee0a87b8c8.oilAndGas_Tracking-db-deployer#flowable-async-job-executor-thread-46005#
[PollExecuteTaskStatusExecution] 52a04f91-d475-434e-9079-0912c2b169f3 [2026-08-17T07:15:52.993609] "database_id": "55abdb49-0aef-4fc1-b26c-8c8e4b34c1b6", (STDOUT, APP/TASK/deploy)#
#2026 08 17 07:15:55.892#Z#DEBUG#4a1cb87e-9a0b-11f1-891d-eeee0a87b8c8.oilAndGas_Tracking-db-deployer#flowable-async-job-executor-thread-46005#
[PollExecuteTaskStatusExecution] 52a04f91-d475-434e-9079-0912c2b169f3 [2026-08-17T07:15:52.993612] "user": "40791667CEE24C09B5873EEF41E96EF6_3Y71J3E3M5INKAQ4MHDMKE646_RT", (STDOUT, APP/TASK/deploy)#
#2026 08 17 07:15:55.892#Z#DEBUG#4a1cb87e-9a0b-11f1-891d-eeee0a87b8c8.oilAndGas_Tracking-db-deployer#flowable-async-job-executor-thread-46005#
[PollExecuteTaskStatusExecution] 52a04f91-d475-434e-9079-0912c2b169f3 [2026-08-17T07:15:52.993616] "hdi_user": "40791667CEE24C09B5873EEF41E96EF6_3Y71J3E3M5INKAQ4MHDMKE646_DT" (STDOUT, APP/TASK/deploy)#
#2026 08 17 07:15:55.892#Z#DEBUG#4a1cb87e-9a0b-11f1-891d-eeee0a87b8c8.oilAndGas_Tracking-db-deployer#flowable-async-job-executor-thread-46005#
[PollExecuteTaskStatusExecution] 52a04f91-d475-434e-9079-0912c2b169f3 [2026-08-17T07:15:52.993619] }, (STDOUT, APP/TASK/deploy)#
#2026 08 17 07:15:55.892#Z#DEBUG#4a1cb87e-9a0b-11f1-891d-eeee0a87b8c8.oilAndGas_Tracking-db-deployer#flowable-async-job-executor-thread-46005#
[PollExecuteTaskStatusExecution] 52a04f91-d475-434e-9079-0912c2b169f3 [2026-08-17T07:15:52.993624] "tags": [ (STDOUT, APP/TASK/deploy)#
#2026 08 17 07:15:55.892#Z#DEBUG#4a1cb87e-9a0b-11f1-891d-eeee0a87b8c8.oilAndGas_Tracking-db-deployer#flowable-async-job-executor-thread-46005#
[PollExecuteTaskStatusExecution] 52a04f91-d475-434e-9079-0912c2b169f3 [2026-08-17T07:15:52.993627] "hana", (STDOUT, APP/TASK/deploy)#
#2026 08 17 07:15:55.892#Z#DEBUG#4a1cb87e-9a0b-11f1-891d-eeee0a87b8c8.oilAndGas_Tracking-db-deployer#flowable-async-job-executor-thread-46005#
[PollExecuteTaskStatusExecution] 52a04f91-d475-434e-9079-0912c2b169f3 [2026-08-17T07:15:52.993629] "database", (STDOUT, APP/TASK/deploy)#
#2026 08 17 07:15:55.892#Z#DEBUG#4a1cb87e-9a0b-11f1-891d-eeee0a87b8c8.oilAndGas_Tracking-db-deployer#flowable-async-job-executor-thread-46005#
[PollExecuteTaskStatusExecution] 52a04f91-d475-434e-9079-0912c2b169f3 [2026-08-17T07:15:52.993631] "relational" (STDOUT, APP/TASK/deploy)#
#2026 08 17 07:15:55.892#Z#DEBUG#4a1cb87e-9a0b-11f1-891d-eeee0a87b8c8.oilAndGas_Tracking-db-deployer#flowable-async-job-executor-thread-46005#
[PollExecuteTaskStatusExecution] 52a04f91-d475-434e-9079-0912c2b169f3 [2026-08-17T07:15:52.993637] ] (STDOUT, APP/TASK/deploy)#
#2026 08 17 07:15:55.892#Z#DEBUG#4a1cb87e-9a0b-11f1-891d-eeee0a87b8c8.oilAndGas_Tracking-db-deployer#flowable-async-job-executor-thread-46005#
[PollExecuteTaskStatusExecution] 52a04f91-d475-434e-9079-0912c2b169f3 [2026-08-17T07:15:52.993640] } (STDOUT, APP/TASK/deploy)#
#2026 08 17 07:15:55.892#Z#DEBUG#4a1cb87e-9a0b-11f1-891d-eeee0a87b8c8.oilAndGas_Tracking-db-deployer#flowable-async-job-executor-thread-46005#
[PollExecuteTaskStatusExecution] 52a04f91-d475-434e-9079-0912c2b169f3 [2026-08-17T07:15:52.993643] ] (STDOUT, APP/TASK/deploy)#
#2026 08 17 07:15:55.892#Z#DEBUG#4a1cb87e-9a0b-11f1-891d-eeee0a87b8c8.oilAndGas_Tracking-db-deployer#flowable-async-job-executor-thread-46005#
[PollExecuteTaskStatusExecution] 52a04f91-d475-434e-9079-0912c2b169f3 [2026-08-17T07:15:52.993645] } (STDOUT, APP/TASK/deploy)#
#2026 08 17 07:16:06.697#Z#DEBUG#4a1cb87e-9a0b-11f1-891d-eeee0a87b8c8.oilAndGas_Tracking-db-deployer#flowable-async-job-executor-thread-46008#
[PollExecuteTaskStatusExecution] 52a04f91-d475-434e-9079-0912c2b169f3 [2026-08-17T07:15:57.282538] @sap/hdi-deploy, version 5.7.0 (mode default), server version unknown (0.0.0.0), cloud version , node version 24.15.0, HDI version -1, container API version -1 (STDOUT, APP/TASK/deploy)#
#2026 08 17 07:16:06.697#Z#DEBUG#4a1cb87e-9a0b-11f1-891d-eeee0a87b8c8.oilAndGas_Tracking-db-deployer#flowable-async-job-executor-thread-46008#
[PollExecuteTaskStatusExecution] 52a04f91-d475-434e-9079-0912c2b169f3 [2026-08-17T07:15:57.282574] Deployment started at 2026-08-17 07:15:57 (STDOUT, APP/TASK/deploy)#
#2026 08 17 07:16:06.697#Z#DEBUG#4a1cb87e-9a0b-11f1-891d-eeee0a87b8c8.oilAndGas_Tracking-db-deployer#flowable-async-job-executor-thread-46008#
[PollExecuteTaskStatusExecution] 52a04f91-d475-434e-9079-0912c2b169f3 [2026-08-17T07:15:57.282749] Using hdb@2.29.6 for connection (STDOUT, APP/TASK/deploy)#
#2026 08 17 07:16:06.697#Z#DEBUG#4a1cb87e-9a0b-11f1-891d-eeee0a87b8c8.oilAndGas_Tracking-db-deployer#flowable-async-job-executor-thread-46008#
[PollExecuteTaskStatusExecution] 52a04f91-d475-434e-9079-0912c2b169f3 [2026-08-17T07:15:57.282766] Detection of server version failed; root cause: HANA Database instance is stopped (STDOUT, APP/TASK/deploy)#
#2026 08 17 07:16:06.697#Z#DEBUG#4a1cb87e-9a0b-11f1-891d-eeee0a87b8c8.oilAndGas_Tracking-db-deployer#flowable-async-job-executor-thread-46008#
[PollExecuteTaskStatusExecution] 52a04f91-d475-434e-9079-0912c2b169f3 [2026-08-17T07:15:57.282782] Detection of cloud version failed; root cause: HANA Database instance is stopped (STDOUT, APP/TASK/deploy)#
#2026 08 17 07:16:06.697#Z#DEBUG#4a1cb87e-9a0b-11f1-891d-eeee0a87b8c8.oilAndGas_Tracking-db-deployer#flowable-async-job-executor-thread-46008#
[PollExecuteTaskStatusExecution] 52a04f91-d475-434e-9079-0912c2b169f3 [2026-08-17T07:15:57.282784] Detection of container API version failed; root cause: HANA Database instance is stopped (STDOUT, APP/TASK/deploy)#
#2026 08 17 07:16:06.697#Z#DEBUG#4a1cb87e-9a0b-11f1-891d-eeee0a87b8c8.oilAndGas_Tracking-db-deployer#flowable-async-job-executor-thread-46008#
[PollExecuteTaskStatusExecution] 52a04f91-d475-434e-9079-0912c2b169f3 [2026-08-17T07:15:57.282790] Detection of HDI version failed; root cause: HANA Database instance is stopped (STDOUT, APP/TASK/deploy)#
#2026 08 17 07:16:06.697#Z#DEBUG#4a1cb87e-9a0b-11f1-891d-eeee0a87b8c8.oilAndGas_Tracking-db-deployer#flowable-async-job-executor-thread-46008#
[PollExecuteTaskStatusExecution] 52a04f91-d475-434e-9079-0912c2b169f3 [2026-08-17T07:15:57.283158] Deployment ended at 2026-08-17 07:15:57 (STDOUT, APP/TASK/deploy)#
#2026 08 17 07:16:06.697#Z#DEBUG#4a1cb87e-9a0b-11f1-891d-eeee0a87b8c8.oilAndGas_Tracking-db-deployer#flowable-async-job-executor-thread-46008#
[PollExecuteTaskStatusExecution] 52a04f91-d475-434e-9079-0912c2b169f3 [2026-08-17T07:15:57.283379] Error: Option parameter is not supported by the server; based on detected server version unknown (STDERR, APP/TASK/deploy)#
#2026 08 17 07:16:06.697#Z#DEBUG#4a1cb87e-9a0b-11f1-891d-eeee0a87b8c8.oilAndGas_Tracking-db-deployer#flowable-async-job-executor-thread-46008#
[PollExecuteTaskStatusExecution] 52a04f91-d475-434e-9079-0912c2b169f3 [2026-08-17T07:15:57.283552] (4s 415ms) (STDOUT, APP/TASK/deploy)#
#2026 08 17 07:16:06.697#Z#DEBUG#4a1cb87e-9a0b-11f1-891d-eeee0a87b8c8.oilAndGas_Tracking-db-deployer#flowable-async-job-executor-thread-46008#
[PollExecuteTaskStatusExecution] 52a04f91-d475-434e-9079-0912c2b169f3 [2026-08-17T07:15:57.300717] npm notice (STDERR, APP/TASK/deploy)#
#2026 08 17 07:16:06.697#Z#DEBUG#4a1cb87e-9a0b-11f1-891d-eeee0a87b8c8.oilAndGas_Tracking-db-deployer#flowable-async-job-executor-thread-46008#
[PollExecuteTaskStatusExecution] 52a04f91-d475-434e-9079-0912c2b169f3 [2026-08-17T07:15:57.300749] npm notice New major version of npm available! 11.12.1 -> 12.0.2 (STDERR, APP/TASK/deploy)#
#2026 08 17 07:16:06.697#Z#DEBUG#4a1cb87e-9a0b-11f1-891d-eeee0a87b8c8.oilAndGas_Tracking-db-deployer#flowable-async-job-executor-thread-46008#
[PollExecuteTaskStatusExecution] 52a04f91-d475-434e-9079-0912c2b169f3 [2026-08-17T07:15:57.300758] npm notice Changelog: https://github.com/npm/cli/releases/tag/v12.0.2 (STDERR, APP/TASK/deploy)#
#2026 08 17 07:16:06.697#Z#DEBUG#4a1cb87e-9a0b-11f1-891d-eeee0a87b8c8.oilAndGas_Tracking-db-deployer#flowable-async-job-executor-thread-46008#
[PollExecuteTaskStatusExecution] 52a04f91-d475-434e-9079-0912c2b169f3 [2026-08-17T07:15:57.300761] npm notice To update run: npm install -g npm@12.0.2 (STDERR, APP/TASK/deploy)#
#2026 08 17 07:16:06.697#Z#DEBUG#4a1cb87e-9a0b-11f1-891d-eeee0a87b8c8.oilAndGas_Tracking-db-deployer#flowable-async-job-executor-thread-46008#
[PollExecuteTaskStatusExecution] 52a04f91-d475-434e-9079-0912c2b169f3 [2026-08-17T07:15:57.300763] npm notice (STDERR, APP/TASK/deploy)#
#2026 08 17 07:16:06.697#Z#DEBUG#4a1cb87e-9a0b-11f1-891d-eeee0a87b8c8.oilAndGas_Tracking-db-deployer#flowable-async-job-executor-thread-46008#
[PollExecuteTaskStatusExecution] 52a04f91-d475-434e-9079-0912c2b169f3 [2026-08-17T07:15:57.387319] Exit status 1 (STDOUT, APP/TASK/deploy)#
#2026 08 17 07:16:06.697#Z#DEBUG#4a1cb87e-9a0b-11f1-891d-eeee0a87b8c8.oilAndGas_Tracking-db-deployer#flowable-async-job-executor-thread-46008#
[PollExecuteTaskStatusExecution] 52a04f91-d475-434e-9079-0912c2b169f3 [2026-08-17T07:15:58.075134] Cell 684caff8-89cd-492b-be01-b3d0835f1763 stopping instance 407de9b8-d0b9-441d-b363-ba187e5bdf1e (STDOUT, CELL)#
#2026 08 17 07:16:06.697#Z#DEBUG#4a1cb87e-9a0b-11f1-891d-eeee0a87b8c8.oilAndGas_Tracking-db-deployer#flowable-async-job-executor-thread-46008#
[PollExecuteTaskStatusExecution] 52a04f91-d475-434e-9079-0912c2b169f3 [2026-08-17T07:15:58.075164] Cell 684caff8-89cd-492b-be01-b3d0835f1763 destroying container for instance 407de9b8-d0b9-441d-b363-ba187e5bdf1e (STDOUT, CELL)#
#2026 08 17 07:16:06.697#Z#DEBUG#4a1cb87e-9a0b-11f1-891d-eeee0a87b8c8.oilAndGas_Tracking-db-deployer#flowable-async-job-executor-thread-46008#
[PollExecuteTaskStatusExecution] 52a04f91-d475-434e-9079-0912c2b169f3 [2026-08-17T07:16:00.040923] Cell 684caff8-89cd-492b-be01-b3d0835f1763 successfully destroyed container for instance 407de9b8-d0b9-441d-b363-ba187e5bdf1e (STDOUT, CELL)#
#2026 08 17 07:16:17.391#Z#DEBUG#4a1cb87e-9a0b-11f1-891d-eeee0a87b8c8.oilAndGas_Tracking-db-deployer#flowable-async-job-executor-thread-46012#
[PollExecuteTaskStatusExecution] 52a04f91-d475-434e-9079-0912c2b169f3 [2026-08-17T07:15:57.282538] @sap/hdi-deploy, version 5.7.0 (mode default), server version unknown (0.0.0.0), cloud version , node version 24.15.0, HDI version -1, container API version -1 (STDOUT, APP/TASK/deploy)#
#2026 08 17 07:16:17.391#Z#DEBUG#4a1cb87e-9a0b-11f1-891d-eeee0a87b8c8.oilAndGas_Tracking-db-deployer#flowable-async-job-executor-thread-46012#
[PollExecuteTaskStatusExecution] 52a04f91-d475-434e-9079-0912c2b169f3 [2026-08-17T07:15:57.282574] Deployment started at 2026-08-17 07:15:57 (STDOUT, APP/TASK/deploy)#
#2026 08 17 07:16:17.391#Z#DEBUG#4a1cb87e-9a0b-11f1-891d-eeee0a87b8c8.oilAndGas_Tracking-db-deployer#flowable-async-job-executor-thread-46012#
[PollExecuteTaskStatusExecution] 52a04f91-d475-434e-9079-0912c2b169f3 [2026-08-17T07:15:57.282749] Using hdb@2.29.6 for connection (STDOUT, APP/TASK/deploy)#
#2026 08 17 07:16:17.391#Z#DEBUG#4a1cb87e-9a0b-11f1-891d-eeee0a87b8c8.oilAndGas_Tracking-db-deployer#flowable-async-job-executor-thread-46012#
[PollExecuteTaskStatusExecution] 52a04f91-d475-434e-9079-0912c2b169f3 [2026-08-17T07:15:57.282766] Detection of server version failed; root cause: HANA Database instance is stopped (STDOUT, APP/TASK/deploy)#
#2026 08 17 07:16:17.391#Z#DEBUG#4a1cb87e-9a0b-11f1-891d-eeee0a87b8c8.oilAndGas_Tracking-db-deployer#flowable-async-job-executor-thread-46012#
[PollExecuteTaskStatusExecution] 52a04f91-d475-434e-9079-0912c2b169f3 [2026-08-17T07:15:57.282782] Detection of cloud version failed; root cause: HANA Database instance is stopped (STDOUT, APP/TASK/deploy)#
#2026 08 17 07:16:17.391#Z#DEBUG#4a1cb87e-9a0b-11f1-891d-eeee0a87b8c8.oilAndGas_Tracking-db-deployer#flowable-async-job-executor-thread-46012#
[PollExecuteTaskStatusExecution] 52a04f91-d475-434e-9079-0912c2b169f3 [2026-08-17T07:15:57.282784] Detection of container API version failed; root cause: HANA Database instance is stopped (STDOUT, APP/TASK/deploy)#
#2026 08 17 07:16:17.391#Z#DEBUG#4a1cb87e-9a0b-11f1-891d-eeee0a87b8c8.oilAndGas_Tracking-db-deployer#flowable-async-job-executor-thread-46012#
[PollExecuteTaskStatusExecution] 52a04f91-d475-434e-9079-0912c2b169f3 [2026-08-17T07:15:57.282790] Detection of HDI version failed; root cause: HANA Database instance is stopped (STDOUT, APP/TASK/deploy)#
#2026 08 17 07:16:17.391#Z#DEBUG#4a1cb87e-9a0b-11f1-891d-eeee0a87b8c8.oilAndGas_Tracking-db-deployer#flowable-async-job-executor-thread-46012#
[PollExecuteTaskStatusExecution] 52a04f91-d475-434e-9079-0912c2b169f3 [2026-08-17T07:15:57.283158] Deployment ended at 2026-08-17 07:15:57 (STDOUT, APP/TASK/deploy)#
#2026 08 17 07:16:17.391#Z#DEBUG#4a1cb87e-9a0b-11f1-891d-eeee0a87b8c8.oilAndGas_Tracking-db-deployer#flowable-async-job-executor-thread-46012#
[PollExecuteTaskStatusExecution] 52a04f91-d475-434e-9079-0912c2b169f3 [2026-08-17T07:15:57.283379] Error: Option parameter is not supported by the server; based on detected server version unknown (STDERR, APP/TASK/deploy)#
#2026 08 17 07:16:17.391#Z#DEBUG#4a1cb87e-9a0b-11f1-891d-eeee0a87b8c8.oilAndGas_Tracking-db-deployer#flowable-async-job-executor-thread-46012#
[PollExecuteTaskStatusExecution] 52a04f91-d475-434e-9079-0912c2b169f3 [2026-08-17T07:15:57.283552] (4s 415ms) (STDOUT, APP/TASK/deploy)#
#2026 08 17 07:16:17.391#Z#DEBUG#4a1cb87e-9a0b-11f1-891d-eeee0a87b8c8.oilAndGas_Tracking-db-deployer#flowable-async-job-executor-thread-46012#
[PollExecuteTaskStatusExecution] 52a04f91-d475-434e-9079-0912c2b169f3 [2026-08-17T07:15:57.300717] npm notice (STDERR, APP/TASK/deploy)#
#2026 08 17 07:16:17.391#Z#DEBUG#4a1cb87e-9a0b-11f1-891d-eeee0a87b8c8.oilAndGas_Tracking-db-deployer#flowable-async-job-executor-thread-46012#
[PollExecuteTaskStatusExecution] 52a04f91-d475-434e-9079-0912c2b169f3 [2026-08-17T07:15:57.300749] npm notice New major version of npm available! 11.12.1 -> 12.0.2 (STDERR, APP/TASK/deploy)#
#2026 08 17 07:16:17.391#Z#DEBUG#4a1cb87e-9a0b-11f1-891d-eeee0a87b8c8.oilAndGas_Tracking-db-deployer#flowable-async-job-executor-thread-46012#
[PollExecuteTaskStatusExecution] 52a04f91-d475-434e-9079-0912c2b169f3 [2026-08-17T07:15:57.300758] npm notice Changelog: https://github.com/npm/cli/releases/tag/v12.0.2 (STDERR, APP/TASK/deploy)#
#2026 08 17 07:16:17.391#Z#DEBUG#4a1cb87e-9a0b-11f1-891d-eeee0a87b8c8.oilAndGas_Tracking-db-deployer#flowable-async-job-executor-thread-46012#
[PollExecuteTaskStatusExecution] 52a04f91-d475-434e-9079-0912c2b169f3 [2026-08-17T07:15:57.300761] npm notice To update run: npm install -g npm@12.0.2 (STDERR, APP/TASK/deploy)#
#2026 08 17 07:16:17.391#Z#DEBUG#4a1cb87e-9a0b-11f1-891d-eeee0a87b8c8.oilAndGas_Tracking-db-deployer#flowable-async-job-executor-thread-46012#
[PollExecuteTaskStatusExecution] 52a04f91-d475-434e-9079-0912c2b169f3 [2026-08-17T07:15:57.300763] npm notice (STDERR, APP/TASK/deploy)#
#2026 08 17 07:16:17.391#Z#DEBUG#4a1cb87e-9a0b-11f1-891d-eeee0a87b8c8.oilAndGas_Tracking-db-deployer#flowable-async-job-executor-thread-46012#
[PollExecuteTaskStatusExecution] 52a04f91-d475-434e-9079-0912c2b169f3 [2026-08-17T07:15:57.387319] Exit status 1 (STDOUT, APP/TASK/deploy)#
#2026 08 17 07:16:17.391#Z#DEBUG#4a1cb87e-9a0b-11f1-891d-eeee0a87b8c8.oilAndGas_Tracking-db-deployer#flowable-async-job-executor-thread-46012#
[PollExecuteTaskStatusExecution] 52a04f91-d475-434e-9079-0912c2b169f3 [2026-08-17T07:15:58.075134] Cell 684caff8-89cd-492b-be01-b3d0835f1763 stopping instance 407de9b8-d0b9-441d-b363-ba187e5bdf1e (STDOUT, CELL)#
#2026 08 17 07:16:17.391#Z#DEBUG#4a1cb87e-9a0b-11f1-891d-eeee0a87b8c8.oilAndGas_Tracking-db-deployer#flowable-async-job-executor-thread-46012#
[PollExecuteTaskStatusExecution] 52a04f91-d475-434e-9079-0912c2b169f3 [2026-08-17T07:15:58.075164] Cell 684caff8-89cd-492b-be01-b3d0835f1763 destroying container for instance 407de9b8-d0b9-441d-b363-ba187e5bdf1e (STDOUT, CELL)#
#2026 08 17 07:16:17.391#Z#DEBUG#4a1cb87e-9a0b-11f1-891d-eeee0a87b8c8.oilAndGas_Tracking-db-deployer#flowable-async-job-executor-thread-46012#
[PollExecuteTaskStatusExecution] 52a04f91-d475-434e-9079-0912c2b169f3 [2026-08-17T07:16:00.040923] Cell 684caff8-89cd-492b-be01-b3d0835f1763 successfully destroyed container for instance 407de9b8-d0b9-441d-b363-ba187e5bdf1e (STDOUT, CELL)#
#2026 08 17 07:16:17.391#Z#DEBUG#4a1cb87e-9a0b-11f1-891d-eeee0a87b8c8.oilAndGas_Tracking-db-deployer#flowable-async-job-executor-thread-46012#
[PollExecuteTaskStatusExecution] 52a04f91-d475-434e-9079-0912c2b169f3 [2026-08-17T07:16:08.248602] Cell d1cc041a-d5a1-41d6-b9f6-6cda736ce3f0 creating container for instance 65d4f4a5-ef6b-40ef-a608-42dcaed3ca37 (STDOUT, CELL)#
#2026 08 17 07:16:17.391#Z#DEBUG#4a1cb87e-9a0b-11f1-891d-eeee0a87b8c8.oilAndGas_Tracking-db-deployer#flowable-async-job-executor-thread-46012#
[PollExecuteTaskStatusExecution] 52a04f91-d475-434e-9079-0912c2b169f3 [2026-08-17T07:16:08.941172] Security group rules were updated (STDOUT, CELL)#
#2026 08 17 07:16:17.391#Z#DEBUG#4a1cb87e-9a0b-11f1-891d-eeee0a87b8c8.oilAndGas_Tracking-db-deployer#flowable-async-job-executor-thread-46012#
[PollExecuteTaskStatusExecution] 52a04f91-d475-434e-9079-0912c2b169f3 [2026-08-17T07:16:09.046086] Cell d1cc041a-d5a1-41d6-b9f6-6cda736ce3f0 successfully created container for instance 65d4f4a5-ef6b-40ef-a608-42dcaed3ca37 (STDOUT, CELL)#
#2026 08 17 07:16:17.391#Z#DEBUG#4a1cb87e-9a0b-11f1-891d-eeee0a87b8c8.oilAndGas_Tracking-db-deployer#flowable-async-job-executor-thread-46012#
[PollExecuteTaskStatusExecution] 52a04f91-d475-434e-9079-0912c2b169f3 [2026-08-17T07:16:13.602351] Invoking pre-start scripts. (STDOUT, APP/TASK/deploy)#
#2026 08 17 07:16:17.391#Z#DEBUG#4a1cb87e-9a0b-11f1-891d-eeee0a87b8c8.oilAndGas_Tracking-db-deployer#flowable-async-job-executor-thread-46012#
[PollExecuteTaskStatusExecution] 52a04f91-d475-434e-9079-0912c2b169f3 [2026-08-17T07:16:13.805960] Invoking start command. (STDOUT, APP/TASK/deploy)#
#2026 08 17 07:16:17.391#Z#DEBUG#4a1cb87e-9a0b-11f1-891d-eeee0a87b8c8.oilAndGas_Tracking-db-deployer#flowable-async-job-executor-thread-46012#
[PollExecuteTaskStatusExecution] 52a04f91-d475-434e-9079-0912c2b169f3 [2026-08-17T07:16:14.249505] > start (STDOUT, APP/TASK/deploy)#
#2026 08 17 07:16:17.391#Z#DEBUG#4a1cb87e-9a0b-11f1-891d-eeee0a87b8c8.oilAndGas_Tracking-db-deployer#flowable-async-job-executor-thread-46012#
[PollExecuteTaskStatusExecution] 52a04f91-d475-434e-9079-0912c2b169f3 [2026-08-17T07:16:14.249536] > node node_modules/@sap/hdi-deploy/deploy.js --use-hdb --parameter com.sap.hana.di.table/try_fast_table_migration=true (STDOUT, APP/TASK/deploy)#
#2026 08 17 07:16:17.391#Z#DEBUG#4a1cb87e-9a0b-11f1-891d-eeee0a87b8c8.oilAndGas_Tracking-db-deployer#flowable-async-job-executor-thread-46012#
[PollExecuteTaskStatusExecution] 52a04f91-d475-434e-9079-0912c2b169f3 [2026-08-17T07:16:14.396502] VCAP_SERVICES: (STDOUT, APP/TASK/deploy)#
#2026 08 17 07:16:17.391#Z#DEBUG#4a1cb87e-9a0b-11f1-891d-eeee0a87b8c8.oilAndGas_Tracking-db-deployer#flowable-async-job-executor-thread-46012#
[PollExecuteTaskStatusExecution] 52a04f91-d475-434e-9079-0912c2b169f3 [2026-08-17T07:16:14.397186] { (STDOUT, APP/TASK/deploy)#
#2026 08 17 07:16:17.391#Z#DEBUG#4a1cb87e-9a0b-11f1-891d-eeee0a87b8c8.oilAndGas_Tracking-db-deployer#flowable-async-job-executor-thread-46012#
[PollExecuteTaskStatusExecution] 52a04f91-d475-434e-9079-0912c2b169f3 [2026-08-17T07:16:14.397204] "hana": [ (STDOUT, APP/TASK/deploy)#
#2026 08 17 07:16:17.391#Z#DEBUG#4a1cb87e-9a0b-11f1-891d-eeee0a87b8c8.oilAndGas_Tracking-db-deployer#flowable-async-job-executor-thread-46012#
[PollExecuteTaskStatusExecution] 52a04f91-d475-434e-9079-0912c2b169f3 [2026-08-17T07:16:14.397207] { (STDOUT, APP/TASK/deploy)#
#2026 08 17 07:16:17.391#Z#DEBUG#4a1cb87e-9a0b-11f1-891d-eeee0a87b8c8.oilAndGas_Tracking-db-deployer#flowable-async-job-executor-thread-46012#
[PollExecuteTaskStatusExecution] 52a04f91-d475-434e-9079-0912c2b169f3 [2026-08-17T07:16:14.397212] "name": "oilAndGas_Tracking-db", (STDOUT, APP/TASK/deploy)#
#2026 08 17 07:16:17.391#Z#DEBUG#4a1cb87e-9a0b-11f1-891d-eeee0a87b8c8.oilAndGas_Tracking-db-deployer#flowable-async-job-executor-thread-46012#
[PollExecuteTaskStatusExecution] 52a04f91-d475-434e-9079-0912c2b169f3 [2026-08-17T07:16:14.397215] "label": "hana", (STDOUT, APP/TASK/deploy)#
#2026 08 17 07:16:17.391#Z#DEBUG#4a1cb87e-9a0b-11f1-891d-eeee0a87b8c8.oilAndGas_Tracking-db-deployer#flowable-async-job-executor-thread-46012#
[PollExecuteTaskStatusExecution] 52a04f91-d475-434e-9079-0912c2b169f3 [2026-08-17T07:16:14.397218] "plan": "hdi-shared", (STDOUT, APP/TASK/deploy)#
#2026 08 17 07:16:17.391#Z#DEBUG#4a1cb87e-9a0b-11f1-891d-eeee0a87b8c8.oilAndGas_Tracking-db-deployer#flowable-async-job-executor-thread-46012#
[PollExecuteTaskStatusExecution] 52a04f91-d475-434e-9079-0912c2b169f3 [2026-08-17T07:16:14.397221] "credentials": { (STDOUT, APP/TASK/deploy)#
#2026 08 17 07:16:17.391#Z#DEBUG#4a1cb87e-9a0b-11f1-891d-eeee0a87b8c8.oilAndGas_Tracking-db-deployer#flowable-async-job-executor-thread-46012#
[PollExecuteTaskStatusExecution] 52a04f91-d475-434e-9079-0912c2b169f3 [2026-08-17T07:16:14.397223] "schema": "40791667CEE24C09B5873EEF41E96EF6", (STDOUT, APP/TASK/deploy)#
#2026 08 17 07:16:17.391#Z#DEBUG#4a1cb87e-9a0b-11f1-891d-eeee0a87b8c8.oilAndGas_Tracking-db-deployer#flowable-async-job-executor-thread-46012#
[PollExecuteTaskStatusExecution] 52a04f91-d475-434e-9079-0912c2b169f3 [2026-08-17T07:16:14.397226] "database_id": "55abdb49-0aef-4fc1-b26c-8c8e4b34c1b6", (STDOUT, APP/TASK/deploy)#
#2026 08 17 07:16:17.391#Z#DEBUG#4a1cb87e-9a0b-11f1-891d-eeee0a87b8c8.oilAndGas_Tracking-db-deployer#flowable-async-job-executor-thread-46012#
[PollExecuteTaskStatusExecution] 52a04f91-d475-434e-9079-0912c2b169f3 [2026-08-17T07:16:14.397230] "user": "40791667CEE24C09B5873EEF41E96EF6_3Y71J3E3M5INKAQ4MHDMKE646_RT", (STDOUT, APP/TASK/deploy)#
#2026 08 17 07:16:17.391#Z#DEBUG#4a1cb87e-9a0b-11f1-891d-eeee0a87b8c8.oilAndGas_Tracking-db-deployer#flowable-async-job-executor-thread-46012#
[PollExecuteTaskStatusExecution] 52a04f91-d475-434e-9079-0912c2b169f3 [2026-08-17T07:16:14.397233] "hdi_user": "40791667CEE24C09B5873EEF41E96EF6_3Y71J3E3M5INKAQ4MHDMKE646_DT" (STDOUT, APP/TASK/deploy)#
#2026 08 17 07:16:17.391#Z#DEBUG#4a1cb87e-9a0b-11f1-891d-eeee0a87b8c8.oilAndGas_Tracking-db-deployer#flowable-async-job-executor-thread-46012#
[PollExecuteTaskStatusExecution] 52a04f91-d475-434e-9079-0912c2b169f3 [2026-08-17T07:16:14.397239] }, (STDOUT, APP/TASK/deploy)#
#2026 08 17 07:16:17.391#Z#DEBUG#4a1cb87e-9a0b-11f1-891d-eeee0a87b8c8.oilAndGas_Tracking-db-deployer#flowable-async-job-executor-thread-46012#
[PollExecuteTaskStatusExecution] 52a04f91-d475-434e-9079-0912c2b169f3 [2026-08-17T07:16:14.397240] "tags": [ (STDOUT, APP/TASK/deploy)#
#2026 08 17 07:16:17.391#Z#DEBUG#4a1cb87e-9a0b-11f1-891d-eeee0a87b8c8.oilAndGas_Tracking-db-deployer#flowable-async-job-executor-thread-46012#
[PollExecuteTaskStatusExecution] 52a04f91-d475-434e-9079-0912c2b169f3 [2026-08-17T07:16:14.397242] "hana", (STDOUT, APP/TASK/deploy)#
#2026 08 17 07:16:17.391#Z#DEBUG#4a1cb87e-9a0b-11f1-891d-eeee0a87b8c8.oilAndGas_Tracking-db-deployer#flowable-async-job-executor-thread-46012#
[PollExecuteTaskStatusExecution] 52a04f91-d475-434e-9079-0912c2b169f3 [2026-08-17T07:16:14.397245] "database", (STDOUT, APP/TASK/deploy)#
#2026 08 17 07:16:17.391#Z#DEBUG#4a1cb87e-9a0b-11f1-891d-eeee0a87b8c8.oilAndGas_Tracking-db-deployer#flowable-async-job-executor-thread-46012#
[PollExecuteTaskStatusExecution] 52a04f91-d475-434e-9079-0912c2b169f3 [2026-08-17T07:16:14.397246] "relational" (STDOUT, APP/TASK/deploy)#
#2026 08 17 07:16:17.391#Z#DEBUG#4a1cb87e-9a0b-11f1-891d-eeee0a87b8c8.oilAndGas_Tracking-db-deployer#flowable-async-job-executor-thread-46012#
[PollExecuteTaskStatusExecution] 52a04f91-d475-434e-9079-0912c2b169f3 [2026-08-17T07:16:14.397248] ] (STDOUT, APP/TASK/deploy)#
#2026 08 17 07:16:17.391#Z#DEBUG#4a1cb87e-9a0b-11f1-891d-eeee0a87b8c8.oilAndGas_Tracking-db-deployer#flowable-async-job-executor-thread-46012#
[PollExecuteTaskStatusExecution] 52a04f91-d475-434e-9079-0912c2b169f3 [2026-08-17T07:16:14.397250] } (STDOUT, APP/TASK/deploy)#
#2026 08 17 07:16:17.391#Z#DEBUG#4a1cb87e-9a0b-11f1-891d-eeee0a87b8c8.oilAndGas_Tracking-db-deployer#flowable-async-job-executor-thread-46012#
[PollExecuteTaskStatusExecution] 52a04f91-d475-434e-9079-0912c2b169f3 [2026-08-17T07:16:14.397252] ] (STDOUT, APP/TASK/deploy)#
#2026 08 17 07:16:17.391#Z#DEBUG#4a1cb87e-9a0b-11f1-891d-eeee0a87b8c8.oilAndGas_Tracking-db-deployer#flowable-async-job-executor-thread-46012#
[PollExecuteTaskStatusExecution] 52a04f91-d475-434e-9079-0912c2b169f3 [2026-08-17T07:16:14.397254] } (STDOUT, APP/TASK/deploy)#
#2026 08 17 07:16:27.867#Z#DEBUG#4a1cb87e-9a0b-11f1-891d-eeee0a87b8c8.oilAndGas_Tracking-db-deployer#flowable-async-job-executor-thread-46019#
[PollExecuteTaskStatusExecution] 52a04f91-d475-434e-9079-0912c2b169f3 [2026-08-17T07:16:18.663113] @sap/hdi-deploy, version 5.7.0 (mode default), server version unknown (0.0.0.0), cloud version , node version 24.15.0, HDI version -1, container API version -1 (STDOUT, APP/TASK/deploy)#
#2026 08 17 07:16:27.867#Z#DEBUG#4a1cb87e-9a0b-11f1-891d-eeee0a87b8c8.oilAndGas_Tracking-db-deployer#flowable-async-job-executor-thread-46019#
[PollExecuteTaskStatusExecution] 52a04f91-d475-434e-9079-0912c2b169f3 [2026-08-17T07:16:18.663240] Deployment started at 2026-08-17 07:16:18 (STDOUT, APP/TASK/deploy)#
#2026 08 17 07:16:27.867#Z#DEBUG#4a1cb87e-9a0b-11f1-891d-eeee0a87b8c8.oilAndGas_Tracking-db-deployer#flowable-async-job-executor-thread-46019#
[PollExecuteTaskStatusExecution] 52a04f91-d475-434e-9079-0912c2b169f3 [2026-08-17T07:16:18.663421] Using hdb@2.29.6 for connection (STDOUT, APP/TASK/deploy)#
#2026 08 17 07:16:27.867#Z#DEBUG#4a1cb87e-9a0b-11f1-891d-eeee0a87b8c8.oilAndGas_Tracking-db-deployer#flowable-async-job-executor-thread-46019#
[PollExecuteTaskStatusExecution] 52a04f91-d475-434e-9079-0912c2b169f3 [2026-08-17T07:16:18.663501] Detection of server version failed; root cause: HANA Database instance is stopped (STDOUT, APP/TASK/deploy)#
#2026 08 17 07:16:27.867#Z#DEBUG#4a1cb87e-9a0b-11f1-891d-eeee0a87b8c8.oilAndGas_Tracking-db-deployer#flowable-async-job-executor-thread-46019#
[PollExecuteTaskStatusExecution] 52a04f91-d475-434e-9079-0912c2b169f3 [2026-08-17T07:16:18.663573] Detection of cloud version failed; root cause: HANA Database instance is stopped (STDOUT, APP/TASK/deploy)#
#2026 08 17 07:16:27.867#Z#DEBUG#4a1cb87e-9a0b-11f1-891d-eeee0a87b8c8.oilAndGas_Tracking-db-deployer#flowable-async-job-executor-thread-46019#
[PollExecuteTaskStatusExecution] 52a04f91-d475-434e-9079-0912c2b169f3 [2026-08-17T07:16:18.663640] Detection of container API version failed; root cause: HANA Database instance is stopped (STDOUT, APP/TASK/deploy)#
#2026 08 17 07:16:27.867#Z#DEBUG#4a1cb87e-9a0b-11f1-891d-eeee0a87b8c8.oilAndGas_Tracking-db-deployer#flowable-async-job-executor-thread-46019#
[PollExecuteTaskStatusExecution] 52a04f91-d475-434e-9079-0912c2b169f3 [2026-08-17T07:16:18.663777] Detection of HDI version failed; root cause: HANA Database instance is stopped (STDOUT, APP/TASK/deploy)#
#2026 08 17 07:16:27.867#Z#DEBUG#4a1cb87e-9a0b-11f1-891d-eeee0a87b8c8.oilAndGas_Tracking-db-deployer#flowable-async-job-executor-thread-46019#
[PollExecuteTaskStatusExecution] 52a04f91-d475-434e-9079-0912c2b169f3 [2026-08-17T07:16:18.664119] Deployment ended at 2026-08-17 07:16:18 (STDOUT, APP/TASK/deploy)#
#2026 08 17 07:16:27.867#Z#DEBUG#4a1cb87e-9a0b-11f1-891d-eeee0a87b8c8.oilAndGas_Tracking-db-deployer#flowable-async-job-executor-thread-46019#
[PollExecuteTaskStatusExecution] 52a04f91-d475-434e-9079-0912c2b169f3 [2026-08-17T07:16:18.664302] Error: Option parameter is not supported by the server; based on detected server version unknown (STDERR, APP/TASK/deploy)#
#2026 08 17 07:16:27.867#Z#DEBUG#4a1cb87e-9a0b-11f1-891d-eeee0a87b8c8.oilAndGas_Tracking-db-deployer#flowable-async-job-executor-thread-46019#
[PollExecuteTaskStatusExecution] 52a04f91-d475-434e-9079-0912c2b169f3 [2026-08-17T07:16:18.664491] (4s 370ms) (STDOUT, APP/TASK/deploy)#
#2026 08 17 07:16:27.867#Z#DEBUG#4a1cb87e-9a0b-11f1-891d-eeee0a87b8c8.oilAndGas_Tracking-db-deployer#flowable-async-job-executor-thread-46019#
[PollExecuteTaskStatusExecution] 52a04f91-d475-434e-9079-0912c2b169f3 [2026-08-17T07:16:18.679540] npm notice (STDERR, APP/TASK/deploy)#
#2026 08 17 07:16:27.867#Z#DEBUG#4a1cb87e-9a0b-11f1-891d-eeee0a87b8c8.oilAndGas_Tracking-db-deployer#flowable-async-job-executor-thread-46019#
[PollExecuteTaskStatusExecution] 52a04f91-d475-434e-9079-0912c2b169f3 [2026-08-17T07:16:18.679570] npm notice New major version of npm available! 11.12.1 -> 12.0.2 (STDERR, APP/TASK/deploy)#
#2026 08 17 07:16:27.867#Z#DEBUG#4a1cb87e-9a0b-11f1-891d-eeee0a87b8c8.oilAndGas_Tracking-db-deployer#flowable-async-job-executor-thread-46019#
[PollExecuteTaskStatusExecution] 52a04f91-d475-434e-9079-0912c2b169f3 [2026-08-17T07:16:18.679575] npm notice Changelog: https://github.com/npm/cli/releases/tag/v12.0.2 (STDERR, APP/TASK/deploy)#
#2026 08 17 07:16:27.867#Z#DEBUG#4a1cb87e-9a0b-11f1-891d-eeee0a87b8c8.oilAndGas_Tracking-db-deployer#flowable-async-job-executor-thread-46019#
[PollExecuteTaskStatusExecution] 52a04f91-d475-434e-9079-0912c2b169f3 [2026-08-17T07:16:18.679578] npm notice To update run: npm install -g npm@12.0.2 (STDERR, APP/TASK/deploy)#
#2026 08 17 07:16:27.867#Z#DEBUG#4a1cb87e-9a0b-11f1-891d-eeee0a87b8c8.oilAndGas_Tracking-db-deployer#flowable-async-job-executor-thread-46019#
[PollExecuteTaskStatusExecution] 52a04f91-d475-434e-9079-0912c2b169f3 [2026-08-17T07:16:18.679580] npm notice (STDERR, APP/TASK/deploy)#
#2026 08 17 07:16:27.867#Z#DEBUG#4a1cb87e-9a0b-11f1-891d-eeee0a87b8c8.oilAndGas_Tracking-db-deployer#flowable-async-job-executor-thread-46019#
[PollExecuteTaskStatusExecution] 52a04f91-d475-434e-9079-0912c2b169f3 [2026-08-17T07:16:18.762077] Exit status 1 (STDOUT, APP/TASK/deploy)#
#2026 08 17 07:16:27.867#Z#DEBUG#4a1cb87e-9a0b-11f1-891d-eeee0a87b8c8.oilAndGas_Tracking-db-deployer#flowable-async-job-executor-thread-46019#
[PollExecuteTaskStatusExecution] 52a04f91-d475-434e-9079-0912c2b169f3 [2026-08-17T07:16:19.699637] Cell d1cc041a-d5a1-41d6-b9f6-6cda736ce3f0 stopping instance 65d4f4a5-ef6b-40ef-a608-42dcaed3ca37 (STDOUT, CELL)#
#2026 08 17 07:16:27.867#Z#DEBUG#4a1cb87e-9a0b-11f1-891d-eeee0a87b8c8.oilAndGas_Tracking-db-deployer#flowable-async-job-executor-thread-46019#
[PollExecuteTaskStatusExecution] 52a04f91-d475-434e-9079-0912c2b169f3 [2026-08-17T07:16:19.699683] Cell d1cc041a-d5a1-41d6-b9f6-6cda736ce3f0 destroying container for instance 65d4f4a5-ef6b-40ef-a608-42dcaed3ca37 (STDOUT, CELL)#
#2026 08 17 07:16:27.867#Z#DEBUG#4a1cb87e-9a0b-11f1-891d-eeee0a87b8c8.oilAndGas_Tracking-db-deployer#flowable-async-job-executor-thread-46019#
[PollExecuteTaskStatusExecution] 52a04f91-d475-434e-9079-0912c2b169f3 [2026-08-17T07:16:21.716830] Cell d1cc041a-d5a1-41d6-b9f6-6cda736ce3f0 successfully destroyed container for instance 65d4f4a5-ef6b-40ef-a608-42dcaed3ca37 (STDOUT, CELL)#
#2026 08 17 07:16:37.819#Z#DEBUG#4a1cb87e-9a0b-11f1-891d-eeee0a87b8c8.oilAndGas_Tracking-db-deployer#flowable-async-job-executor-thread-46032#
[PollExecuteTaskStatusExecution] 52a04f91-d475-434e-9079-0912c2b169f3 [2026-08-17T07:16:18.663113] @sap/hdi-deploy, version 5.7.0 (mode default), server version unknown (0.0.0.0), cloud version , node version 24.15.0, HDI version -1, container API version -1 (STDOUT, APP/TASK/deploy)#
#2026 08 17 07:16:37.819#Z#DEBUG#4a1cb87e-9a0b-11f1-891d-eeee0a87b8c8.oilAndGas_Tracking-db-deployer#flowable-async-job-executor-thread-46032#
[PollExecuteTaskStatusExecution] 52a04f91-d475-434e-9079-0912c2b169f3 [2026-08-17T07:16:18.663240] Deployment started at 2026-08-17 07:16:18 (STDOUT, APP/TASK/deploy)#
#2026 08 17 07:16:37.819#Z#DEBUG#4a1cb87e-9a0b-11f1-891d-eeee0a87b8c8.oilAndGas_Tracking-db-deployer#flowable-async-job-executor-thread-46032#
[PollExecuteTaskStatusExecution] 52a04f91-d475-434e-9079-0912c2b169f3 [2026-08-17T07:16:18.663421] Using hdb@2.29.6 for connection (STDOUT, APP/TASK/deploy)#
#2026 08 17 07:16:37.819#Z#DEBUG#4a1cb87e-9a0b-11f1-891d-eeee0a87b8c8.oilAndGas_Tracking-db-deployer#flowable-async-job-executor-thread-46032#
[PollExecuteTaskStatusExecution] 52a04f91-d475-434e-9079-0912c2b169f3 [2026-08-17T07:16:18.663501] Detection of server version failed; root cause: HANA Database instance is stopped (STDOUT, APP/TASK/deploy)#
#2026 08 17 07:16:37.819#Z#DEBUG#4a1cb87e-9a0b-11f1-891d-eeee0a87b8c8.oilAndGas_Tracking-db-deployer#flowable-async-job-executor-thread-46032#
[PollExecuteTaskStatusExecution] 52a04f91-d475-434e-9079-0912c2b169f3 [2026-08-17T07:16:18.663573] Detection of cloud version failed; root cause: HANA Database instance is stopped (STDOUT, APP/TASK/deploy)#
#2026 08 17 07:16:37.819#Z#DEBUG#4a1cb87e-9a0b-11f1-891d-eeee0a87b8c8.oilAndGas_Tracking-db-deployer#flowable-async-job-executor-thread-46032#
[PollExecuteTaskStatusExecution] 52a04f91-d475-434e-9079-0912c2b169f3 [2026-08-17T07:16:18.663640] Detection of container API version failed; root cause: HANA Database instance is stopped (STDOUT, APP/TASK/deploy)#
#2026 08 17 07:16:37.819#Z#DEBUG#4a1cb87e-9a0b-11f1-891d-eeee0a87b8c8.oilAndGas_Tracking-db-deployer#flowable-async-job-executor-thread-46032#
[PollExecuteTaskStatusExecution] 52a04f91-d475-434e-9079-0912c2b169f3 [2026-08-17T07:16:18.663777] Detection of HDI version failed; root cause: HANA Database instance is stopped (STDOUT, APP/TASK/deploy)#
#2026 08 17 07:16:37.819#Z#DEBUG#4a1cb87e-9a0b-11f1-891d-eeee0a87b8c8.oilAndGas_Tracking-db-deployer#flowable-async-job-executor-thread-46032#
[PollExecuteTaskStatusExecution] 52a04f91-d475-434e-9079-0912c2b169f3 [2026-08-17T07:16:18.664119] Deployment ended at 2026-08-17 07:16:18 (STDOUT, APP/TASK/deploy)#
#2026 08 17 07:16:37.819#Z#DEBUG#4a1cb87e-9a0b-11f1-891d-eeee0a87b8c8.oilAndGas_Tracking-db-deployer#flowable-async-job-executor-thread-46032#
[PollExecuteTaskStatusExecution] 52a04f91-d475-434e-9079-0912c2b169f3 [2026-08-17T07:16:18.664302] Error: Option parameter is not supported by the server; based on detected server version unknown (STDERR, APP/TASK/deploy)#
#2026 08 17 07:16:37.819#Z#DEBUG#4a1cb87e-9a0b-11f1-891d-eeee0a87b8c8.oilAndGas_Tracking-db-deployer#flowable-async-job-executor-thread-46032#
[PollExecuteTaskStatusExecution] 52a04f91-d475-434e-9079-0912c2b169f3 [2026-08-17T07:16:18.664491] (4s 370ms) (STDOUT, APP/TASK/deploy)#
#2026 08 17 07:16:37.819#Z#DEBUG#4a1cb87e-9a0b-11f1-891d-eeee0a87b8c8.oilAndGas_Tracking-db-deployer#flowable-async-job-executor-thread-46032#
[PollExecuteTaskStatusExecution] 52a04f91-d475-434e-9079-0912c2b169f3 [2026-08-17T07:16:18.679540] npm notice (STDERR, APP/TASK/deploy)#
#2026 08 17 07:16:37.819#Z#DEBUG#4a1cb87e-9a0b-11f1-891d-eeee0a87b8c8.oilAndGas_Tracking-db-deployer#flowable-async-job-executor-thread-46032#
[PollExecuteTaskStatusExecution] 52a04f91-d475-434e-9079-0912c2b169f3 [2026-08-17T07:16:18.679570] npm notice New major version of npm available! 11.12.1 -> 12.0.2 (STDERR, APP/TASK/deploy)#
#2026 08 17 07:16:37.819#Z#DEBUG#4a1cb87e-9a0b-11f1-891d-eeee0a87b8c8.oilAndGas_Tracking-db-deployer#flowable-async-job-executor-thread-46032#
[PollExecuteTaskStatusExecution] 52a04f91-d475-434e-9079-0912c2b169f3 [2026-08-17T07:16:18.679575] npm notice Changelog: https://github.com/npm/cli/releases/tag/v12.0.2 (STDERR, APP/TASK/deploy)#
#2026 08 17 07:16:37.819#Z#DEBUG#4a1cb87e-9a0b-11f1-891d-eeee0a87b8c8.oilAndGas_Tracking-db-deployer#flowable-async-job-executor-thread-46032#
[PollExecuteTaskStatusExecution] 52a04f91-d475-434e-9079-0912c2b169f3 [2026-08-17T07:16:18.679578] npm notice To update run: npm install -g npm@12.0.2 (STDERR, APP/TASK/deploy)#
#2026 08 17 07:16:37.819#Z#DEBUG#4a1cb87e-9a0b-11f1-891d-eeee0a87b8c8.oilAndGas_Tracking-db-deployer#flowable-async-job-executor-thread-46032#
[PollExecuteTaskStatusExecution] 52a04f91-d475-434e-9079-0912c2b169f3 [2026-08-17T07:16:18.679580] npm notice (STDERR, APP/TASK/deploy)#
#2026 08 17 07:16:37.819#Z#DEBUG#4a1cb87e-9a0b-11f1-891d-eeee0a87b8c8.oilAndGas_Tracking-db-deployer#flowable-async-job-executor-thread-46032#
[PollExecuteTaskStatusExecution] 52a04f91-d475-434e-9079-0912c2b169f3 [2026-08-17T07:16:18.762077] Exit status 1 (STDOUT, APP/TASK/deploy)#
#2026 08 17 07:16:37.819#Z#DEBUG#4a1cb87e-9a0b-11f1-891d-eeee0a87b8c8.oilAndGas_Tracking-db-deployer#flowable-async-job-executor-thread-46032#
[PollExecuteTaskStatusExecution] 52a04f91-d475-434e-9079-0912c2b169f3 [2026-08-17T07:16:19.699637] Cell d1cc041a-d5a1-41d6-b9f6-6cda736ce3f0 stopping instance 65d4f4a5-ef6b-40ef-a608-42dcaed3ca37 (STDOUT, CELL)#
#2026 08 17 07:16:37.819#Z#DEBUG#4a1cb87e-9a0b-11f1-891d-eeee0a87b8c8.oilAndGas_Tracking-db-deployer#flowable-async-job-executor-thread-46032#
[PollExecuteTaskStatusExecution] 52a04f91-d475-434e-9079-0912c2b169f3 [2026-08-17T07:16:19.699683] Cell d1cc041a-d5a1-41d6-b9f6-6cda736ce3f0 destroying container for instance 65d4f4a5-ef6b-40ef-a608-42dcaed3ca37 (STDOUT, CELL)#
#2026 08 17 07:16:37.819#Z#DEBUG#4a1cb87e-9a0b-11f1-891d-eeee0a87b8c8.oilAndGas_Tracking-db-deployer#flowable-async-job-executor-thread-46032#
[PollExecuteTaskStatusExecution] 52a04f91-d475-434e-9079-0912c2b169f3 [2026-08-17T07:16:21.716830] Cell d1cc041a-d5a1-41d6-b9f6-6cda736ce3f0 successfully destroyed container for instance 65d4f4a5-ef6b-40ef-a608-42dcaed3ca37 (STDOUT, CELL)#
#2026 08 17 07:16:37.819#Z#DEBUG#4a1cb87e-9a0b-11f1-891d-eeee0a87b8c8.oilAndGas_Tracking-db-deployer#flowable-async-job-executor-thread-46032#
[PollExecuteTaskStatusExecution] 52a04f91-d475-434e-9079-0912c2b169f3 [2026-08-17T07:16:29.881111] Cell d1cc041a-d5a1-41d6-b9f6-6cda736ce3f0 creating container for instance 1d21bb40-b6a8-44bf-9bcb-e3c142f35b06 (STDOUT, CELL)#
#2026 08 17 07:16:37.819#Z#DEBUG#4a1cb87e-9a0b-11f1-891d-eeee0a87b8c8.oilAndGas_Tracking-db-deployer#flowable-async-job-executor-thread-46032#
[PollExecuteTaskStatusExecution] 52a04f91-d475-434e-9079-0912c2b169f3 [2026-08-17T07:16:30.545269] Security group rules were updated (STDOUT, CELL)#
#2026 08 17 07:16:37.819#Z#DEBUG#4a1cb87e-9a0b-11f1-891d-eeee0a87b8c8.oilAndGas_Tracking-db-deployer#flowable-async-job-executor-thread-46032#
[PollExecuteTaskStatusExecution] 52a04f91-d475-434e-9079-0912c2b169f3 [2026-08-17T07:16:30.629348] Cell d1cc041a-d5a1-41d6-b9f6-6cda736ce3f0 successfully created container for instance 1d21bb40-b6a8-44bf-9bcb-e3c142f35b06 (STDOUT, CELL)#
#2026 08 17 07:16:37.819#Z#DEBUG#4a1cb87e-9a0b-11f1-891d-eeee0a87b8c8.oilAndGas_Tracking-db-deployer#flowable-async-job-executor-thread-46032#
[PollExecuteTaskStatusExecution] 52a04f91-d475-434e-9079-0912c2b169f3 [2026-08-17T07:16:34.714734] Invoking pre-start scripts. (STDOUT, APP/TASK/deploy)#
#2026 08 17 07:16:37.819#Z#DEBUG#4a1cb87e-9a0b-11f1-891d-eeee0a87b8c8.oilAndGas_Tracking-db-deployer#flowable-async-job-executor-thread-46032#
[PollExecuteTaskStatusExecution] 52a04f91-d475-434e-9079-0912c2b169f3 [2026-08-17T07:16:34.916953] Invoking start command. (STDOUT, APP/TASK/deploy)#
#2026 08 17 07:16:37.819#Z#DEBUG#4a1cb87e-9a0b-11f1-891d-eeee0a87b8c8.oilAndGas_Tracking-db-deployer#flowable-async-job-executor-thread-46032#
[PollExecuteTaskStatusExecution] 52a04f91-d475-434e-9079-0912c2b169f3 [2026-08-17T07:16:35.360464] > start (STDOUT, APP/TASK/deploy)#
#2026 08 17 07:16:37.819#Z#DEBUG#4a1cb87e-9a0b-11f1-891d-eeee0a87b8c8.oilAndGas_Tracking-db-deployer#flowable-async-job-executor-thread-46032#
[PollExecuteTaskStatusExecution] 52a04f91-d475-434e-9079-0912c2b169f3 [2026-08-17T07:16:35.360492] > node node_modules/@sap/hdi-deploy/deploy.js --use-hdb --parameter com.sap.hana.di.table/try_fast_table_migration=true (STDOUT, APP/TASK/deploy)#
#2026 08 17 07:16:37.819#Z#DEBUG#4a1cb87e-9a0b-11f1-891d-eeee0a87b8c8.oilAndGas_Tracking-db-deployer#flowable-async-job-executor-thread-46032#
[PollExecuteTaskStatusExecution] 52a04f91-d475-434e-9079-0912c2b169f3 [2026-08-17T07:16:35.508325] VCAP_SERVICES: (STDOUT, APP/TASK/deploy)#
#2026 08 17 07:16:37.819#Z#DEBUG#4a1cb87e-9a0b-11f1-891d-eeee0a87b8c8.oilAndGas_Tracking-db-deployer#flowable-async-job-executor-thread-46032#
[PollExecuteTaskStatusExecution] 52a04f91-d475-434e-9079-0912c2b169f3 [2026-08-17T07:16:35.508992] { (STDOUT, APP/TASK/deploy)#
#2026 08 17 07:16:37.819#Z#DEBUG#4a1cb87e-9a0b-11f1-891d-eeee0a87b8c8.oilAndGas_Tracking-db-deployer#flowable-async-job-executor-thread-46032#
[PollExecuteTaskStatusExecution] 52a04f91-d475-434e-9079-0912c2b169f3 [2026-08-17T07:16:35.509049] "hana": [ (STDOUT, APP/TASK/deploy)#
#2026 08 17 07:16:37.819#Z#DEBUG#4a1cb87e-9a0b-11f1-891d-eeee0a87b8c8.oilAndGas_Tracking-db-deployer#flowable-async-job-executor-thread-46032#
[PollExecuteTaskStatusExecution] 52a04f91-d475-434e-9079-0912c2b169f3 [2026-08-17T07:16:35.509060] { (STDOUT, APP/TASK/deploy)#
#2026 08 17 07:16:37.819#Z#DEBUG#4a1cb87e-9a0b-11f1-891d-eeee0a87b8c8.oilAndGas_Tracking-db-deployer#flowable-async-job-executor-thread-46032#
[PollExecuteTaskStatusExecution] 52a04f91-d475-434e-9079-0912c2b169f3 [2026-08-17T07:16:35.509070] "name": "oilAndGas_Tracking-db", (STDOUT, APP/TASK/deploy)#
#2026 08 17 07:16:37.819#Z#DEBUG#4a1cb87e-9a0b-11f1-891d-eeee0a87b8c8.oilAndGas_Tracking-db-deployer#flowable-async-job-executor-thread-46032#
[PollExecuteTaskStatusExecution] 52a04f91-d475-434e-9079-0912c2b169f3 [2026-08-17T07:16:35.509073] "label": "hana", (STDOUT, APP/TASK/deploy)#
#2026 08 17 07:16:37.819#Z#DEBUG#4a1cb87e-9a0b-11f1-891d-eeee0a87b8c8.oilAndGas_Tracking-db-deployer#flowable-async-job-executor-thread-46032#
[PollExecuteTaskStatusExecution] 52a04f91-d475-434e-9079-0912c2b169f3 [2026-08-17T07:16:35.509076] "plan": "hdi-shared", (STDOUT, APP/TASK/deploy)#
#2026 08 17 07:16:37.819#Z#DEBUG#4a1cb87e-9a0b-11f1-891d-eeee0a87b8c8.oilAndGas_Tracking-db-deployer#flowable-async-job-executor-thread-46032#
[PollExecuteTaskStatusExecution] 52a04f91-d475-434e-9079-0912c2b169f3 [2026-08-17T07:16:35.509079] "credentials": { (STDOUT, APP/TASK/deploy)#
#2026 08 17 07:16:37.819#Z#DEBUG#4a1cb87e-9a0b-11f1-891d-eeee0a87b8c8.oilAndGas_Tracking-db-deployer#flowable-async-job-executor-thread-46032#
[PollExecuteTaskStatusExecution] 52a04f91-d475-434e-9079-0912c2b169f3 [2026-08-17T07:16:35.509081] "schema": "40791667CEE24C09B5873EEF41E96EF6", (STDOUT, APP/TASK/deploy)#
#2026 08 17 07:16:37.819#Z#DEBUG#4a1cb87e-9a0b-11f1-891d-eeee0a87b8c8.oilAndGas_Tracking-db-deployer#flowable-async-job-executor-thread-46032#
[PollExecuteTaskStatusExecution] 52a04f91-d475-434e-9079-0912c2b169f3 [2026-08-17T07:16:35.509085] "database_id": "55abdb49-0aef-4fc1-b26c-8c8e4b34c1b6", (STDOUT, APP/TASK/deploy)#
#2026 08 17 07:16:37.819#Z#DEBUG#4a1cb87e-9a0b-11f1-891d-eeee0a87b8c8.oilAndGas_Tracking-db-deployer#flowable-async-job-executor-thread-46032#
[PollExecuteTaskStatusExecution] 52a04f91-d475-434e-9079-0912c2b169f3 [2026-08-17T07:16:35.509089] "user": "40791667CEE24C09B5873EEF41E96EF6_3Y71J3E3M5INKAQ4MHDMKE646_RT", (STDOUT, APP/TASK/deploy)#
#2026 08 17 07:16:37.819#Z#DEBUG#4a1cb87e-9a0b-11f1-891d-eeee0a87b8c8.oilAndGas_Tracking-db-deployer#flowable-async-job-executor-thread-46032#
[PollExecuteTaskStatusExecution] 52a04f91-d475-434e-9079-0912c2b169f3 [2026-08-17T07:16:35.509092] "hdi_user": "40791667CEE24C09B5873EEF41E96EF6_3Y71J3E3M5INKAQ4MHDMKE646_DT" (STDOUT, APP/TASK/deploy)#
#2026 08 17 07:16:37.819#Z#DEBUG#4a1cb87e-9a0b-11f1-891d-eeee0a87b8c8.oilAndGas_Tracking-db-deployer#flowable-async-job-executor-thread-46032#
[PollExecuteTaskStatusExecution] 52a04f91-d475-434e-9079-0912c2b169f3 [2026-08-17T07:16:35.509095] }, (STDOUT, APP/TASK/deploy)#
#2026 08 17 07:16:37.819#Z#DEBUG#4a1cb87e-9a0b-11f1-891d-eeee0a87b8c8.oilAndGas_Tracking-db-deployer#flowable-async-job-executor-thread-46032#
[PollExecuteTaskStatusExecution] 52a04f91-d475-434e-9079-0912c2b169f3 [2026-08-17T07:16:35.509098] "tags": [ (STDOUT, APP/TASK/deploy)#
#2026 08 17 07:16:37.819#Z#DEBUG#4a1cb87e-9a0b-11f1-891d-eeee0a87b8c8.oilAndGas_Tracking-db-deployer#flowable-async-job-executor-thread-46032#
[PollExecuteTaskStatusExecution] 52a04f91-d475-434e-9079-0912c2b169f3 [2026-08-17T07:16:35.509100] "hana", (STDOUT, APP/TASK/deploy)#
#2026 08 17 07:16:37.819#Z#DEBUG#4a1cb87e-9a0b-11f1-891d-eeee0a87b8c8.oilAndGas_Tracking-db-deployer#flowable-async-job-executor-thread-46032#
[PollExecuteTaskStatusExecution] 52a04f91-d475-434e-9079-0912c2b169f3 [2026-08-17T07:16:35.509102] "database", (STDOUT, APP/TASK/deploy)#
#2026 08 17 07:16:37.819#Z#DEBUG#4a1cb87e-9a0b-11f1-891d-eeee0a87b8c8.oilAndGas_Tracking-db-deployer#flowable-async-job-executor-thread-46032#
[PollExecuteTaskStatusExecution] 52a04f91-d475-434e-9079-0912c2b169f3 [2026-08-17T07:16:35.509104] "relational" (STDOUT, APP/TASK/deploy)#
#2026 08 17 07:16:37.819#Z#DEBUG#4a1cb87e-9a0b-11f1-891d-eeee0a87b8c8.oilAndGas_Tracking-db-deployer#flowable-async-job-executor-thread-46032#
[PollExecuteTaskStatusExecution] 52a04f91-d475-434e-9079-0912c2b169f3 [2026-08-17T07:16:35.509106] ] (STDOUT, APP/TASK/deploy)#
#2026 08 17 07:16:37.819#Z#DEBUG#4a1cb87e-9a0b-11f1-891d-eeee0a87b8c8.oilAndGas_Tracking-db-deployer#flowable-async-job-executor-thread-46032#
[PollExecuteTaskStatusExecution] 52a04f91-d475-434e-9079-0912c2b169f3 [2026-08-17T07:16:35.509111] } (STDOUT, APP/TASK/deploy)#
#2026 08 17 07:16:37.819#Z#DEBUG#4a1cb87e-9a0b-11f1-891d-eeee0a87b8c8.oilAndGas_Tracking-db-deployer#flowable-async-job-executor-thread-46032#
[PollExecuteTaskStatusExecution] 52a04f91-d475-434e-9079-0912c2b169f3 [2026-08-17T07:16:35.509113] ] (STDOUT, APP/TASK/deploy)#
#2026 08 17 07:16:37.819#Z#DEBUG#4a1cb87e-9a0b-11f1-891d-eeee0a87b8c8.oilAndGas_Tracking-db-deployer#flowable-async-job-executor-thread-46032#
[PollExecuteTaskStatusExecution] 52a04f91-d475-434e-9079-0912c2b169f3 [2026-08-17T07:16:35.509115] } (STDOUT, APP/TASK/deploy)#
#2026 08 17 07:16:48.080#Z#DEBUG#4a1cb87e-9a0b-11f1-891d-eeee0a87b8c8.oilAndGas_Tracking-db-deployer#flowable-async-job-executor-thread-46034#
[PollExecuteTaskStatusExecution] 52a04f91-d475-434e-9079-0912c2b169f3 [2026-08-17T07:16:39.782118] @sap/hdi-deploy, version 5.7.0 (mode default), server version unknown (0.0.0.0), cloud version , node version 24.15.0, HDI version -1, container API version -1 (STDOUT, APP/TASK/deploy)#
#2026 08 17 07:16:48.080#Z#DEBUG#4a1cb87e-9a0b-11f1-891d-eeee0a87b8c8.oilAndGas_Tracking-db-deployer#flowable-async-job-executor-thread-46034#
[PollExecuteTaskStatusExecution] 52a04f91-d475-434e-9079-0912c2b169f3 [2026-08-17T07:16:39.782201] Deployment started at 2026-08-17 07:16:39 (STDOUT, APP/TASK/deploy)#
#2026 08 17 07:16:48.080#Z#DEBUG#4a1cb87e-9a0b-11f1-891d-eeee0a87b8c8.oilAndGas_Tracking-db-deployer#flowable-async-job-executor-thread-46034#
[PollExecuteTaskStatusExecution] 52a04f91-d475-434e-9079-0912c2b169f3 [2026-08-17T07:16:39.782529] Using hdb@2.29.6 for connection (STDOUT, APP/TASK/deploy)#
#2026 08 17 07:16:48.080#Z#DEBUG#4a1cb87e-9a0b-11f1-891d-eeee0a87b8c8.oilAndGas_Tracking-db-deployer#flowable-async-job-executor-thread-46034#
[PollExecuteTaskStatusExecution] 52a04f91-d475-434e-9079-0912c2b169f3 [2026-08-17T07:16:39.782583] Detection of server version failed; root cause: HANA Database instance is stopped (STDOUT, APP/TASK/deploy)#
#2026 08 17 07:16:48.080#Z#DEBUG#4a1cb87e-9a0b-11f1-891d-eeee0a87b8c8.oilAndGas_Tracking-db-deployer#flowable-async-job-executor-thread-46034#
[PollExecuteTaskStatusExecution] 52a04f91-d475-434e-9079-0912c2b169f3 [2026-08-17T07:16:39.782778] Detection of cloud version failed; root cause: HANA Database instance is stopped (STDOUT, APP/TASK/deploy)#
#2026 08 17 07:16:48.080#Z#DEBUG#4a1cb87e-9a0b-11f1-891d-eeee0a87b8c8.oilAndGas_Tracking-db-deployer#flowable-async-job-executor-thread-46034#
[PollExecuteTaskStatusExecution] 52a04f91-d475-434e-9079-0912c2b169f3 [2026-08-17T07:16:39.782827] Detection of container API version failed; root cause: HANA Database instance is stopped (STDOUT, APP/TASK/deploy)#
#2026 08 17 07:16:48.080#Z#DEBUG#4a1cb87e-9a0b-11f1-891d-eeee0a87b8c8.oilAndGas_Tracking-db-deployer#flowable-async-job-executor-thread-46034#
[PollExecuteTaskStatusExecution] 52a04f91-d475-434e-9079-0912c2b169f3 [2026-08-17T07:16:39.782867] Detection of HDI version failed; root cause: HANA Database instance is stopped (STDOUT, APP/TASK/deploy)#
#2026 08 17 07:16:48.080#Z#DEBUG#4a1cb87e-9a0b-11f1-891d-eeee0a87b8c8.oilAndGas_Tracking-db-deployer#flowable-async-job-executor-thread-46034#
[PollExecuteTaskStatusExecution] 52a04f91-d475-434e-9079-0912c2b169f3 [2026-08-17T07:16:39.783361] Deployment ended at 2026-08-17 07:16:39 (STDOUT, APP/TASK/deploy)#
#2026 08 17 07:16:48.080#Z#DEBUG#4a1cb87e-9a0b-11f1-891d-eeee0a87b8c8.oilAndGas_Tracking-db-deployer#flowable-async-job-executor-thread-46034#
[PollExecuteTaskStatusExecution] 52a04f91-d475-434e-9079-0912c2b169f3 [2026-08-17T07:16:39.783610] Error: Option parameter is not supported by the server; based on detected server version unknown (STDERR, APP/TASK/deploy)#
#2026 08 17 07:16:48.080#Z#DEBUG#4a1cb87e-9a0b-11f1-891d-eeee0a87b8c8.oilAndGas_Tracking-db-deployer#flowable-async-job-executor-thread-46034#
[PollExecuteTaskStatusExecution] 52a04f91-d475-434e-9079-0912c2b169f3 [2026-08-17T07:16:39.783885] (4s 378ms) (STDOUT, APP/TASK/deploy)#
#2026 08 17 07:16:48.080#Z#DEBUG#4a1cb87e-9a0b-11f1-891d-eeee0a87b8c8.oilAndGas_Tracking-db-deployer#flowable-async-job-executor-thread-46034#
[PollExecuteTaskStatusExecution] 52a04f91-d475-434e-9079-0912c2b169f3 [2026-08-17T07:16:39.803195] npm notice (STDERR, APP/TASK/deploy)#
#2026 08 17 07:16:48.080#Z#DEBUG#4a1cb87e-9a0b-11f1-891d-eeee0a87b8c8.oilAndGas_Tracking-db-deployer#flowable-async-job-executor-thread-46034#
[PollExecuteTaskStatusExecution] 52a04f91-d475-434e-9079-0912c2b169f3 [2026-08-17T07:16:39.803228] npm notice New major version of npm available! 11.12.1 -> 12.0.2 (STDERR, APP/TASK/deploy)#
#2026 08 17 07:16:48.080#Z#DEBUG#4a1cb87e-9a0b-11f1-891d-eeee0a87b8c8.oilAndGas_Tracking-db-deployer#flowable-async-job-executor-thread-46034#
[PollExecuteTaskStatusExecution] 52a04f91-d475-434e-9079-0912c2b169f3 [2026-08-17T07:16:39.803245] npm notice Changelog: https://github.com/npm/cli/releases/tag/v12.0.2 (STDERR, APP/TASK/deploy)#
#2026 08 17 07:16:48.080#Z#DEBUG#4a1cb87e-9a0b-11f1-891d-eeee0a87b8c8.oilAndGas_Tracking-db-deployer#flowable-async-job-executor-thread-46034#
[PollExecuteTaskStatusExecution] 52a04f91-d475-434e-9079-0912c2b169f3 [2026-08-17T07:16:39.803247] npm notice To update run: npm install -g npm@12.0.2 (STDERR, APP/TASK/deploy)#
#2026 08 17 07:16:48.080#Z#DEBUG#4a1cb87e-9a0b-11f1-891d-eeee0a87b8c8.oilAndGas_Tracking-db-deployer#flowable-async-job-executor-thread-46034#
[PollExecuteTaskStatusExecution] 52a04f91-d475-434e-9079-0912c2b169f3 [2026-08-17T07:16:39.803250] npm notice (STDERR, APP/TASK/deploy)#
#2026 08 17 07:16:48.080#Z#DEBUG#4a1cb87e-9a0b-11f1-891d-eeee0a87b8c8.oilAndGas_Tracking-db-deployer#flowable-async-job-executor-thread-46034#
[PollExecuteTaskStatusExecution] 52a04f91-d475-434e-9079-0912c2b169f3 [2026-08-17T07:16:39.879659] Exit status 1 (STDOUT, APP/TASK/deploy)#
#2026 08 17 07:16:48.080#Z#DEBUG#4a1cb87e-9a0b-11f1-891d-eeee0a87b8c8.oilAndGas_Tracking-db-deployer#flowable-async-job-executor-thread-46034#
[PollExecuteTaskStatusExecution] 52a04f91-d475-434e-9079-0912c2b169f3 [2026-08-17T07:16:40.234368] Cell d1cc041a-d5a1-41d6-b9f6-6cda736ce3f0 stopping instance 1d21bb40-b6a8-44bf-9bcb-e3c142f35b06 (STDOUT, CELL)#
#2026 08 17 07:16:48.080#Z#DEBUG#4a1cb87e-9a0b-11f1-891d-eeee0a87b8c8.oilAndGas_Tracking-db-deployer#flowable-async-job-executor-thread-46034#
[PollExecuteTaskStatusExecution] 52a04f91-d475-434e-9079-0912c2b169f3 [2026-08-17T07:16:40.234404] Cell d1cc041a-d5a1-41d6-b9f6-6cda736ce3f0 destroying container for instance 1d21bb40-b6a8-44bf-9bcb-e3c142f35b06 (STDOUT, CELL)#
#2026 08 17 07:16:48.080#Z#DEBUG#4a1cb87e-9a0b-11f1-891d-eeee0a87b8c8.oilAndGas_Tracking-db-deployer#flowable-async-job-executor-thread-46034#
[PollExecuteTaskStatusExecution] 52a04f91-d475-434e-9079-0912c2b169f3 [2026-08-17T07:16:42.522938] Cell d1cc041a-d5a1-41d6-b9f6-6cda736ce3f0 successfully destroyed container for instance 1d21bb40-b6a8-44bf-9bcb-e3c142f35b06 (STDOUT, CELL)#
#2026 08 17 07:16:58.057#Z#DEBUG#4a1cb87e-9a0b-11f1-891d-eeee0a87b8c8.oilAndGas_Tracking-db-deployer#flowable-async-job-executor-thread-46045#
[PollExecuteTaskStatusExecution] 52a04f91-d475-434e-9079-0912c2b169f3 [2026-08-17T07:16:39.782118] @sap/hdi-deploy, version 5.7.0 (mode default), server version unknown (0.0.0.0), cloud version , node version 24.15.0, HDI version -1, container API version -1 (STDOUT, APP/TASK/deploy)#
#2026 08 17 07:16:58.057#Z#DEBUG#4a1cb87e-9a0b-11f1-891d-eeee0a87b8c8.oilAndGas_Tracking-db-deployer#flowable-async-job-executor-thread-46045#
[PollExecuteTaskStatusExecution] 52a04f91-d475-434e-9079-0912c2b169f3 [2026-08-17T07:16:39.782201] Deployment started at 2026-08-17 07:16:39 (STDOUT, APP/TASK/deploy)#
#2026 08 17 07:16:58.057#Z#DEBUG#4a1cb87e-9a0b-11f1-891d-eeee0a87b8c8.oilAndGas_Tracking-db-deployer#flowable-async-job-executor-thread-46045#
[PollExecuteTaskStatusExecution] 52a04f91-d475-434e-9079-0912c2b169f3 [2026-08-17T07:16:39.782529] Using hdb@2.29.6 for connection (STDOUT, APP/TASK/deploy)#
#2026 08 17 07:16:58.057#Z#DEBUG#4a1cb87e-9a0b-11f1-891d-eeee0a87b8c8.oilAndGas_Tracking-db-deployer#flowable-async-job-executor-thread-46045#
[PollExecuteTaskStatusExecution] 52a04f91-d475-434e-9079-0912c2b169f3 [2026-08-17T07:16:39.782583] Detection of server version failed; root cause: HANA Database instance is stopped (STDOUT, APP/TASK/deploy)#
#2026 08 17 07:16:58.057#Z#DEBUG#4a1cb87e-9a0b-11f1-891d-eeee0a87b8c8.oilAndGas_Tracking-db-deployer#flowable-async-job-executor-thread-46045#
[PollExecuteTaskStatusExecution] 52a04f91-d475-434e-9079-0912c2b169f3 [2026-08-17T07:16:39.782778] Detection of cloud version failed; root cause: HANA Database instance is stopped (STDOUT, APP/TASK/deploy)#
#2026 08 17 07:16:58.057#Z#DEBUG#4a1cb87e-9a0b-11f1-891d-eeee0a87b8c8.oilAndGas_Tracking-db-deployer#flowable-async-job-executor-thread-46045#
[PollExecuteTaskStatusExecution] 52a04f91-d475-434e-9079-0912c2b169f3 [2026-08-17T07:16:39.782827] Detection of container API version failed; root cause: HANA Database instance is stopped (STDOUT, APP/TASK/deploy)#
#2026 08 17 07:16:58.057#Z#DEBUG#4a1cb87e-9a0b-11f1-891d-eeee0a87b8c8.oilAndGas_Tracking-db-deployer#flowable-async-job-executor-thread-46045#
[PollExecuteTaskStatusExecution] 52a04f91-d475-434e-9079-0912c2b169f3 [2026-08-17T07:16:39.782867] Detection of HDI version failed; root cause: HANA Database instance is stopped (STDOUT, APP/TASK/deploy)#
#2026 08 17 07:16:58.057#Z#DEBUG#4a1cb87e-9a0b-11f1-891d-eeee0a87b8c8.oilAndGas_Tracking-db-deployer#flowable-async-job-executor-thread-46045#
[PollExecuteTaskStatusExecution] 52a04f91-d475-434e-9079-0912c2b169f3 [2026-08-17T07:16:39.783361] Deployment ended at 2026-08-17 07:16:39 (STDOUT, APP/TASK/deploy)#
#2026 08 17 07:16:58.057#Z#DEBUG#4a1cb87e-9a0b-11f1-891d-eeee0a87b8c8.oilAndGas_Tracking-db-deployer#flowable-async-job-executor-thread-46045#
[PollExecuteTaskStatusExecution] 52a04f91-d475-434e-9079-0912c2b169f3 [2026-08-17T07:16:39.783610] Error: Option parameter is not supported by the server; based on detected server version unknown (STDERR, APP/TASK/deploy)#
#2026 08 17 07:16:58.057#Z#DEBUG#4a1cb87e-9a0b-11f1-891d-eeee0a87b8c8.oilAndGas_Tracking-db-deployer#flowable-async-job-executor-thread-46045#
[PollExecuteTaskStatusExecution] 52a04f91-d475-434e-9079-0912c2b169f3 [2026-08-17T07:16:39.783885] (4s 378ms) (STDOUT, APP/TASK/deploy)#
#2026 08 17 07:16:58.057#Z#DEBUG#4a1cb87e-9a0b-11f1-891d-eeee0a87b8c8.oilAndGas_Tracking-db-deployer#flowable-async-job-executor-thread-46045#
[PollExecuteTaskStatusExecution] 52a04f91-d475-434e-9079-0912c2b169f3 [2026-08-17T07:16:39.803195] npm notice (STDERR, APP/TASK/deploy)#
#2026 08 17 07:16:58.057#Z#DEBUG#4a1cb87e-9a0b-11f1-891d-eeee0a87b8c8.oilAndGas_Tracking-db-deployer#flowable-async-job-executor-thread-46045#
[PollExecuteTaskStatusExecution] 52a04f91-d475-434e-9079-0912c2b169f3 [2026-08-17T07:16:39.803228] npm notice New major version of npm available! 11.12.1 -> 12.0.2 (STDERR, APP/TASK/deploy)#
#2026 08 17 07:16:58.057#Z#DEBUG#4a1cb87e-9a0b-11f1-891d-eeee0a87b8c8.oilAndGas_Tracking-db-deployer#flowable-async-job-executor-thread-46045#
[PollExecuteTaskStatusExecution] 52a04f91-d475-434e-9079-0912c2b169f3 [2026-08-17T07:16:39.803245] npm notice Changelog: https://github.com/npm/cli/releases/tag/v12.0.2 (STDERR, APP/TASK/deploy)#
#2026 08 17 07:16:58.057#Z#DEBUG#4a1cb87e-9a0b-11f1-891d-eeee0a87b8c8.oilAndGas_Tracking-db-deployer#flowable-async-job-executor-thread-46045#
[PollExecuteTaskStatusExecution] 52a04f91-d475-434e-9079-0912c2b169f3 [2026-08-17T07:16:39.803247] npm notice To update run: npm install -g npm@12.0.2 (STDERR, APP/TASK/deploy)#
#2026 08 17 07:16:58.057#Z#DEBUG#4a1cb87e-9a0b-11f1-891d-eeee0a87b8c8.oilAndGas_Tracking-db-deployer#flowable-async-job-executor-thread-46045#
[PollExecuteTaskStatusExecution] 52a04f91-d475-434e-9079-0912c2b169f3 [2026-08-17T07:16:39.803250] npm notice (STDERR, APP/TASK/deploy)#
#2026 08 17 07:16:58.057#Z#DEBUG#4a1cb87e-9a0b-11f1-891d-eeee0a87b8c8.oilAndGas_Tracking-db-deployer#flowable-async-job-executor-thread-46045#
[PollExecuteTaskStatusExecution] 52a04f91-d475-434e-9079-0912c2b169f3 [2026-08-17T07:16:39.879659] Exit status 1 (STDOUT, APP/TASK/deploy)#
#2026 08 17 07:16:58.057#Z#DEBUG#4a1cb87e-9a0b-11f1-891d-eeee0a87b8c8.oilAndGas_Tracking-db-deployer#flowable-async-job-executor-thread-46045#
[PollExecuteTaskStatusExecution] 52a04f91-d475-434e-9079-0912c2b169f3 [2026-08-17T07:16:40.234368] Cell d1cc041a-d5a1-41d6-b9f6-6cda736ce3f0 stopping instance 1d21bb40-b6a8-44bf-9bcb-e3c142f35b06 (STDOUT, CELL)#
#2026 08 17 07:16:58.057#Z#DEBUG#4a1cb87e-9a0b-11f1-891d-eeee0a87b8c8.oilAndGas_Tracking-db-deployer#flowable-async-job-executor-thread-46045#
[PollExecuteTaskStatusExecution] 52a04f91-d475-434e-9079-0912c2b169f3 [2026-08-17T07:16:40.234404] Cell d1cc041a-d5a1-41d6-b9f6-6cda736ce3f0 destroying container for instance 1d21bb40-b6a8-44bf-9bcb-e3c142f35b06 (STDOUT, CELL)#
#2026 08 17 07:16:58.057#Z#DEBUG#4a1cb87e-9a0b-11f1-891d-eeee0a87b8c8.oilAndGas_Tracking-db-deployer#flowable-async-job-executor-thread-46045#
[PollExecuteTaskStatusExecution] 52a04f91-d475-434e-9079-0912c2b169f3 [2026-08-17T07:16:42.522938] Cell d1cc041a-d5a1-41d6-b9f6-6cda736ce3f0 successfully destroyed container for instance 1d21bb40-b6a8-44bf-9bcb-e3c142f35b06 (STDOUT, CELL)#
#2026 08 17 07:16:58.057#Z#DEBUG#4a1cb87e-9a0b-11f1-891d-eeee0a87b8c8.oilAndGas_Tracking-db-deployer#flowable-async-job-executor-thread-46045#
[PollExecuteTaskStatusExecution] 52a04f91-d475-434e-9079-0912c2b169f3 [2026-08-17T07:16:51.250404] Cell 684caff8-89cd-492b-be01-b3d0835f1763 creating container for instance 5c036a94-3d17-4cb4-b41f-bd0dd0a14984 (STDOUT, CELL)#
#2026 08 17 07:16:58.057#Z#DEBUG#4a1cb87e-9a0b-11f1-891d-eeee0a87b8c8.oilAndGas_Tracking-db-deployer#flowable-async-job-executor-thread-46045#
[PollExecuteTaskStatusExecution] 52a04f91-d475-434e-9079-0912c2b169f3 [2026-08-17T07:16:52.093493] Security group rules were updated (STDOUT, CELL)#
#2026 08 17 07:16:58.057#Z#DEBUG#4a1cb87e-9a0b-11f1-891d-eeee0a87b8c8.oilAndGas_Tracking-db-deployer#flowable-async-job-executor-thread-46045#
[PollExecuteTaskStatusExecution] 52a04f91-d475-434e-9079-0912c2b169f3 [2026-08-17T07:16:52.199359] Cell 684caff8-89cd-492b-be01-b3d0835f1763 successfully created container for instance 5c036a94-3d17-4cb4-b41f-bd0dd0a14984 (STDOUT, CELL)#
#2026 08 17 07:16:58.057#Z#DEBUG#4a1cb87e-9a0b-11f1-891d-eeee0a87b8c8.oilAndGas_Tracking-db-deployer#flowable-async-job-executor-thread-46045#
[PollExecuteTaskStatusExecution] 52a04f91-d475-434e-9079-0912c2b169f3 [2026-08-17T07:16:57.293371] Invoking pre-start scripts. (STDOUT, APP/TASK/deploy)#
#2026 08 17 07:16:58.057#Z#DEBUG#4a1cb87e-9a0b-11f1-891d-eeee0a87b8c8.oilAndGas_Tracking-db-deployer#flowable-async-job-executor-thread-46045#
[PollExecuteTaskStatusExecution] 52a04f91-d475-434e-9079-0912c2b169f3 [2026-08-17T07:16:57.512434] Invoking start command. (STDOUT, APP/TASK/deploy)#
#2026 08 17 07:17:08.099#Z#DEBUG#4a1cb87e-9a0b-11f1-891d-eeee0a87b8c8.oilAndGas_Tracking-db-deployer#flowable-async-job-executor-thread-46052#
[PollExecuteTaskStatusExecution] 52a04f91-d475-434e-9079-0912c2b169f3 [2026-08-17T07:16:58.040676] > start (STDOUT, APP/TASK/deploy)#
#2026 08 17 07:17:08.099#Z#DEBUG#4a1cb87e-9a0b-11f1-891d-eeee0a87b8c8.oilAndGas_Tracking-db-deployer#flowable-async-job-executor-thread-46052#
[PollExecuteTaskStatusExecution] 52a04f91-d475-434e-9079-0912c2b169f3 [2026-08-17T07:16:58.040709] > node node_modules/@sap/hdi-deploy/deploy.js --use-hdb --parameter com.sap.hana.di.table/try_fast_table_migration=true (STDOUT, APP/TASK/deploy)#
#2026 08 17 07:17:08.099#Z#DEBUG#4a1cb87e-9a0b-11f1-891d-eeee0a87b8c8.oilAndGas_Tracking-db-deployer#flowable-async-job-executor-thread-46052#
[PollExecuteTaskStatusExecution] 52a04f91-d475-434e-9079-0912c2b169f3 [2026-08-17T07:16:58.226390] VCAP_SERVICES: (STDOUT, APP/TASK/deploy)#
#2026 08 17 07:17:08.099#Z#DEBUG#4a1cb87e-9a0b-11f1-891d-eeee0a87b8c8.oilAndGas_Tracking-db-deployer#flowable-async-job-executor-thread-46052#
[PollExecuteTaskStatusExecution] 52a04f91-d475-434e-9079-0912c2b169f3 [2026-08-17T07:16:58.227058] { (STDOUT, APP/TASK/deploy)#
#2026 08 17 07:17:08.099#Z#DEBUG#4a1cb87e-9a0b-11f1-891d-eeee0a87b8c8.oilAndGas_Tracking-db-deployer#flowable-async-job-executor-thread-46052#
[PollExecuteTaskStatusExecution] 52a04f91-d475-434e-9079-0912c2b169f3 [2026-08-17T07:16:58.227081] "hana": [ (STDOUT, APP/TASK/deploy)#
#2026 08 17 07:17:08.099#Z#DEBUG#4a1cb87e-9a0b-11f1-891d-eeee0a87b8c8.oilAndGas_Tracking-db-deployer#flowable-async-job-executor-thread-46052#
[PollExecuteTaskStatusExecution] 52a04f91-d475-434e-9079-0912c2b169f3 [2026-08-17T07:16:58.227096] { (STDOUT, APP/TASK/deploy)#
#2026 08 17 07:17:08.099#Z#DEBUG#4a1cb87e-9a0b-11f1-891d-eeee0a87b8c8.oilAndGas_Tracking-db-deployer#flowable-async-job-executor-thread-46052#
[PollExecuteTaskStatusExecution] 52a04f91-d475-434e-9079-0912c2b169f3 [2026-08-17T07:16:58.227099] "name": "oilAndGas_Tracking-db", (STDOUT, APP/TASK/deploy)#
#2026 08 17 07:17:08.099#Z#DEBUG#4a1cb87e-9a0b-11f1-891d-eeee0a87b8c8.oilAndGas_Tracking-db-deployer#flowable-async-job-executor-thread-46052#
[PollExecuteTaskStatusExecution] 52a04f91-d475-434e-9079-0912c2b169f3 [2026-08-17T07:16:58.227103] "label": "hana", (STDOUT, APP/TASK/deploy)#
#2026 08 17 07:17:08.099#Z#DEBUG#4a1cb87e-9a0b-11f1-891d-eeee0a87b8c8.oilAndGas_Tracking-db-deployer#flowable-async-job-executor-thread-46052#
[PollExecuteTaskStatusExecution] 52a04f91-d475-434e-9079-0912c2b169f3 [2026-08-17T07:16:58.227106] "plan": "hdi-shared", (STDOUT, APP/TASK/deploy)#
#2026 08 17 07:17:08.099#Z#DEBUG#4a1cb87e-9a0b-11f1-891d-eeee0a87b8c8.oilAndGas_Tracking-db-deployer#flowable-async-job-executor-thread-46052#
[PollExecuteTaskStatusExecution] 52a04f91-d475-434e-9079-0912c2b169f3 [2026-08-17T07:16:58.227109] "credentials": { (STDOUT, APP/TASK/deploy)#
#2026 08 17 07:17:08.099#Z#DEBUG#4a1cb87e-9a0b-11f1-891d-eeee0a87b8c8.oilAndGas_Tracking-db-deployer#flowable-async-job-executor-thread-46052#
[PollExecuteTaskStatusExecution] 52a04f91-d475-434e-9079-0912c2b169f3 [2026-08-17T07:16:58.227112] "schema": "40791667CEE24C09B5873EEF41E96EF6", (STDOUT, APP/TASK/deploy)#
#2026 08 17 07:17:08.099#Z#DEBUG#4a1cb87e-9a0b-11f1-891d-eeee0a87b8c8.oilAndGas_Tracking-db-deployer#flowable-async-job-executor-thread-46052#
[PollExecuteTaskStatusExecution] 52a04f91-d475-434e-9079-0912c2b169f3 [2026-08-17T07:16:58.227114] "database_id": "55abdb49-0aef-4fc1-b26c-8c8e4b34c1b6", (STDOUT, APP/TASK/deploy)#
#2026 08 17 07:17:08.099#Z#DEBUG#4a1cb87e-9a0b-11f1-891d-eeee0a87b8c8.oilAndGas_Tracking-db-deployer#flowable-async-job-executor-thread-46052#
[PollExecuteTaskStatusExecution] 52a04f91-d475-434e-9079-0912c2b169f3 [2026-08-17T07:16:58.227122] "user": "40791667CEE24C09B5873EEF41E96EF6_3Y71J3E3M5INKAQ4MHDMKE646_RT", (STDOUT, APP/TASK/deploy)#
#2026 08 17 07:17:08.099#Z#DEBUG#4a1cb87e-9a0b-11f1-891d-eeee0a87b8c8.oilAndGas_Tracking-db-deployer#flowable-async-job-executor-thread-46052#
[PollExecuteTaskStatusExecution] 52a04f91-d475-434e-9079-0912c2b169f3 [2026-08-17T07:16:58.227125] "hdi_user": "40791667CEE24C09B5873EEF41E96EF6_3Y71J3E3M5INKAQ4MHDMKE646_DT" (STDOUT, APP/TASK/deploy)#
#2026 08 17 07:17:08.099#Z#DEBUG#4a1cb87e-9a0b-11f1-891d-eeee0a87b8c8.oilAndGas_Tracking-db-deployer#flowable-async-job-executor-thread-46052#
[PollExecuteTaskStatusExecution] 52a04f91-d475-434e-9079-0912c2b169f3 [2026-08-17T07:16:58.227127] }, (STDOUT, APP/TASK/deploy)#
#2026 08 17 07:17:08.099#Z#DEBUG#4a1cb87e-9a0b-11f1-891d-eeee0a87b8c8.oilAndGas_Tracking-db-deployer#flowable-async-job-executor-thread-46052#
[PollExecuteTaskStatusExecution] 52a04f91-d475-434e-9079-0912c2b169f3 [2026-08-17T07:16:58.227129] "tags": [ (STDOUT, APP/TASK/deploy)#
#2026 08 17 07:17:08.099#Z#DEBUG#4a1cb87e-9a0b-11f1-891d-eeee0a87b8c8.oilAndGas_Tracking-db-deployer#flowable-async-job-executor-thread-46052#
[PollExecuteTaskStatusExecution] 52a04f91-d475-434e-9079-0912c2b169f3 [2026-08-17T07:16:58.227131] "hana", (STDOUT, APP/TASK/deploy)#
#2026 08 17 07:17:08.099#Z#DEBUG#4a1cb87e-9a0b-11f1-891d-eeee0a87b8c8.oilAndGas_Tracking-db-deployer#flowable-async-job-executor-thread-46052#
[PollExecuteTaskStatusExecution] 52a04f91-d475-434e-9079-0912c2b169f3 [2026-08-17T07:16:58.227135] "database", (STDOUT, APP/TASK/deploy)#
#2026 08 17 07:17:08.099#Z#DEBUG#4a1cb87e-9a0b-11f1-891d-eeee0a87b8c8.oilAndGas_Tracking-db-deployer#flowable-async-job-executor-thread-46052#
[PollExecuteTaskStatusExecution] 52a04f91-d475-434e-9079-0912c2b169f3 [2026-08-17T07:16:58.227138] "relational" (STDOUT, APP/TASK/deploy)#
#2026 08 17 07:17:08.099#Z#DEBUG#4a1cb87e-9a0b-11f1-891d-eeee0a87b8c8.oilAndGas_Tracking-db-deployer#flowable-async-job-executor-thread-46052#
[PollExecuteTaskStatusExecution] 52a04f91-d475-434e-9079-0912c2b169f3 [2026-08-17T07:16:58.227141] ] (STDOUT, APP/TASK/deploy)#
#2026 08 17 07:17:08.099#Z#DEBUG#4a1cb87e-9a0b-11f1-891d-eeee0a87b8c8.oilAndGas_Tracking-db-deployer#flowable-async-job-executor-thread-46052#
[PollExecuteTaskStatusExecution] 52a04f91-d475-434e-9079-0912c2b169f3 [2026-08-17T07:16:58.227143] } (STDOUT, APP/TASK/deploy)#
#2026 08 17 07:17:08.099#Z#DEBUG#4a1cb87e-9a0b-11f1-891d-eeee0a87b8c8.oilAndGas_Tracking-db-deployer#flowable-async-job-executor-thread-46052#
[PollExecuteTaskStatusExecution] 52a04f91-d475-434e-9079-0912c2b169f3 [2026-08-17T07:16:58.227145] ] (STDOUT, APP/TASK/deploy)#
#2026 08 17 07:17:08.099#Z#DEBUG#4a1cb87e-9a0b-11f1-891d-eeee0a87b8c8.oilAndGas_Tracking-db-deployer#flowable-async-job-executor-thread-46052#
[PollExecuteTaskStatusExecution] 52a04f91-d475-434e-9079-0912c2b169f3 [2026-08-17T07:16:58.227148] } (STDOUT, APP/TASK/deploy)#
#2026 08 17 07:17:08.099#Z#DEBUG#4a1cb87e-9a0b-11f1-891d-eeee0a87b8c8.oilAndGas_Tracking-db-deployer#flowable-async-job-executor-thread-46052#
[PollExecuteTaskStatusExecution] 52a04f91-d475-434e-9079-0912c2b169f3 [2026-08-17T07:17:02.532778] @sap/hdi-deploy, version 5.7.0 (mode default), server version unknown (0.0.0.0), cloud version , node version 24.15.0, HDI version -1, container API version -1 (STDOUT, APP/TASK/deploy)#
#2026 08 17 07:17:08.099#Z#DEBUG#4a1cb87e-9a0b-11f1-891d-eeee0a87b8c8.oilAndGas_Tracking-db-deployer#flowable-async-job-executor-thread-46052#
[PollExecuteTaskStatusExecution] 52a04f91-d475-434e-9079-0912c2b169f3 [2026-08-17T07:17:02.533737] Deployment started at 2026-08-17 07:17:02 (STDOUT, APP/TASK/deploy)#
#2026 08 17 07:17:08.099#Z#DEBUG#4a1cb87e-9a0b-11f1-891d-eeee0a87b8c8.oilAndGas_Tracking-db-deployer#flowable-async-job-executor-thread-46052#
[PollExecuteTaskStatusExecution] 52a04f91-d475-434e-9079-0912c2b169f3 [2026-08-17T07:17:02.534244] Using hdb@2.29.6 for connection (STDOUT, APP/TASK/deploy)#
#2026 08 17 07:17:08.099#Z#DEBUG#4a1cb87e-9a0b-11f1-891d-eeee0a87b8c8.oilAndGas_Tracking-db-deployer#flowable-async-job-executor-thread-46052#
[PollExecuteTaskStatusExecution] 52a04f91-d475-434e-9079-0912c2b169f3 [2026-08-17T07:17:02.534262] Detection of server version failed; root cause: HANA Database instance is stopped (STDOUT, APP/TASK/deploy)#
#2026 08 17 07:17:08.099#Z#DEBUG#4a1cb87e-9a0b-11f1-891d-eeee0a87b8c8.oilAndGas_Tracking-db-deployer#flowable-async-job-executor-thread-46052#
[PollExecuteTaskStatusExecution] 52a04f91-d475-434e-9079-0912c2b169f3 [2026-08-17T07:17:02.534408] Detection of cloud version failed; root cause: HANA Database instance is stopped (STDOUT, APP/TASK/deploy)#
#2026 08 17 07:17:08.099#Z#DEBUG#4a1cb87e-9a0b-11f1-891d-eeee0a87b8c8.oilAndGas_Tracking-db-deployer#flowable-async-job-executor-thread-46052#
[PollExecuteTaskStatusExecution] 52a04f91-d475-434e-9079-0912c2b169f3 [2026-08-17T07:17:02.534535] Detection of container API version failed; root cause: HANA Database instance is stopped (STDOUT, APP/TASK/deploy)#
#2026 08 17 07:17:08.099#Z#DEBUG#4a1cb87e-9a0b-11f1-891d-eeee0a87b8c8.oilAndGas_Tracking-db-deployer#flowable-async-job-executor-thread-46052#
[PollExecuteTaskStatusExecution] 52a04f91-d475-434e-9079-0912c2b169f3 [2026-08-17T07:17:02.534554] Detection of HDI version failed; root cause: HANA Database instance is stopped (STDOUT, APP/TASK/deploy)#
#2026 08 17 07:17:08.099#Z#DEBUG#4a1cb87e-9a0b-11f1-891d-eeee0a87b8c8.oilAndGas_Tracking-db-deployer#flowable-async-job-executor-thread-46052#
[PollExecuteTaskStatusExecution] 52a04f91-d475-434e-9079-0912c2b169f3 [2026-08-17T07:17:02.534893] Deployment ended at 2026-08-17 07:17:02 (STDOUT, APP/TASK/deploy)#
#2026 08 17 07:17:08.099#Z#DEBUG#4a1cb87e-9a0b-11f1-891d-eeee0a87b8c8.oilAndGas_Tracking-db-deployer#flowable-async-job-executor-thread-46052#
[PollExecuteTaskStatusExecution] 52a04f91-d475-434e-9079-0912c2b169f3 [2026-08-17T07:17:02.535099] Error: Option parameter is not supported by the server; based on detected server version unknown (STDERR, APP/TASK/deploy)#
#2026 08 17 07:17:08.099#Z#DEBUG#4a1cb87e-9a0b-11f1-891d-eeee0a87b8c8.oilAndGas_Tracking-db-deployer#flowable-async-job-executor-thread-46052#
[PollExecuteTaskStatusExecution] 52a04f91-d475-434e-9079-0912c2b169f3 [2026-08-17T07:17:02.535325] (4s 439ms) (STDOUT, APP/TASK/deploy)#
#2026 08 17 07:17:08.099#Z#DEBUG#4a1cb87e-9a0b-11f1-891d-eeee0a87b8c8.oilAndGas_Tracking-db-deployer#flowable-async-job-executor-thread-46052#
[PollExecuteTaskStatusExecution] 52a04f91-d475-434e-9079-0912c2b169f3 [2026-08-17T07:17:02.552654] npm notice (STDERR, APP/TASK/deploy)#
#2026 08 17 07:17:08.099#Z#DEBUG#4a1cb87e-9a0b-11f1-891d-eeee0a87b8c8.oilAndGas_Tracking-db-deployer#flowable-async-job-executor-thread-46052#
[PollExecuteTaskStatusExecution] 52a04f91-d475-434e-9079-0912c2b169f3 [2026-08-17T07:17:02.552687] npm notice New major version of npm available! 11.12.1 -> 12.0.2 (STDERR, APP/TASK/deploy)#
#2026 08 17 07:17:08.099#Z#DEBUG#4a1cb87e-9a0b-11f1-891d-eeee0a87b8c8.oilAndGas_Tracking-db-deployer#flowable-async-job-executor-thread-46052#
[PollExecuteTaskStatusExecution] 52a04f91-d475-434e-9079-0912c2b169f3 [2026-08-17T07:17:02.552692] npm notice Changelog: https://github.com/npm/cli/releases/tag/v12.0.2 (STDERR, APP/TASK/deploy)#
#2026 08 17 07:17:08.099#Z#DEBUG#4a1cb87e-9a0b-11f1-891d-eeee0a87b8c8.oilAndGas_Tracking-db-deployer#flowable-async-job-executor-thread-46052#
[PollExecuteTaskStatusExecution] 52a04f91-d475-434e-9079-0912c2b169f3 [2026-08-17T07:17:02.552695] npm notice To update run: npm install -g npm@12.0.2 (STDERR, APP/TASK/deploy)#
#2026 08 17 07:17:08.099#Z#DEBUG#4a1cb87e-9a0b-11f1-891d-eeee0a87b8c8.oilAndGas_Tracking-db-deployer#flowable-async-job-executor-thread-46052#
[PollExecuteTaskStatusExecution] 52a04f91-d475-434e-9079-0912c2b169f3 [2026-08-17T07:17:02.552697] npm notice (STDERR, APP/TASK/deploy)#
#2026 08 17 07:17:08.099#Z#DEBUG#4a1cb87e-9a0b-11f1-891d-eeee0a87b8c8.oilAndGas_Tracking-db-deployer#flowable-async-job-executor-thread-46052#
[PollExecuteTaskStatusExecution] 52a04f91-d475-434e-9079-0912c2b169f3 [2026-08-17T07:17:02.638645] Exit status 1 (STDOUT, APP/TASK/deploy)#
#2026 08 17 07:17:08.099#Z#DEBUG#4a1cb87e-9a0b-11f1-891d-eeee0a87b8c8.oilAndGas_Tracking-db-deployer#flowable-async-job-executor-thread-46052#
[PollExecuteTaskStatusExecution] 52a04f91-d475-434e-9079-0912c2b169f3 [2026-08-17T07:17:03.165607] Cell 684caff8-89cd-492b-be01-b3d0835f1763 stopping instance 5c036a94-3d17-4cb4-b41f-bd0dd0a14984 (STDOUT, CELL)#
#2026 08 17 07:17:08.099#Z#DEBUG#4a1cb87e-9a0b-11f1-891d-eeee0a87b8c8.oilAndGas_Tracking-db-deployer#flowable-async-job-executor-thread-46052#
[PollExecuteTaskStatusExecution] 52a04f91-d475-434e-9079-0912c2b169f3 [2026-08-17T07:17:03.165647] Cell 684caff8-89cd-492b-be01-b3d0835f1763 destroying container for instance 5c036a94-3d17-4cb4-b41f-bd0dd0a14984 (STDOUT, CELL)#
#2026 08 17 07:17:08.099#Z#DEBUG#4a1cb87e-9a0b-11f1-891d-eeee0a87b8c8.oilAndGas_Tracking-db-deployer#flowable-async-job-executor-thread-46052#
[PollExecuteTaskStatusExecution] 52a04f91-d475-434e-9079-0912c2b169f3 [2026-08-17T07:17:06.000109] Cell 684caff8-89cd-492b-be01-b3d0835f1763 successfully destroyed container for instance 5c036a94-3d17-4cb4-b41f-bd0dd0a14984 (STDOUT, CELL)#
