#2026 08 17 07:14:30.391#Z#INFO#4a1cb87e-9a0b-11f1-891d-eeee0a87b8c8.OPERATION#http-nio-0.0.0.0-8080-exec-12#
[XS2StartProcessListener] Operation ID: 4a1cb87e-9a0b-11f1-891d-eeee0a87b8c8#
#2026 08 17 07:14:30.409#Z#DEBUG#4a1cb87e-9a0b-11f1-891d-eeee0a87b8c8.OPERATION#http-nio-0.0.0.0-8080-exec-12#
[XS2StartProcessListener] Process environment: {
  "SKIP_SSL_VALIDATION" : "false",
  "FLOWABLE_JOB_EXECUTOR_MAX_THREADS" : "32",
  "VERSION" : "2.51.0",
  "BASIC_AUTH_ENABLED" : "true",
  "FLOWABLE_JOB_EXECUTOR_QUEUE_CAPACITY" : "16",
  "FLOWABLE_JOB_EXECUTOR_CORE_THREADS" : "8"
}#
#2026 08 17 07:14:30.409#Z#DEBUG#4a1cb87e-9a0b-11f1-891d-eeee0a87b8c8.OPERATION#http-nio-0.0.0.0-8080-exec-12#
[XS2StartProcessListener] Current user: m.jafarali@sierradigitalinc.com#
#2026 08 17 07:14:30.409#Z#DEBUG#4a1cb87e-9a0b-11f1-891d-eeee0a87b8c8.OPERATION#http-nio-0.0.0.0-8080-exec-12#
[XS2StartProcessListener] Client space: dev#
#2026 08 17 07:14:30.409#Z#DEBUG#4a1cb87e-9a0b-11f1-891d-eeee0a87b8c8.OPERATION#http-nio-0.0.0.0-8080-exec-12#
[XS2StartProcessListener] Client organization: bdf5b6cctrial#
#2026 08 17 07:14:30.410#Z#INFO#4a1cb87e-9a0b-11f1-891d-eeee0a87b8c8.OPERATION#http-nio-0.0.0.0-8080-exec-12#
[XS2StartProcessListener] Process variables: {
  "keepFiles" : false,
  "skipAppDigestCalculation" : false,
  "abortOnError" : false,
  "mtaId" : "oilAndGas_Tracking",
  "versionRule" : "ALL",
  "noFailOnMissingPermissions" : false,
  "isSecurityEnabled" : false,
  "apiRequestPath" : "https://deploy-service.cf.us10-001.hana.ondemand.com/api/v1/spaces/54d05607-5b01-4832-8a17-1192fd3a42a4/operations",
  "deleteServiceBrokers" : false,
  "appArchiveId" : "a1ddbce5-ff3c-4e12-bc91-7ad02396ed08",
  "isDisposableUserProvidedServiceEnabled" : false,
  "deleteServiceKeys" : false,
  "noRestartSubscribedApps" : false,
  "noStart" : false,
  "deleteServices" : false
}#
#2026 08 17 07:14:30.453#Z#DEBUG#4a1cb87e-9a0b-11f1-891d-eeee0a87b8c8.OPERATION#flowable-async-job-executor-thread-18977#
[ValidateDeployParametersStep] Executing task "validateParametersTask" of process "4a1cb8a4-9a0b-11f1-891d-eeee0a87b8c8"...#
#2026 08 17 07:14:30.453#Z#DEBUG#4a1cb87e-9a0b-11f1-891d-eeee0a87b8c8.OPERATION#flowable-async-job-executor-thread-18977#
[ValidateDeployParametersStep] Validating parameters...#
#2026 08 17 07:14:30.455#Z#INFO#4a1cb87e-9a0b-11f1-891d-eeee0a87b8c8.OPERATION#flowable-async-job-executor-thread-18977#
[ValidateDeployParametersStep] Size of mtars is 5,927,579 and size of extension descriptors is 0#
#2026 08 17 07:14:30.481#Z#INFO#4a1cb87e-9a0b-11f1-891d-eeee0a87b8c8.OPERATION#flowable-async-job-executor-thread-18977#
[ValidateDeployParametersStep] Archive was not split! Total size in bytes: 5,927,579#
#2026 08 17 07:14:30.481#Z#INFO#4a1cb87e-9a0b-11f1-891d-eeee0a87b8c8.OPERATION#flowable-async-job-executor-thread-18977#
[ValidateDeployParametersStep] Deploying in org "bdf5b6cctrial" and space "dev"#
#2026 08 17 07:14:30.498#Z#DEBUG#4a1cb87e-9a0b-11f1-891d-eeee0a87b8c8.OPERATION#flowable-async-job-executor-thread-18977#
[ValidateDeployParametersStep] Parameters validated#
#2026 08 17 07:14:30.498#Z#DEBUG#4a1cb87e-9a0b-11f1-891d-eeee0a87b8c8.OPERATION#flowable-async-job-executor-thread-18977#
Step "Validate Parameters" finished#
#2026 08 17 07:14:30.528#Z#DEBUG#4a1cb87e-9a0b-11f1-891d-eeee0a87b8c8.OPERATION#flowable-async-job-executor-thread-18978#
[DeleteRemainingFileParts] Executing task "deleteRemainingFileParts" of process "4a1cb8a4-9a0b-11f1-891d-eeee0a87b8c8"...#
#2026 08 17 07:14:30.530#Z#DEBUG#4a1cb87e-9a0b-11f1-891d-eeee0a87b8c8.OPERATION#flowable-async-job-executor-thread-18978#
Step "Delete Remaining File Parts" finished#
#2026 08 17 07:14:30.557#Z#DEBUG#4a1cb87e-9a0b-11f1-891d-eeee0a87b8c8.OPERATION#flowable-async-job-executor-thread-18979#
[XS2ProcessMtaArchiveStep] Executing task "processArchiveTask" of process "4a1cb8a4-9a0b-11f1-891d-eeee0a87b8c8"...#
#2026 08 17 07:14:30.557#Z#DEBUG#4a1cb87e-9a0b-11f1-891d-eeee0a87b8c8.OPERATION#flowable-async-job-executor-thread-18979#
[XS2ProcessMtaArchiveStep] Processing MTA archive...#
#2026 08 17 07:14:30.557#Z#DEBUG#4a1cb87e-9a0b-11f1-891d-eeee0a87b8c8.OPERATION#flowable-async-job-executor-thread-18979#
[XS2ProcessMtaArchiveStep] MTA Archive ID: a1ddbce5-ff3c-4e12-bc91-7ad02396ed08#
#2026 08 17 07:14:30.704#Z#DEBUG#4a1cb87e-9a0b-11f1-891d-eeee0a87b8c8.OPERATION#flowable-async-job-executor-thread-18979#
[XS2ProcessMtaArchiveStep] MTA Descriptor length: 1,746#
#2026 08 17 07:14:30.704#Z#DEBUG#4a1cb87e-9a0b-11f1-891d-eeee0a87b8c8.OPERATION#flowable-async-job-executor-thread-18979#
[XS2ProcessMtaArchiveStep] MTA Archive Modules: [oilandgas-tracking-ui, oilAndGas_Tracking-srv, oilAndGas_Tracking-db-deployer]#
#2026 08 17 07:14:30.704#Z#DEBUG#4a1cb87e-9a0b-11f1-891d-eeee0a87b8c8.OPERATION#flowable-async-job-executor-thread-18979#
[XS2ProcessMtaArchiveStep] MTA Archive Requires: []#
#2026 08 17 07:14:30.704#Z#DEBUG#4a1cb87e-9a0b-11f1-891d-eeee0a87b8c8.OPERATION#flowable-async-job-executor-thread-18979#
[XS2ProcessMtaArchiveStep] MTA Archive Resources: [oilAndGas_Tracking-auth]#
#2026 08 17 07:14:30.713#Z#DEBUG#4a1cb87e-9a0b-11f1-891d-eeee0a87b8c8.OPERATION#flowable-async-job-executor-thread-18979#
[XS2ProcessMtaArchiveStep] MTA archive processed#
#2026 08 17 07:14:30.713#Z#DEBUG#4a1cb87e-9a0b-11f1-891d-eeee0a87b8c8.OPERATION#flowable-async-job-executor-thread-18979#
Step "Process Archive" finished#
#2026 08 17 07:14:30.753#Z#DEBUG#4a1cb87e-9a0b-11f1-891d-eeee0a87b8c8.OPERATION#flowable-async-job-executor-thread-18980#
[ProcessMtaExtensionDescriptorsStep] Executing task "processExtensionDescriptorsTask" of process "4a1cb8a4-9a0b-11f1-891d-eeee0a87b8c8"...#
#2026 08 17 07:14:30.754#Z#DEBUG#4a1cb87e-9a0b-11f1-891d-eeee0a87b8c8.OPERATION#flowable-async-job-executor-thread-18980#
[ProcessMtaExtensionDescriptorsStep] Processing MTA extension descriptors...#
#2026 08 17 07:14:30.757#Z#DEBUG#4a1cb87e-9a0b-11f1-891d-eeee0a87b8c8.OPERATION#flowable-async-job-executor-thread-18980#
[ProcessMtaExtensionDescriptorsStep] Provided extension descriptors: [ ]#
#2026 08 17 07:14:30.757#Z#DEBUG#4a1cb87e-9a0b-11f1-891d-eeee0a87b8c8.OPERATION#flowable-async-job-executor-thread-18980#
[ProcessMtaExtensionDescriptorsStep] No extension descriptors in use#
#2026 08 17 07:14:30.757#Z#DEBUG#4a1cb87e-9a0b-11f1-891d-eeee0a87b8c8.OPERATION#flowable-async-job-executor-thread-18980#
[ProcessMtaExtensionDescriptorsStep] MTA extension descriptors processed#
#2026 08 17 07:14:30.757#Z#DEBUG#4a1cb87e-9a0b-11f1-891d-eeee0a87b8c8.OPERATION#flowable-async-job-executor-thread-18980#
Step "Process Extension Descriptors" finished#
#2026 08 17 07:14:30.795#Z#DEBUG#4a1cb87e-9a0b-11f1-891d-eeee0a87b8c8.OPERATION#flowable-async-job-executor-thread-18981#
[XS2DetectMtaSchemaVersionStep] Executing task "detectSchemaVersionTask" of process "4a1cb8a4-9a0b-11f1-891d-eeee0a87b8c8"...#
#2026 08 17 07:14:30.795#Z#DEBUG#4a1cb87e-9a0b-11f1-891d-eeee0a87b8c8.OPERATION#flowable-async-job-executor-thread-18981#
[XS2DetectMtaSchemaVersionStep] Detecting MTA major schema version...#
#2026 08 17 07:14:30.798#Z#INFO#4a1cb87e-9a0b-11f1-891d-eeee0a87b8c8.OPERATION#flowable-async-job-executor-thread-18981#
[XS2DetectMtaSchemaVersionStep] Detected MTA schema version: "3"#
#2026 08 17 07:14:30.802#Z#DEBUG#4a1cb87e-9a0b-11f1-891d-eeee0a87b8c8.OPERATION#flowable-async-job-executor-thread-18981#
Step "Detect Schema Version" finished#
#2026 08 17 07:14:30.834#Z#DEBUG#4a1cb87e-9a0b-11f1-891d-eeee0a87b8c8.OPERATION#flowable-async-job-executor-thread-18982#
[MergeDescriptorsStep] Executing task "mergeDescriptorsTask" of process "4a1cb8a4-9a0b-11f1-891d-eeee0a87b8c8"...#
#2026 08 17 07:14:30.835#Z#DEBUG#4a1cb87e-9a0b-11f1-891d-eeee0a87b8c8.OPERATION#flowable-async-job-executor-thread-18982#
[MergeDescriptorsStep] Validating and merging descriptors...#
#2026 08 17 07:14:30.837#Z#DEBUG#4a1cb87e-9a0b-11f1-891d-eeee0a87b8c8.OPERATION#flowable-async-job-executor-thread-18982#
[MergeDescriptorsStep] Merged deployment descriptor: {
  "majorSchemaVersion" : 3,
  "schemaVersion" : "3.3.0",
  "id" : "oilAndGas_Tracking",
  "version" : "1.0.0",
  "modules" : [ {
    "majorSchemaVersion" : 3,
    "name" : "oilAndGas_Tracking-srv",
    "type" : "javascript.nodejs",
    "path" : "oilAndGas_Tracking-srv",
    "properties" : { },
    "parameters" : {
      "buildpack" : "nodejs_buildpack",
      "instances" : 1
    },
    "requiredDependencies" : [ {
      "majorSchemaVersion" : 3,
      "name" : "oilAndGas_Tracking-db",
      "properties" : { },
      "parameters" : { },
      "propertiesMetadata" : {
        "metadata" : { }
      },
      "parametersMetadata" : {
        "metadata" : { }
      }
    }, {
      "majorSchemaVersion" : 3,
      "name" : "********",
      "properties" : { },
      "parameters" : { },
      "propertiesMetadata" : {
        "metadata" : { }
      },
      "parametersMetadata" : {
        "metadata" : { }
      }
    } ],
    "providedDependencies" : [ {
      "majorSchemaVersion" : 3,
      "name" : "srv-api",
      "isPublic" : false,
      "properties" : {
        "srv-url" : "${default-url}"
      },
      "parameters" : { },
      "propertiesMetadata" : {
        "metadata" : { }
      },
      "parametersMetadata" : {
        "metadata" : { }
      }
    }, {
      "majorSchemaVersion" : 3,
      "name" : "oilAndGas_Tracking-srv",
      "isPublic" : false,
      "properties" : { },
      "parameters" : { },
      "propertiesMetadata" : {
        "metadata" : { }
      },
      "parametersMetadata" : {
        "metadata" : { }
      }
    } ],
    "propertiesMetadata" : {
      "metadata" : { }
    },
    "parametersMetadata" : {
      "metadata" : { }
    },
    "hooks" : [ ]
  }, {
    "majorSchemaVersion" : 3,
    "name" : "oilAndGas_Tracking-db-deployer",
    "type" : "com.sap.xs.hdi",
    "path" : "oilAndGas_Tracking-db-deployer",
    "properties" : {
      "EXIT" : 1
    },
    "parameters" : {
      "memory" : "256M",
      "buildpack" : "nodejs_buildpack",
      "no-route" : true,
      "dependency-type" : "hard",
      "tasks" : [ {
        "name" : "deploy",
        "memory" : "256M",
        "command" : "npm start"
      } ],
      "no-start" : true
    },
    "requiredDependencies" : [ {
      "majorSchemaVersion" : 3,
      "name" : "oilAndGas_Tracking-db",
      "properties" : { },
      "parameters" : { },
      "propertiesMetadata" : {
        "metadata" : { }
      },
      "parametersMetadata" : {
        "metadata" : { }
      }
    } ],
    "providedDependencies" : [ {
      "majorSchemaVersion" : 3,
      "name" : "oilAndGas_Tracking-db-deployer",
      "isPublic" : false,
      "properties" : { },
      "parameters" : { },
      "propertiesMetadata" : {
        "metadata" : { }
      },
      "parametersMetadata" : {
        "metadata" : { }
      }
    } ],
    "propertiesMetadata" : {
      "metadata" : { }
    },
    "parametersMetadata" : {
      "metadata" : { }
    },
    "hooks" : [ ]
  }, {
    "majorSchemaVersion" : 3,
    "name" : "oilandgas-tracking-ui",
    "type" : "staticfile",
    "path" : "oilandgas-tracking-ui",
    "properties" : { },
    "parameters" : {
      "buildpack" : "staticfile_buildpack",
      "disk-quota" : "256M",
      "memory" : "64M"
    },
    "requiredDependencies" : [ ],
    "providedDependencies" : [ {
      "majorSchemaVersion" : 3,
      "name" : "oilandgas-tracking-ui",
      "isPublic" : false,
      "properties" : { },
      "parameters" : { },
      "propertiesMetadata" : {
        "metadata" : { }
      },
      "parametersMetadata" : {
        "metadata" : { }
      }
    } ],
    "propertiesMetadata" : {
      "metadata" : { }
    },
    "parametersMetadata" : {
      "metadata" : { }
    },
    "hooks" : [ ]
  } ],
  "resources" : [ {
    "majorSchemaVersion" : 3,
    "name" : "********",
    "type" : "org.cloudfoundry.managed-service",
    "properties" : { },
    "parameters" : {
      "path" : "./backend/xs-security.json",
      "service-plan" : "application",
      "type" : "managed-service",
      "service" : "xsuaa"
    },
    "isActive" : true,
    "isOptional" : false,
    "propertiesMetadata" : {
      "metadata" : { }
    },
    "parametersMetadata" : {
      "metadata" : { }
    },
    "requiredDependencies" : [ ],
    "processedAfter" : [ ]
  }, {
    "majorSchemaVersion" : 3,
    "name" : "oilAndGas_Tracking-db",
    "type" : "com.sap.xs.hdi-container",
    "properties" : { },
    "parameters" : {
      "type" : "managed-service",
      "service" : "hana",
      "service-plan" : "hdi-shared"
    },
    "isActive" : true,
    "isOptional" : false,
    "propertiesMetadata" : {
      "metadata" : { }
    },
    "parametersMetadata" : {
      "metadata" : { }
    },
    "requiredDependencies" : [ ],
    "processedAfter" : [ ]
  }, {
    "majorSchemaVersion" : 3,
    "name" : "oilAndGas_Tracking-dest",
    "type" : "org.cloudfoundry.managed-service",
    "properties" : { },
    "parameters" : {
      "type" : "managed-service",
      "service" : "destination",
      "service-plan" : "lite"
    },
    "isActive" : true,
    "isOptional" : false,
    "propertiesMetadata" : {
      "metadata" : { }
    },
    "parametersMetadata" : {
      "metadata" : { }
    },
    "requiredDependencies" : [ ],
    "processedAfter" : [ ]
  }, {
    "majorSchemaVersion" : 3,
    "name" : "oilAndGas-html5-repo-host",
    "type" : "org.cloudfoundry.managed-service",
    "properties" : { },
    "parameters" : {
      "type" : "managed-service",
      "service" : "html5-apps-repo",
      "service-plan" : "app-host"
    },
    "isActive" : true,
    "isOptional" : false,
    "propertiesMetadata" : {
      "metadata" : { }
    },
    "parametersMetadata" : {
      "metadata" : { }
    },
    "requiredDependencies" : [ ],
    "processedAfter" : [ ]
  }, {
    "majorSchemaVersion" : 3,
    "name" : "oilAndGas-html5-runtime",
    "type" : "org.cloudfoundry.managed-service",
    "properties" : { },
    "parameters" : {
      "type" : "managed-service",
      "service" : "html5-apps-repo",
      "service-plan" : "app-runtime"
    },
    "isActive" : true,
    "isOptional" : false,
    "propertiesMetadata" : {
      "metadata" : { }
    },
    "parametersMetadata" : {
      "metadata" : { }
    },
    "requiredDependencies" : [ ],
    "processedAfter" : [ ]
  } ],
  "parameters" : {
    "enable-parallel-deployments" : true
  },
  "parametersMetadata" : {
    "metadata" : { }
  }
}#
#2026 08 17 07:14:30.840#Z#DEBUG#4a1cb87e-9a0b-11f1-891d-eeee0a87b8c8.OPERATION#flowable-async-job-executor-thread-18982#
[MergeDescriptorsStep] Descriptors validated and merged#
#2026 08 17 07:14:30.840#Z#DEBUG#4a1cb87e-9a0b-11f1-891d-eeee0a87b8c8.OPERATION#flowable-async-job-executor-thread-18982#
Step "Merge Descriptors" finished#
#2026 08 17 07:14:30.878#Z#DEBUG#4a1cb87e-9a0b-11f1-891d-eeee0a87b8c8.OPERATION#flowable-async-job-executor-thread-18974#
[DetectDeployedMtaStep] Executing task "detectDeployedMtaTask" of process "4a1cb8a4-9a0b-11f1-891d-eeee0a87b8c8"...#
#2026 08 17 07:14:30.879#Z#DEBUG#4a1cb87e-9a0b-11f1-891d-eeee0a87b8c8.OPERATION#flowable-async-job-executor-thread-18974#
[DetectDeployedMtaStep] Detecting deployed MTA...#
#2026 08 17 07:14:30.944#Z#DEBUG#4a1cb87e-9a0b-11f1-891d-eeee0a87b8c8.OPERATION#flowable-async-job-executor-thread-18974#
[DetectDeployedMtaStep] Detecting MTA by id oilAndGas_Tracking and namespace null#
#2026 08 17 07:14:30.944#Z#DEBUG#4a1cb87e-9a0b-11f1-891d-eeee0a87b8c8.OPERATION#flowable-async-job-executor-thread-18974#
[DetectDeployedMtaStep] Getting applications by metadata label selector "mta_id=fa0d0115ca3f29b920740c4aeed6e832,!mta_namespace"...#
#2026 08 17 07:14:30.995#Z#DEBUG#4a1cb87e-9a0b-11f1-891d-eeee0a87b8c8.OPERATION#flowable-async-job-executor-thread-18974#
[DetectDeployedMtaStep] Getting service instances by metadata label selector "mta_id=fa0d0115ca3f29b920740c4aeed6e832,!mta_namespace"...#
#2026 08 17 07:14:31.127#Z#DEBUG#4a1cb87e-9a0b-11f1-891d-eeee0a87b8c8.OPERATION#flowable-async-job-executor-thread-18974#
[DetectDeployedMtaStep] Deployed MTA: {
  "metadata" : {
    "id" : "oilAndGas_Tracking",
    "version" : "1.0.0"
  },
  "applications" : [ {
    "name" : "oilAndGas_Tracking-srv",
    "metadata" : {
      "guid" : "1ffc2d3b-c852-4def-9096-ff93b6953ea9",
      "createdAt" : [ 2026, 8, 10, 12, 17, 12 ],
      "updatedAt" : [ 2026, 8, 17, 7, 1, 28 ]
    },
    "v3Metadata" : {
      "annotations" : {
        "mta_id" : "oilAndGas_Tracking",
        "mta_version" : "1.0.0",
        "mta_module" : "{\"name\":\"oilAndGas_Tracking-srv\"}",
        "mta_module_provided_dependencies" : "[]",
        "mta_bound_services" : "********"
      },
      "labels" : {
        "mta_id" : "fa0d0115ca3f29b920740c4aeed6e832"
      }
    },
    "state" : "STARTED",
    "lifecycle" : {
      "type" : "BUILDPACK",
      "data" : {
        "buildpacks" : [ "nodejs_buildpack" ],
        "stack" : "cflinuxfs4"
      }
    },
    "space" : {
      "name" : "dev",
      "metadata" : {
        "guid" : "54d05607-5b01-4832-8a17-1192fd3a42a4",
        "createdAt" : [ 2026, 8, 10, 10, 42, 42 ],
        "updatedAt" : [ 2026, 8, 10, 10, 42, 42 ]
      },
      "organization" : {
        "name" : "bdf5b6cctrial",
        "metadata" : {
          "guid" : "dd6970d2-ae68-4ced-8d37-796b3a61f2bb",
          "createdAt" : [ 2026, 8, 10, 10, 42, 40 ],
          "updatedAt" : [ 2026, 8, 10, 10, 42, 42 ]
        }
      }
    },
    "moduleName" : "oilAndGas_Tracking-srv",
    "boundMtaServices" : [ "oilAndGas_Tracking-db", "********" ],
    "providedDependencyNames" : [ ],
    "productizationState" : "LIVE"
  }, {
    "name" : "oilAndGas_Tracking-db-deployer",
    "metadata" : {
      "guid" : "52a04f91-d475-434e-9079-0912c2b169f3",
      "createdAt" : [ 2026, 8, 10, 12, 17, 12 ],
      "updatedAt" : [ 2026, 8, 17, 7, 2, 11 ]
    },
    "v3Metadata" : {
      "annotations" : {
        "mta_id" : "oilAndGas_Tracking",
        "mta_version" : "1.0.0",
        "mta_module" : "{\"name\":\"oilAndGas_Tracking-db-deployer\"}",
        "mta_module_provided_dependencies" : "[]",
        "mta_bound_services" : "[\"oilAndGas_Tracking-db\"]"
      },
      "labels" : {
        "mta_id" : "fa0d0115ca3f29b920740c4aeed6e832"
      }
    },
    "state" : "STOPPED",
    "lifecycle" : {
      "type" : "BUILDPACK",
      "data" : {
        "buildpacks" : [ "nodejs_buildpack" ],
        "stack" : "cflinuxfs4"
      }
    },
    "space" : {
      "name" : "dev",
      "metadata" : {
        "guid" : "54d05607-5b01-4832-8a17-1192fd3a42a4",
        "createdAt" : [ 2026, 8, 10, 10, 42, 42 ],
        "updatedAt" : [ 2026, 8, 10, 10, 42, 42 ]
      },
      "organization" : {
        "name" : "bdf5b6cctrial",
        "metadata" : {
          "guid" : "dd6970d2-ae68-4ced-8d37-796b3a61f2bb",
          "createdAt" : [ 2026, 8, 10, 10, 42, 40 ],
          "updatedAt" : [ 2026, 8, 10, 10, 42, 42 ]
        }
      }
    },
    "moduleName" : "oilAndGas_Tracking-db-deployer",
    "boundMtaServices" : [ "oilAndGas_Tracking-db" ],
    "providedDependencyNames" : [ ],
    "productizationState" : "LIVE"
  }, {
    "name" : "oilandgas-tracking-ui",
    "metadata" : {
      "guid" : "55fdbe42-21c0-4124-910f-f3ff570d973c",
      "createdAt" : [ 2026, 8, 16, 17, 57, 36 ],
      "updatedAt" : [ 2026, 8, 17, 7, 0, 48 ]
    },
    "v3Metadata" : {
      "annotations" : {
        "mta_id" : "oilAndGas_Tracking",
        "mta_version" : "1.0.0",
        "mta_module" : "{\"name\":\"oilandgas-tracking-ui\"}",
        "mta_module_provided_dependencies" : "[]",
        "mta_bound_services" : "[]"
      },
      "labels" : {
        "mta_id" : "fa0d0115ca3f29b920740c4aeed6e832"
      }
    },
    "state" : "STARTED",
    "lifecycle" : {
      "type" : "BUILDPACK",
      "data" : {
        "buildpacks" : [ "staticfile_buildpack" ],
        "stack" : "cflinuxfs4"
      }
    },
    "space" : {
      "name" : "dev",
      "metadata" : {
        "guid" : "54d05607-5b01-4832-8a17-1192fd3a42a4",
        "createdAt" : [ 2026, 8, 10, 10, 42, 42 ],
        "updatedAt" : [ 2026, 8, 10, 10, 42, 42 ]
      },
      "organization" : {
        "name" : "bdf5b6cctrial",
        "metadata" : {
          "guid" : "dd6970d2-ae68-4ced-8d37-796b3a61f2bb",
          "createdAt" : [ 2026, 8, 10, 10, 42, 40 ],
          "updatedAt" : [ 2026, 8, 10, 10, 42, 42 ]
        }
      }
    },
    "moduleName" : "oilandgas-tracking-ui",
    "boundMtaServices" : [ ],
    "providedDependencyNames" : [ ],
    "productizationState" : "LIVE"
  } ],
  "services" : [ {
    "name" : "oilAndGas_Tracking-db",
    "metadata" : {
      "guid" : "84b05850-48dd-4fd6-ac85-2fb430a150c5",
      "createdAt" : [ 2026, 8, 10, 12, 16, 57 ],
      "updatedAt" : [ 2026, 8, 10, 12, 16, 58 ]
    },
    "v3Metadata" : {
      "annotations" : {
        "mta_id" : "oilAndGas_Tracking",
        "mta_version" : "1.0.0",
        "mta_resource" : "{\"name\":\"oilAndGas_Tracking-db\"}"
      },
      "labels" : {
        "mta_id" : "fa0d0115ca3f29b920740c4aeed6e832"
      }
    },
    "label" : "hana",
    "plan" : "hdi-shared",
    "credentials" : "********",
    "tags" : [ ],
    "type" : "managed",
    "lastOperation" : {
      "type" : "CREATE",
      "state" : "SUCCEEDED"
    },
    "resourceName" : "oilAndGas_Tracking-db"
  }, {
    "name" : "********",
    "metadata" : {
      "guid" : "1a8d4fee-9113-468f-838e-dde4bfb30994",
      "createdAt" : [ 2026, 8, 15, 10, 11, 44 ],
      "updatedAt" : [ 2026, 8, 15, 10, 11, 44 ]
    },
    "v3Metadata" : {
      "annotations" : {
        "mta_id" : "oilAndGas_Tracking",
        "mta_version" : "1.0.0",
        "mta_resource" : "********"
      },
      "labels" : {
        "mta_id" : "fa0d0115ca3f29b920740c4aeed6e832"
      }
    },
    "label" : "xsuaa",
    "plan" : "application",
    "credentials" : "********",
    "tags" : [ ],
    "type" : "managed",
    "lastOperation" : {
      "type" : "UPDATE",
      "description" : "",
      "state" : "SUCCEEDED"
    },
    "resourceName" : "********"
  } ]
}#
#2026 08 17 07:14:31.127#Z#INFO#4a1cb87e-9a0b-11f1-891d-eeee0a87b8c8.OPERATION#flowable-async-job-executor-thread-18974#
[DetectDeployedMtaStep] Detected deployed MTA with ID "oilAndGas_Tracking" and version "1.0.0"#
#2026 08 17 07:14:31.135#Z#DEBUG#4a1cb87e-9a0b-11f1-891d-eeee0a87b8c8.OPERATION#flowable-async-job-executor-thread-18974#
[DetectDeployedMtaStep] Detecting backup mta by id "oilAndGas_Tracking" and namespace "null"#
#2026 08 17 07:14:31.135#Z#DEBUG#4a1cb87e-9a0b-11f1-891d-eeee0a87b8c8.OPERATION#flowable-async-job-executor-thread-18974#
[DetectDeployedMtaStep] Getting applications by metadata label selector "mta_id=fa0d0115ca3f29b920740c4aeed6e832,mta_namespace=b698114a0995e936895b9598a6c19a2c"...#
#2026 08 17 07:14:31.172#Z#DEBUG#4a1cb87e-9a0b-11f1-891d-eeee0a87b8c8.OPERATION#flowable-async-job-executor-thread-18974#
[DetectDeployedMtaStep] Getting service instances by metadata label selector "mta_id=fa0d0115ca3f29b920740c4aeed6e832,mta_namespace=b698114a0995e936895b9598a6c19a2c"...#
#2026 08 17 07:14:31.224#Z#DEBUG#4a1cb87e-9a0b-11f1-891d-eeee0a87b8c8.OPERATION#flowable-async-job-executor-thread-18974#
[DetectDeployedMtaStep] Deployed MTA service keys: [ ]#
#2026 08 17 07:14:31.224#Z#DEBUG#4a1cb87e-9a0b-11f1-891d-eeee0a87b8c8.OPERATION#flowable-async-job-executor-thread-18974#
Step "Detect Deployed MTA" finished#
#2026 08 17 07:14:31.261#Z#DEBUG#4a1cb87e-9a0b-11f1-891d-eeee0a87b8c8.OPERATION#flowable-async-job-executor-thread-18969#
[XS2CollectSystemParametersStep] Executing task "collectSystemParametersTask" of process "4a1cb8a4-9a0b-11f1-891d-eeee0a87b8c8"...#
#2026 08 17 07:14:31.262#Z#DEBUG#4a1cb87e-9a0b-11f1-891d-eeee0a87b8c8.OPERATION#flowable-async-job-executor-thread-18969#
[XS2CollectSystemParametersStep] Collecting system parameters...#
#2026 08 17 07:14:31.263#Z#DEBUG#4a1cb87e-9a0b-11f1-891d-eeee0a87b8c8.OPERATION#flowable-async-job-executor-thread-18969#
[XS2CollectSystemParametersStep] Getting default domain...#
#2026 08 17 07:14:31.291#Z#DEBUG#4a1cb87e-9a0b-11f1-891d-eeee0a87b8c8.OPERATION#flowable-async-job-executor-thread-18969#
[XS2CollectSystemParametersStep] Default domain: cfapps.us10-001.hana.ondemand.com#
#2026 08 17 07:14:31.293#Z#DEBUG#4a1cb87e-9a0b-11f1-891d-eeee0a87b8c8.OPERATION#flowable-async-job-executor-thread-18969#
[XS2CollectSystemParametersStep] Checking for overwriting read-only parameters for mta with id: "oilAndGas_Tracking"#
#2026 08 17 07:14:31.293#Z#DEBUG#4a1cb87e-9a0b-11f1-891d-eeee0a87b8c8.OPERATION#flowable-async-job-executor-thread-18969#
[XS2CollectSystemParametersStep] No read-only parameters are overwritten#
#2026 08 17 07:14:31.305#Z#DEBUG#4a1cb87e-9a0b-11f1-891d-eeee0a87b8c8.OPERATION#flowable-async-job-executor-thread-18969#
[XS2CollectSystemParametersStep] Descriptor with system parameters: {
  "majorSchemaVersion" : 3,
  "schemaVersion" : "3.3.0",
  "id" : "oilAndGas_Tracking",
  "version" : "1.0.0",
  "modules" : [ {
    "majorSchemaVersion" : 3,
    "name" : "oilAndGas_Tracking-srv",
    "type" : "javascript.nodejs",
    "path" : "oilAndGas_Tracking-srv",
    "properties" : { },
    "parameters" : {
      "default-url" : "${protocol}://${default-uri}",
      "default-app-name" : "oilAndGas_Tracking-srv",
      "generated-password" : "********",
      "default-live-url" : "${protocol}://${default-live-uri}",
      "default-uri" : "${host}.${domain}",
      "default-instances" : 1,
      "default-live-host" : "bdf5b6cctrial-dev-oilandgas-tracking-srv",
      "instances" : 1,
      "buildpack" : "nodejs_buildpack",
      "default-host" : "bdf5b6cctrial-dev-oilandgas-tracking-srv",
      "app-name" : "${default-app-name}",
      "default-live-uri" : "bdf5b6cctrial-dev-oilandgas-tracking-srv.${domain}",
      "protocol" : "https",
      "default-live-app-name" : "oilAndGas_Tracking-srv",
      "default-live-domain" : "cfapps.us10-001.hana.ondemand.com",
      "domain" : "${default-domain}",
      "host" : "${default-host}",
      "generated-user" : "********"
    },
    "requiredDependencies" : [ {
      "majorSchemaVersion" : 3,
      "name" : "oilAndGas_Tracking-db",
      "properties" : { },
      "parameters" : { },
      "propertiesMetadata" : {
        "metadata" : { }
      },
      "parametersMetadata" : {
        "metadata" : { }
      }
    }, {
      "majorSchemaVersion" : 3,
      "name" : "********",
      "properties" : { },
      "parameters" : { },
      "propertiesMetadata" : {
        "metadata" : { }
      },
      "parametersMetadata" : {
        "metadata" : { }
      }
    } ],
    "providedDependencies" : [ {
      "majorSchemaVersion" : 3,
      "name" : "srv-api",
      "isPublic" : false,
      "properties" : {
        "srv-url" : "${default-url}"
      },
      "parameters" : { },
      "propertiesMetadata" : {
        "metadata" : { }
      },
      "parametersMetadata" : {
        "metadata" : { }
      }
    }, {
      "majorSchemaVersion" : 3,
      "name" : "oilAndGas_Tracking-srv",
      "isPublic" : false,
      "properties" : { },
      "parameters" : { },
      "propertiesMetadata" : {
        "metadata" : { }
      },
      "parametersMetadata" : {
        "metadata" : { }
      }
    } ],
    "propertiesMetadata" : {
      "metadata" : { }
    },
    "parametersMetadata" : {
      "metadata" : { }
    },
    "hooks" : [ ]
  }, {
    "majorSchemaVersion" : 3,
    "name" : "oilAndGas_Tracking-db-deployer",
    "type" : "com.sap.xs.hdi",
    "path" : "oilAndGas_Tracking-db-deployer",
    "properties" : {
      "EXIT" : 1
    },
    "parameters" : {
      "default-url" : "${protocol}://${default-uri}",
      "default-app-name" : "oilAndGas_Tracking-db-deployer",
      "generated-password" : "********",
      "default-live-url" : "${protocol}://${default-live-uri}",
      "default-uri" : "${host}.${domain}",
      "memory" : "256M",
      "default-instances" : 1,
      "no-route" : true,
      "default-live-host" : "bdf5b6cctrial-dev-oilandgas-tracking-db-deployer",
      "instances" : "${default-instances}",
      "buildpack" : "nodejs_buildpack",
      "default-host" : "bdf5b6cctrial-dev-oilandgas-tracking-db-deployer",
      "app-name" : "${default-app-name}",
      "default-live-uri" : "bdf5b6cctrial-dev-oilandgas-tracking-db-deployer.${domain}",
      "protocol" : "https",
      "default-live-app-name" : "oilAndGas_Tracking-db-deployer",
      "default-live-domain" : "cfapps.us10-001.hana.ondemand.com",
      "dependency-type" : "hard",
      "domain" : "${default-domain}",
      "host" : "${default-host}",
      "generated-user" : "********",
      "tasks" : [ {
        "name" : "deploy",
        "memory" : "256M",
        "command" : "npm start"
      } ],
      "no-start" : true
    },
    "requiredDependencies" : [ {
      "majorSchemaVersion" : 3,
      "name" : "oilAndGas_Tracking-db",
      "properties" : { },
      "parameters" : { },
      "propertiesMetadata" : {
        "metadata" : { }
      },
      "parametersMetadata" : {
        "metadata" : { }
      }
    } ],
    "providedDependencies" : [ {
      "majorSchemaVersion" : 3,
      "name" : "oilAndGas_Tracking-db-deployer",
      "isPublic" : false,
      "properties" : { },
      "parameters" : { },
      "propertiesMetadata" : {
        "metadata" : { }
      },
      "parametersMetadata" : {
        "metadata" : { }
      }
    } ],
    "propertiesMetadata" : {
      "metadata" : { }
    },
    "parametersMetadata" : {
      "metadata" : { }
    },
    "hooks" : [ ]
  }, {
    "majorSchemaVersion" : 3,
    "name" : "oilandgas-tracking-ui",
    "type" : "staticfile",
    "path" : "oilandgas-tracking-ui",
    "properties" : { },
    "parameters" : {
      "default-url" : "${protocol}://${default-uri}",
      "default-app-name" : "oilandgas-tracking-ui",
      "generated-password" : "********",
      "default-live-url" : "${protocol}://${default-live-uri}",
      "default-uri" : "${host}.${domain}",
      "memory" : "64M",
      "default-instances" : 1,
      "default-live-host" : "bdf5b6cctrial-dev-oilandgas-tracking-ui",
      "instances" : "${default-instances}",
      "buildpack" : "staticfile_buildpack",
      "default-host" : "bdf5b6cctrial-dev-oilandgas-tracking-ui",
      "app-name" : "${default-app-name}",
      "default-live-uri" : "bdf5b6cctrial-dev-oilandgas-tracking-ui.${domain}",
      "protocol" : "https",
      "default-live-app-name" : "oilandgas-tracking-ui",
      "default-live-domain" : "cfapps.us10-001.hana.ondemand.com",
      "disk-quota" : "256M",
      "domain" : "${default-domain}",
      "host" : "${default-host}",
      "generated-user" : "********"
    },
    "requiredDependencies" : [ ],
    "providedDependencies" : [ {
      "majorSchemaVersion" : 3,
      "name" : "oilandgas-tracking-ui",
      "isPublic" : false,
      "properties" : { },
      "parameters" : { },
      "propertiesMetadata" : {
        "metadata" : { }
      },
      "parametersMetadata" : {
        "metadata" : { }
      }
    } ],
    "propertiesMetadata" : {
      "metadata" : { }
    },
    "parametersMetadata" : {
      "metadata" : { }
    },
    "hooks" : [ ]
  } ],
  "resources" : [ {
    "majorSchemaVersion" : 3,
    "name" : "********",
    "type" : "org.cloudfoundry.managed-service",
    "properties" : { },
    "parameters" : {
      "generated-password" : "********",
      "path" : "./backend/xs-security.json",
      "service-name" : "${default-service-name}",
      "service-plan" : "application",
      "service" : "xsuaa",
      "generated-user" : "********",
      "default-xsappname" : "********",
      "type" : "managed-service",
      "default-service-name" : "********",
      "default-container-name" : "********"
    },
    "isActive" : true,
    "isOptional" : false,
    "propertiesMetadata" : {
      "metadata" : { }
    },
    "parametersMetadata" : {
      "metadata" : { }
    },
    "requiredDependencies" : [ ],
    "processedAfter" : [ ]
  }, {
    "majorSchemaVersion" : 3,
    "name" : "oilAndGas_Tracking-db",
    "type" : "com.sap.xs.hdi-container",
    "properties" : { },
    "parameters" : {
      "generated-password" : "********",
      "service-name" : "${default-service-name}",
      "service-plan" : "hdi-shared",
      "service" : "hana",
      "generated-user" : "********",
      "default-xsappname" : "oilAndGas_Tracking-db",
      "type" : "managed-service",
      "default-service-name" : "oilAndGas_Tracking-db",
      "default-container-name" : "BDF5B6CCTRIAL_DEV_OILANDGAS_TRACKING_DB"
    },
    "isActive" : true,
    "isOptional" : false,
    "propertiesMetadata" : {
      "metadata" : { }
    },
    "parametersMetadata" : {
      "metadata" : { }
    },
    "requiredDependencies" : [ ],
    "processedAfter" : [ ]
  }, {
    "majorSchemaVersion" : 3,
    "name" : "oilAndGas_Tracking-dest",
    "type" : "org.cloudfoundry.managed-service",
    "properties" : { },
    "parameters" : {
      "generated-password" : "********",
      "service-name" : "${default-service-name}",
      "service-plan" : "lite",
      "service" : "destination",
      "generated-user" : "********",
      "default-xsappname" : "oilAndGas_Tracking-dest",
      "type" : "managed-service",
      "default-service-name" : "oilAndGas_Tracking-dest",
      "default-container-name" : "BDF5B6CCTRIAL_DEV_OILANDGAS_TRACKING_DEST"
    },
    "isActive" : true,
    "isOptional" : false,
    "propertiesMetadata" : {
      "metadata" : { }
    },
    "parametersMetadata" : {
      "metadata" : { }
    },
    "requiredDependencies" : [ ],
    "processedAfter" : [ ]
  }, {
    "majorSchemaVersion" : 3,
    "name" : "oilAndGas-html5-repo-host",
    "type" : "org.cloudfoundry.managed-service",
    "properties" : { },
    "parameters" : {
      "generated-password" : "********",
      "service-name" : "${default-service-name}",
      "service-plan" : "app-host",
      "service" : "html5-apps-repo",
      "generated-user" : "********",
      "default-xsappname" : "oilAndGas-html5-repo-host",
      "type" : "managed-service",
      "default-service-name" : "oilAndGas-html5-repo-host",
      "default-container-name" : "BDF5B6CCTRIAL_DEV_OILANDGAS_HTML5_REPO_HOST"
    },
    "isActive" : true,
    "isOptional" : false,
    "propertiesMetadata" : {
      "metadata" : { }
    },
    "parametersMetadata" : {
      "metadata" : { }
    },
    "requiredDependencies" : [ ],
    "processedAfter" : [ ]
  }, {
    "majorSchemaVersion" : 3,
    "name" : "oilAndGas-html5-runtime",
    "type" : "org.cloudfoundry.managed-service",
    "properties" : { },
    "parameters" : {
      "generated-password" : "********",
      "service-name" : "${default-service-name}",
      "service-plan" : "app-runtime",
      "service" : "html5-apps-repo",
      "generated-user" : "********",
      "default-xsappname" : "oilAndGas-html5-runtime",
      "type" : "managed-service",
      "default-service-name" : "oilAndGas-html5-runtime",
      "default-container-name" : "BDF5B6CCTRIAL_DEV_OILANDGAS_HTML5_RUNTIME"
    },
    "isActive" : true,
    "isOptional" : false,
    "propertiesMetadata" : {
      "metadata" : { }
    },
    "parametersMetadata" : {
      "metadata" : { }
    },
    "requiredDependencies" : [ ],
    "processedAfter" : [ ]
  } ],
  "parameters" : {
    "mta-id" : "oilAndGas_Tracking",
    "authorization-url" : "********",
    "org-guid" : "dd6970d2-ae68-4ced-8d37-796b3a61f2bb",
    "org" : "bdf5b6cctrial",
    "deploy-target" : "bdf5b6cctrial dev",
    "enable-parallel-deployments" : true,
    "space" : "dev",
    "xs-api-url" : "https://api.cf.us10-001.hana.ondemand.com",
    "deploy-url" : "deploy-service.cfapps.us10-001.hana.ondemand.com",
    "xs-type" : "CF",
    "default-domain" : "cfapps.us10-001.hana.ondemand.com",
    "mta-version" : "1.0.0",
    "xs-auth-url" : "********",
    "space-guid" : "54d05607-5b01-4832-8a17-1192fd3a42a4",
    "user" : "********",
    "controller-url" : "https://api.cf.us10-001.hana.ondemand.com",
    "timestamp" : "20260817071430"
  },
  "parametersMetadata" : {
    "metadata" : { }
  }
}#
#2026 08 17 07:14:31.307#Z#DEBUG#4a1cb87e-9a0b-11f1-891d-eeee0a87b8c8.OPERATION#flowable-async-job-executor-thread-18969#
[XS2CollectSystemParametersStep] Version rule: ALL#
#2026 08 17 07:14:31.307#Z#INFO#4a1cb87e-9a0b-11f1-891d-eeee0a87b8c8.OPERATION#flowable-async-job-executor-thread-18969#
[XS2CollectSystemParametersStep] Detected new MTA version: "1.0.0"#
#2026 08 17 07:14:31.312#Z#INFO#4a1cb87e-9a0b-11f1-891d-eeee0a87b8c8.OPERATION#flowable-async-job-executor-thread-18969#
[XS2CollectSystemParametersStep] Deployed MTA version: "1.0.0"#
#2026 08 17 07:14:31.316#Z#DEBUG#4a1cb87e-9a0b-11f1-891d-eeee0a87b8c8.OPERATION#flowable-async-job-executor-thread-18969#
[XS2CollectSystemParametersStep] MTA accepted for deployment#
#2026 08 17 07:14:31.317#Z#DEBUG#4a1cb87e-9a0b-11f1-891d-eeee0a87b8c8.OPERATION#flowable-async-job-executor-thread-18969#
[XS2CollectSystemParametersStep] System parameters collected#
#2026 08 17 07:14:31.317#Z#DEBUG#4a1cb87e-9a0b-11f1-891d-eeee0a87b8c8.OPERATION#flowable-async-job-executor-thread-18969#
Step "Collect System Parameters" finished#
#2026 08 17 07:14:31.357#Z#DEBUG#4a1cb87e-9a0b-11f1-891d-eeee0a87b8c8.OPERATION#flowable-async-job-executor-thread-18969#
[ProcessDescriptorStep] Executing task "processDescriptorTask" of process "4a1cb8a4-9a0b-11f1-891d-eeee0a87b8c8"...#
#2026 08 17 07:14:31.357#Z#DEBUG#4a1cb87e-9a0b-11f1-891d-eeee0a87b8c8.OPERATION#flowable-async-job-executor-thread-18969#
[ProcessDescriptorStep] Resolving properties and parameters in merged descriptor...#
#2026 08 17 07:14:31.362#Z#DEBUG#4a1cb87e-9a0b-11f1-891d-eeee0a87b8c8.OPERATION#flowable-async-job-executor-thread-18969#
[ProcessDescriptorStep] Subscriptions: [ ]#
#2026 08 17 07:14:31.362#Z#DEBUG#4a1cb87e-9a0b-11f1-891d-eeee0a87b8c8.OPERATION#flowable-async-job-executor-thread-18969#
[ProcessDescriptorStep] MTA modules: [oilandgas-tracking-ui, oilAndGas_Tracking-srv, oilAndGas_Tracking-db-deployer]#
#2026 08 17 07:14:31.363#Z#DEBUG#4a1cb87e-9a0b-11f1-891d-eeee0a87b8c8.OPERATION#flowable-async-job-executor-thread-18969#
[ProcessDescriptorStep] Resolved deployment descriptor: {
  "majorSchemaVersion" : 3,
  "schemaVersion" : "3.3.0",
  "id" : "oilAndGas_Tracking",
  "version" : "1.0.0",
  "modules" : [ {
    "majorSchemaVersion" : 3,
    "name" : "oilAndGas_Tracking-srv",
    "type" : "javascript.nodejs",
    "path" : "oilAndGas_Tracking-srv",
    "properties" : { },
    "parameters" : {
      "default-url" : "https://bdf5b6cctrial-dev-oilandgas-tracking-srv.cfapps.us10-001.hana.ondemand.com",
      "default-app-name" : "oilAndGas_Tracking-srv",
      "generated-password" : "********",
      "default-live-url" : "https://bdf5b6cctrial-dev-oilandgas-tracking-srv.cfapps.us10-001.hana.ondemand.com",
      "default-uri" : "bdf5b6cctrial-dev-oilandgas-tracking-srv.cfapps.us10-001.hana.ondemand.com",
      "default-instances" : 1,
      "default-live-host" : "bdf5b6cctrial-dev-oilandgas-tracking-srv",
      "instances" : 1,
      "buildpack" : "nodejs_buildpack",
      "default-host" : "bdf5b6cctrial-dev-oilandgas-tracking-srv",
      "app-name" : "oilAndGas_Tracking-srv",
      "default-live-uri" : "bdf5b6cctrial-dev-oilandgas-tracking-srv.cfapps.us10-001.hana.ondemand.com",
      "protocol" : "https",
      "default-live-app-name" : "oilAndGas_Tracking-srv",
      "default-live-domain" : "cfapps.us10-001.hana.ondemand.com",
      "domain" : "cfapps.us10-001.hana.ondemand.com",
      "host" : "bdf5b6cctrial-dev-oilandgas-tracking-srv",
      "generated-user" : "********"
    },
    "requiredDependencies" : [ {
      "majorSchemaVersion" : 3,
      "name" : "oilAndGas_Tracking-db",
      "properties" : { },
      "parameters" : { },
      "propertiesMetadata" : {
        "metadata" : { }
      },
      "parametersMetadata" : {
        "metadata" : { }
      }
    }, {
      "majorSchemaVersion" : 3,
      "name" : "********",
      "properties" : { },
      "parameters" : { },
      "propertiesMetadata" : {
        "metadata" : { }
      },
      "parametersMetadata" : {
        "metadata" : { }
      }
    } ],
    "providedDependencies" : [ {
      "majorSchemaVersion" : 3,
      "name" : "srv-api",
      "isPublic" : false,
      "properties" : {
        "srv-url" : "https://bdf5b6cctrial-dev-oilandgas-tracking-srv.cfapps.us10-001.hana.ondemand.com"
      },
      "parameters" : { },
      "propertiesMetadata" : {
        "metadata" : { }
      },
      "parametersMetadata" : {
        "metadata" : { }
      }
    }, {
      "majorSchemaVersion" : 3,
      "name" : "oilAndGas_Tracking-srv",
      "isPublic" : false,
      "properties" : { },
      "parameters" : { },
      "propertiesMetadata" : {
        "metadata" : { }
      },
      "parametersMetadata" : {
        "metadata" : { }
      }
    } ],
    "propertiesMetadata" : {
      "metadata" : { }
    },
    "parametersMetadata" : {
      "metadata" : { }
    },
    "hooks" : [ ]
  }, {
    "majorSchemaVersion" : 3,
    "name" : "oilAndGas_Tracking-db-deployer",
    "type" : "com.sap.xs.hdi",
    "path" : "oilAndGas_Tracking-db-deployer",
    "properties" : {
      "EXIT" : 1
    },
    "parameters" : {
      "default-url" : "https://bdf5b6cctrial-dev-oilandgas-tracking-db-deployer.cfapps.us10-001.hana.ondemand.com",
      "default-app-name" : "oilAndGas_Tracking-db-deployer",
      "generated-password" : "********",
      "default-live-url" : "https://bdf5b6cctrial-dev-oilandgas-tracking-db-deployer.cfapps.us10-001.hana.ondemand.com",
      "default-uri" : "bdf5b6cctrial-dev-oilandgas-tracking-db-deployer.cfapps.us10-001.hana.ondemand.com",
      "memory" : "256M",
      "default-instances" : 1,
      "no-route" : true,
      "default-live-host" : "bdf5b6cctrial-dev-oilandgas-tracking-db-deployer",
      "instances" : 1,
      "buildpack" : "nodejs_buildpack",
      "default-host" : "bdf5b6cctrial-dev-oilandgas-tracking-db-deployer",
      "app-name" : "oilAndGas_Tracking-db-deployer",
      "default-live-uri" : "bdf5b6cctrial-dev-oilandgas-tracking-db-deployer.cfapps.us10-001.hana.ondemand.com",
      "protocol" : "https",
      "default-live-app-name" : "oilAndGas_Tracking-db-deployer",
      "default-live-domain" : "cfapps.us10-001.hana.ondemand.com",
      "dependency-type" : "hard",
      "domain" : "cfapps.us10-001.hana.ondemand.com",
      "host" : "bdf5b6cctrial-dev-oilandgas-tracking-db-deployer",
      "generated-user" : "********",
      "tasks" : [ {
        "command" : "npm start",
        "memory" : "256M",
        "name" : "deploy"
      } ],
      "no-start" : true
    },
    "requiredDependencies" : [ {
      "majorSchemaVersion" : 3,
      "name" : "oilAndGas_Tracking-db",
      "properties" : { },
      "parameters" : { },
      "propertiesMetadata" : {
        "metadata" : { }
      },
      "parametersMetadata" : {
        "metadata" : { }
      }
    } ],
    "providedDependencies" : [ {
      "majorSchemaVersion" : 3,
      "name" : "oilAndGas_Tracking-db-deployer",
      "isPublic" : false,
      "properties" : { },
      "parameters" : { },
      "propertiesMetadata" : {
        "metadata" : { }
      },
      "parametersMetadata" : {
        "metadata" : { }
      }
    } ],
    "propertiesMetadata" : {
      "metadata" : { }
    },
    "parametersMetadata" : {
      "metadata" : { }
    },
    "hooks" : [ ]
  }, {
    "majorSchemaVersion" : 3,
    "name" : "oilandgas-tracking-ui",
    "type" : "staticfile",
    "path" : "oilandgas-tracking-ui",
    "properties" : { },
    "parameters" : {
      "default-url" : "https://bdf5b6cctrial-dev-oilandgas-tracking-ui.cfapps.us10-001.hana.ondemand.com",
      "default-app-name" : "oilandgas-tracking-ui",
      "generated-password" : "********",
      "default-live-url" : "https://bdf5b6cctrial-dev-oilandgas-tracking-ui.cfapps.us10-001.hana.ondemand.com",
      "default-uri" : "bdf5b6cctrial-dev-oilandgas-tracking-ui.cfapps.us10-001.hana.ondemand.com",
      "memory" : "64M",
      "default-instances" : 1,
      "default-live-host" : "bdf5b6cctrial-dev-oilandgas-tracking-ui",
      "instances" : 1,
      "buildpack" : "staticfile_buildpack",
      "default-host" : "bdf5b6cctrial-dev-oilandgas-tracking-ui",
      "app-name" : "oilandgas-tracking-ui",
      "default-live-uri" : "bdf5b6cctrial-dev-oilandgas-tracking-ui.cfapps.us10-001.hana.ondemand.com",
      "protocol" : "https",
      "default-live-app-name" : "oilandgas-tracking-ui",
      "default-live-domain" : "cfapps.us10-001.hana.ondemand.com",
      "disk-quota" : "256M",
      "domain" : "cfapps.us10-001.hana.ondemand.com",
      "host" : "bdf5b6cctrial-dev-oilandgas-tracking-ui",
      "generated-user" : "********"
    },
    "requiredDependencies" : [ ],
    "providedDependencies" : [ {
      "majorSchemaVersion" : 3,
      "name" : "oilandgas-tracking-ui",
      "isPublic" : false,
      "properties" : { },
      "parameters" : { },
      "propertiesMetadata" : {
        "metadata" : { }
      },
      "parametersMetadata" : {
        "metadata" : { }
      }
    } ],
    "propertiesMetadata" : {
      "metadata" : { }
    },
    "parametersMetadata" : {
      "metadata" : { }
    },
    "hooks" : [ ]
  } ],
  "resources" : [ {
    "majorSchemaVersion" : 3,
    "name" : "********",
    "type" : "org.cloudfoundry.managed-service",
    "properties" : { },
    "parameters" : {
      "generated-password" : "********",
      "path" : "./backend/xs-security.json",
      "service-name" : "********",
      "service-plan" : "application",
      "service" : "xsuaa",
      "generated-user" : "********",
      "default-xsappname" : "********",
      "type" : "managed-service",
      "default-service-name" : "********",
      "default-container-name" : "********"
    },
    "isActive" : true,
    "isOptional" : false,
    "propertiesMetadata" : {
      "metadata" : { }
    },
    "parametersMetadata" : {
      "metadata" : { }
    },
    "requiredDependencies" : [ ],
    "processedAfter" : [ ]
  }, {
    "majorSchemaVersion" : 3,
    "name" : "oilAndGas_Tracking-db",
    "type" : "com.sap.xs.hdi-container",
    "properties" : { },
    "parameters" : {
      "generated-password" : "********",
      "service-name" : "oilAndGas_Tracking-db",
      "service-plan" : "hdi-shared",
      "service" : "hana",
      "generated-user" : "********",
      "default-xsappname" : "oilAndGas_Tracking-db",
      "type" : "managed-service",
      "default-service-name" : "oilAndGas_Tracking-db",
      "default-container-name" : "BDF5B6CCTRIAL_DEV_OILANDGAS_TRACKING_DB"
    },
    "isActive" : true,
    "isOptional" : false,
    "propertiesMetadata" : {
      "metadata" : { }
    },
    "parametersMetadata" : {
      "metadata" : { }
    },
    "requiredDependencies" : [ ],
    "processedAfter" : [ ]
  }, {
    "majorSchemaVersion" : 3,
    "name" : "oilAndGas_Tracking-dest",
    "type" : "org.cloudfoundry.managed-service",
    "properties" : { },
    "parameters" : {
      "generated-password" : "********",
      "service-name" : "oilAndGas_Tracking-dest",
      "service-plan" : "lite",
      "service" : "destination",
      "generated-user" : "********",
      "default-xsappname" : "oilAndGas_Tracking-dest",
      "type" : "managed-service",
      "default-service-name" : "oilAndGas_Tracking-dest",
      "default-container-name" : "BDF5B6CCTRIAL_DEV_OILANDGAS_TRACKING_DEST"
    },
    "isActive" : true,
    "isOptional" : false,
    "propertiesMetadata" : {
      "metadata" : { }
    },
    "parametersMetadata" : {
      "metadata" : { }
    },
    "requiredDependencies" : [ ],
    "processedAfter" : [ ]
  }, {
    "majorSchemaVersion" : 3,
    "name" : "oilAndGas-html5-repo-host",
    "type" : "org.cloudfoundry.managed-service",
    "properties" : { },
    "parameters" : {
      "generated-password" : "********",
      "service-name" : "oilAndGas-html5-repo-host",
      "service-plan" : "app-host",
      "service" : "html5-apps-repo",
      "generated-user" : "********",
      "default-xsappname" : "oilAndGas-html5-repo-host",
      "type" : "managed-service",
      "default-service-name" : "oilAndGas-html5-repo-host",
      "default-container-name" : "BDF5B6CCTRIAL_DEV_OILANDGAS_HTML5_REPO_HOST"
    },
    "isActive" : true,
    "isOptional" : false,
    "propertiesMetadata" : {
      "metadata" : { }
    },
    "parametersMetadata" : {
      "metadata" : { }
    },
    "requiredDependencies" : [ ],
    "processedAfter" : [ ]
  }, {
    "majorSchemaVersion" : 3,
    "name" : "oilAndGas-html5-runtime",
    "type" : "org.cloudfoundry.managed-service",
    "properties" : { },
    "parameters" : {
      "generated-password" : "********",
      "service-name" : "oilAndGas-html5-runtime",
      "service-plan" : "app-runtime",
      "service" : "html5-apps-repo",
      "generated-user" : "********",
      "default-xsappname" : "oilAndGas-html5-runtime",
      "type" : "managed-service",
      "default-service-name" : "oilAndGas-html5-runtime",
      "default-container-name" : "BDF5B6CCTRIAL_DEV_OILANDGAS_HTML5_RUNTIME"
    },
    "isActive" : true,
    "isOptional" : false,
    "propertiesMetadata" : {
      "metadata" : { }
    },
    "parametersMetadata" : {
      "metadata" : { }
    },
    "requiredDependencies" : [ ],
    "processedAfter" : [ ]
  } ],
  "parameters" : {
    "mta-id" : "oilAndGas_Tracking",
    "authorization-url" : "********",
    "org-guid" : "dd6970d2-ae68-4ced-8d37-796b3a61f2bb",
    "org" : "bdf5b6cctrial",
    "deploy-target" : "bdf5b6cctrial dev",
    "enable-parallel-deployments" : true,
    "region-primary-domain" : "us10.hana.ondemand.com",
    "space" : "dev",
    "region-domain" : "us10-001.hana.ondemand.com",
    "xs-api-url" : "https://api.cf.us10-001.hana.ondemand.com",
    "deploy-url" : "deploy-service.cfapps.us10-001.hana.ondemand.com",
    "xs-type" : "CF",
    "default-domain" : "cfapps.us10-001.hana.ondemand.com",
    "mta-version" : "1.0.0",
    "xs-auth-url" : "********",
    "space-guid" : "54d05607-5b01-4832-8a17-1192fd3a42a4",
    "user" : "********",
    "controller-url" : "https://api.cf.us10-001.hana.ondemand.com",
    "timestamp" : "20260817071430"
  },
  "parametersMetadata" : {
    "metadata" : { }
  }
}#
#2026 08 17 07:14:31.363#Z#DEBUG#4a1cb87e-9a0b-11f1-891d-eeee0a87b8c8.OPERATION#flowable-async-job-executor-thread-18969#
[ProcessDescriptorStep] Merged descriptor properties and parameters resolved#
#2026 08 17 07:14:31.363#Z#DEBUG#4a1cb87e-9a0b-11f1-891d-eeee0a87b8c8.OPERATION#flowable-async-job-executor-thread-18969#
Step "Process Descriptor Step" finished#
#2026 08 17 07:14:31.397#Z#DEBUG#4a1cb87e-9a0b-11f1-891d-eeee0a87b8c8.OPERATION#flowable-async-job-executor-thread-18969#
[XS2BuildCloudDeployModelStep] Executing task "buildDeployModelTask" of process "4a1cb8a4-9a0b-11f1-891d-eeee0a87b8c8"...#
#2026 08 17 07:14:31.400#Z#DEBUG#4a1cb87e-9a0b-11f1-891d-eeee0a87b8c8.OPERATION#flowable-async-job-executor-thread-18969#
[XS2BuildCloudDeployModelStep] Service keys defined for content deployment grouped by service name: { }#
#2026 08 17 07:14:31.401#Z#DEBUG#4a1cb87e-9a0b-11f1-891d-eeee0a87b8c8.OPERATION#flowable-async-job-executor-thread-18969#
[XS2BuildCloudDeployModelStep] Building cloud deployment model...#
#2026 08 17 07:14:31.403#Z#DEBUG#4a1cb87e-9a0b-11f1-891d-eeee0a87b8c8.OPERATION#flowable-async-job-executor-thread-18969#
[XS2BuildCloudDeployModelStep] MTA archive modules: [oilandgas-tracking-ui, oilAndGas_Tracking-srv, oilAndGas_Tracking-db-deployer]#
#2026 08 17 07:14:31.403#Z#DEBUG#4a1cb87e-9a0b-11f1-891d-eeee0a87b8c8.OPERATION#flowable-async-job-executor-thread-18969#
[XS2BuildCloudDeployModelStep] Deployed modules: [oilAndGas_Tracking-db-deployer, oilAndGas_Tracking-srv, oilandgas-tracking-ui]#
#2026 08 17 07:14:31.404#Z#DEBUG#4a1cb87e-9a0b-11f1-891d-eeee0a87b8c8.OPERATION#flowable-async-job-executor-thread-18969#
[XS2BuildCloudDeployModelStep] MTA modules: [oilandgas-tracking-ui, oilAndGas_Tracking-srv, oilAndGas_Tracking-db-deployer]#
#2026 08 17 07:14:31.404#Z#DEBUG#4a1cb87e-9a0b-11f1-891d-eeee0a87b8c8.OPERATION#flowable-async-job-executor-thread-18969#
[XS2BuildCloudDeployModelStep] Service keys to create: {
  "oilAndGas_Tracking-auth" : "********",
  "oilAndGas_Tracking-db" : [ ],
  "oilAndGas-html5-repo-host" : [ ],
  "oilAndGas_Tracking-dest" : [ ],
  "oilAndGas-html5-runtime" : [ ]
}#
#2026 08 17 07:14:31.406#Z#DEBUG#4a1cb87e-9a0b-11f1-891d-eeee0a87b8c8.OPERATION#flowable-async-job-executor-thread-18969#
[XS2BuildCloudDeployModelStep] Modules to deploy: [{
  "majorSchemaVersion" : 3,
  "name" : "oilAndGas_Tracking-srv",
  "type" : "javascript.nodejs",
  "path" : "oilAndGas_Tracking-srv",
  "properties" : { },
  "parameters" : {
    "default-url" : "https://bdf5b6cctrial-dev-oilandgas-tracking-srv.cfapps.us10-001.hana.ondemand.com",
    "default-app-name" : "oilAndGas_Tracking-srv",
    "generated-password" : "********",
    "default-live-url" : "https://bdf5b6cctrial-dev-oilandgas-tracking-srv.cfapps.us10-001.hana.ondemand.com",
    "default-uri" : "bdf5b6cctrial-dev-oilandgas-tracking-srv.cfapps.us10-001.hana.ondemand.com",
    "default-instances" : 1,
    "default-live-host" : "bdf5b6cctrial-dev-oilandgas-tracking-srv",
    "instances" : 1,
    "buildpack" : "nodejs_buildpack",
    "default-host" : "bdf5b6cctrial-dev-oilandgas-tracking-srv",
    "app-name" : "oilAndGas_Tracking-srv",
    "default-live-uri" : "bdf5b6cctrial-dev-oilandgas-tracking-srv.cfapps.us10-001.hana.ondemand.com",
    "protocol" : "https",
    "default-live-app-name" : "oilAndGas_Tracking-srv",
    "default-live-domain" : "cfapps.us10-001.hana.ondemand.com",
    "dependency-type" : "soft",
    "domain" : "cfapps.us10-001.hana.ondemand.com",
    "host" : "bdf5b6cctrial-dev-oilandgas-tracking-srv",
    "generated-user" : "********"
  },
  "requiredDependencies" : [ {
    "majorSchemaVersion" : 3,
    "name" : "oilAndGas_Tracking-db",
    "properties" : { },
    "parameters" : { },
    "propertiesMetadata" : {
      "metadata" : { }
    },
    "parametersMetadata" : {
      "metadata" : { }
    }
  }, {
    "majorSchemaVersion" : 3,
    "name" : "********",
    "properties" : { },
    "parameters" : { },
    "propertiesMetadata" : {
      "metadata" : { }
    },
    "parametersMetadata" : {
      "metadata" : { }
    }
  } ],
  "providedDependencies" : [ {
    "majorSchemaVersion" : 3,
    "name" : "srv-api",
    "isPublic" : false,
    "properties" : {
      "srv-url" : "https://bdf5b6cctrial-dev-oilandgas-tracking-srv.cfapps.us10-001.hana.ondemand.com"
    },
    "parameters" : { },
    "propertiesMetadata" : {
      "metadata" : { }
    },
    "parametersMetadata" : {
      "metadata" : { }
    }
  }, {
    "majorSchemaVersion" : 3,
    "name" : "oilAndGas_Tracking-srv",
    "isPublic" : false,
    "properties" : { },
    "parameters" : { },
    "propertiesMetadata" : {
      "metadata" : { }
    },
    "parametersMetadata" : {
      "metadata" : { }
    }
  } ],
  "propertiesMetadata" : {
    "metadata" : { }
  },
  "parametersMetadata" : {
    "metadata" : { }
  },
  "deployedAfter" : [ ],
  "hooks" : [ ]
}, {
  "majorSchemaVersion" : 3,
  "name" : "oilAndGas_Tracking-db-deployer",
  "type" : "com.sap.xs.hdi",
  "path" : "oilAndGas_Tracking-db-deployer",
  "properties" : {
    "EXIT" : 1
  },
  "parameters" : {
    "default-url" : "https://bdf5b6cctrial-dev-oilandgas-tracking-db-deployer.cfapps.us10-001.hana.ondemand.com",
    "default-app-name" : "oilAndGas_Tracking-db-deployer",
    "generated-password" : "********",
    "default-live-url" : "https://bdf5b6cctrial-dev-oilandgas-tracking-db-deployer.cfapps.us10-001.hana.ondemand.com",
    "default-uri" : "bdf5b6cctrial-dev-oilandgas-tracking-db-deployer.cfapps.us10-001.hana.ondemand.com",
    "memory" : "256M",
    "default-instances" : 1,
    "no-route" : true,
    "default-live-host" : "bdf5b6cctrial-dev-oilandgas-tracking-db-deployer",
    "instances" : 1,
    "buildpack" : "nodejs_buildpack",
    "default-host" : "bdf5b6cctrial-dev-oilandgas-tracking-db-deployer",
    "app-name" : "oilAndGas_Tracking-db-deployer",
    "default-live-uri" : "bdf5b6cctrial-dev-oilandgas-tracking-db-deployer.cfapps.us10-001.hana.ondemand.com",
    "protocol" : "https",
    "default-live-app-name" : "oilAndGas_Tracking-db-deployer",
    "default-live-domain" : "cfapps.us10-001.hana.ondemand.com",
    "dependency-type" : "hard",
    "domain" : "cfapps.us10-001.hana.ondemand.com",
    "host" : "bdf5b6cctrial-dev-oilandgas-tracking-db-deployer",
    "generated-user" : "********",
    "tasks" : [ {
      "command" : "npm start",
      "memory" : "256M",
      "name" : "deploy"
    } ],
    "no-start" : true
  },
  "requiredDependencies" : [ {
    "majorSchemaVersion" : 3,
    "name" : "oilAndGas_Tracking-db",
    "properties" : { },
    "parameters" : { },
    "propertiesMetadata" : {
      "metadata" : { }
    },
    "parametersMetadata" : {
      "metadata" : { }
    }
  } ],
  "providedDependencies" : [ {
    "majorSchemaVersion" : 3,
    "name" : "oilAndGas_Tracking-db-deployer",
    "isPublic" : false,
    "properties" : { },
    "parameters" : { },
    "propertiesMetadata" : {
      "metadata" : { }
    },
    "parametersMetadata" : {
      "metadata" : { }
    }
  } ],
  "propertiesMetadata" : {
    "metadata" : { }
  },
  "parametersMetadata" : {
    "metadata" : { }
  },
  "deployedAfter" : [ ],
  "hooks" : [ ]
}, {
  "majorSchemaVersion" : 3,
  "name" : "oilandgas-tracking-ui",
  "type" : "staticfile",
  "path" : "oilandgas-tracking-ui",
  "properties" : { },
  "parameters" : {
    "default-url" : "https://bdf5b6cctrial-dev-oilandgas-tracking-ui.cfapps.us10-001.hana.ondemand.com",
    "default-app-name" : "oilandgas-tracking-ui",
    "generated-password" : "********",
    "default-live-url" : "https://bdf5b6cctrial-dev-oilandgas-tracking-ui.cfapps.us10-001.hana.ondemand.com",
    "default-uri" : "bdf5b6cctrial-dev-oilandgas-tracking-ui.cfapps.us10-001.hana.ondemand.com",
    "memory" : "64M",
    "default-instances" : 1,
    "default-live-host" : "bdf5b6cctrial-dev-oilandgas-tracking-ui",
    "instances" : 1,
    "buildpack" : "staticfile_buildpack",
    "default-host" : "bdf5b6cctrial-dev-oilandgas-tracking-ui",
    "app-name" : "oilandgas-tracking-ui",
    "default-live-uri" : "bdf5b6cctrial-dev-oilandgas-tracking-ui.cfapps.us10-001.hana.ondemand.com",
    "protocol" : "https",
    "default-live-app-name" : "oilandgas-tracking-ui",
    "default-live-domain" : "cfapps.us10-001.hana.ondemand.com",
    "disk-quota" : "256M",
    "dependency-type" : "soft",
    "domain" : "cfapps.us10-001.hana.ondemand.com",
    "host" : "bdf5b6cctrial-dev-oilandgas-tracking-ui",
    "generated-user" : "********"
  },
  "requiredDependencies" : [ ],
  "providedDependencies" : [ {
    "majorSchemaVersion" : 3,
    "name" : "oilandgas-tracking-ui",
    "isPublic" : false,
    "properties" : { },
    "parameters" : { },
    "propertiesMetadata" : {
      "metadata" : { }
    },
    "parametersMetadata" : {
      "metadata" : { }
    }
  } ],
  "propertiesMetadata" : {
    "metadata" : { }
  },
  "parametersMetadata" : {
    "metadata" : { }
  },
  "deployedAfter" : [ ],
  "hooks" : [ ]
}]#
#2026 08 17 07:14:31.406#Z#DEBUG#4a1cb87e-9a0b-11f1-891d-eeee0a87b8c8.OPERATION#flowable-async-job-executor-thread-18969#
[XS2BuildCloudDeployModelStep] Custom domains: []#
#2026 08 17 07:14:31.408#Z#DEBUG#4a1cb87e-9a0b-11f1-891d-eeee0a87b8c8.OPERATION#flowable-async-job-executor-thread-18969#
[XS2BuildCloudDeployModelStep] Calculating resource batches...#
#2026 08 17 07:14:31.409#Z#DEBUG#4a1cb87e-9a0b-11f1-891d-eeee0a87b8c8.OPERATION#flowable-async-job-executor-thread-18969#
[XS2BuildCloudDeployModelStep] Calculating resource batches completed.#
#2026 08 17 07:14:31.409#Z#DEBUG#4a1cb87e-9a0b-11f1-891d-eeee0a87b8c8.OPERATION#flowable-async-job-executor-thread-18969#
[XS2BuildCloudDeployModelStep] Cloud deployment model built#
#2026 08 17 07:14:31.409#Z#DEBUG#4a1cb87e-9a0b-11f1-891d-eeee0a87b8c8.OPERATION#flowable-async-job-executor-thread-18969#
Step "Build Deploy Model" finished#
#2026 08 17 07:14:31.446#Z#DEBUG#4a1cb87e-9a0b-11f1-891d-eeee0a87b8c8.OPERATION#flowable-async-job-executor-thread-18969#
[BuildCloudUndeployModelStep] Executing task "buildUndeployModelTask" of process "4a1cb8a4-9a0b-11f1-891d-eeee0a87b8c8"...#
#2026 08 17 07:14:31.447#Z#DEBUG#4a1cb87e-9a0b-11f1-891d-eeee0a87b8c8.OPERATION#flowable-async-job-executor-thread-18969#
[BuildCloudUndeployModelStep] Building cloud undeployment model...#
#2026 08 17 07:14:31.449#Z#DEBUG#4a1cb87e-9a0b-11f1-891d-eeee0a87b8c8.OPERATION#flowable-async-job-executor-thread-18969#
[BuildCloudUndeployModelStep] Detecting service keys to delete.#
#2026 08 17 07:14:31.450#Z#DEBUG#4a1cb87e-9a0b-11f1-891d-eeee0a87b8c8.OPERATION#flowable-async-job-executor-thread-18969#
[BuildCloudUndeployModelStep] No deployed service keys detected!#
#2026 08 17 07:14:31.450#Z#DEBUG#4a1cb87e-9a0b-11f1-891d-eeee0a87b8c8.OPERATION#flowable-async-job-executor-thread-18969#
[BuildCloudUndeployModelStep] Detected service keys to delete "[]"#
#2026 08 17 07:14:31.455#Z#DEBUG#4a1cb87e-9a0b-11f1-891d-eeee0a87b8c8.OPERATION#flowable-async-job-executor-thread-18969#
[BuildCloudUndeployModelStep] MTA modules: [oilandgas-tracking-ui, oilAndGas_Tracking-srv, oilAndGas_Tracking-db-deployer]#
#2026 08 17 07:14:31.455#Z#DEBUG#4a1cb87e-9a0b-11f1-891d-eeee0a87b8c8.OPERATION#flowable-async-job-executor-thread-18969#
[BuildCloudUndeployModelStep] Modules to undeploy: [ ]#
#2026 08 17 07:14:31.455#Z#DEBUG#4a1cb87e-9a0b-11f1-891d-eeee0a87b8c8.OPERATION#flowable-async-job-executor-thread-18969#
[BuildCloudUndeployModelStep] Modules that won't be changed: [ ]#
#2026 08 17 07:14:31.457#Z#DEBUG#4a1cb87e-9a0b-11f1-891d-eeee0a87b8c8.OPERATION#flowable-async-job-executor-thread-18969#
[BuildCloudUndeployModelStep] Subscriptions to delete: [ ]#
#2026 08 17 07:14:31.459#Z#DEBUG#4a1cb87e-9a0b-11f1-891d-eeee0a87b8c8.OPERATION#flowable-async-job-executor-thread-18969#
[BuildCloudUndeployModelStep] Cloud services to delete: []#
#2026 08 17 07:14:31.459#Z#DEBUG#4a1cb87e-9a0b-11f1-891d-eeee0a87b8c8.OPERATION#flowable-async-job-executor-thread-18969#
[BuildCloudUndeployModelStep] Cloud applications to undeploy: [ ]#
#2026 08 17 07:14:31.462#Z#DEBUG#4a1cb87e-9a0b-11f1-891d-eeee0a87b8c8.OPERATION#flowable-async-job-executor-thread-18969#
[BuildCloudUndeployModelStep] Cloud undeployment model built#
#2026 08 17 07:14:31.462#Z#DEBUG#4a1cb87e-9a0b-11f1-891d-eeee0a87b8c8.OPERATION#flowable-async-job-executor-thread-18969#
Step "Build Undeploy Model" finished#
#2026 08 17 07:14:31.499#Z#DEBUG#4a1cb87e-9a0b-11f1-891d-eeee0a87b8c8.OPERATION#flowable-async-job-executor-thread-18980#
[AddDomainsStep] Executing task "addDomainsTask" of process "4a1cb8a4-9a0b-11f1-891d-eeee0a87b8c8"...#
#2026 08 17 07:14:31.501#Z#DEBUG#4a1cb87e-9a0b-11f1-891d-eeee0a87b8c8.OPERATION#flowable-async-job-executor-thread-18980#
[AddDomainsStep] Custom domains: []#
#2026 08 17 07:14:31.501#Z#DEBUG#4a1cb87e-9a0b-11f1-891d-eeee0a87b8c8.OPERATION#flowable-async-job-executor-thread-18980#
Step "Add Domains" finished#
#2026 08 17 07:14:31.631#Z#DEBUG#4a1cb87e-9a0b-11f1-891d-eeee0a87b8c8.OPERATION#flowable-async-job-executor-thread-18980#
[ExtractBatchedServicesWithResolvedDynamicParametersStep] Executing task "prepareModulesDeploymentTask" of process "4ad11594-9a0b-11f1-891d-eeee0a87b8c8"...#
#2026 08 17 07:14:31.633#Z#DEBUG#4a1cb87e-9a0b-11f1-891d-eeee0a87b8c8.OPERATION#flowable-async-job-executor-thread-18980#
[ExtractBatchedServicesWithResolvedDynamicParametersStep] Extracting services and resolving dynamic parameters from batch#
#2026 08 17 07:14:31.634#Z#DEBUG#4a1cb87e-9a0b-11f1-891d-eeee0a87b8c8.OPERATION#flowable-async-job-executor-thread-18980#
[ExtractBatchedServicesWithResolvedDynamicParametersStep] Services to create: [ {
  "isOptional" : false,
  "isManaged" : true,
  "name" : "********",
  "v3Metadata" : {
    "annotations" : {
      "mta_id" : "oilAndGas_Tracking",
      "mta_version" : "1.0.0",
      "mta_resource" : "********"
    },
    "labels" : {
      "mta_id" : "fa0d0115ca3f29b920740c4aeed6e832"
    }
  },
  "label" : "xsuaa",
  "plan" : "application",
  "credentials" : "********",
  "tags" : [ ],
  "type" : "managed",
  "resourceName" : "********",
  "shouldSkipParametersUpdate" : false,
  "shouldSkipPlanUpdate" : false,
  "shouldSkipTagsUpdate" : false,
  "shouldSkipSyslogUrlUpdate" : false
}, {
  "isOptional" : false,
  "isManaged" : true,
  "name" : "oilAndGas_Tracking-db",
  "v3Metadata" : {
    "annotations" : {
      "mta_id" : "oilAndGas_Tracking",
      "mta_version" : "1.0.0",
      "mta_resource" : "{\"name\":\"oilAndGas_Tracking-db\"}"
    },
    "labels" : {
      "mta_id" : "fa0d0115ca3f29b920740c4aeed6e832"
    }
  },
  "label" : "hana",
  "plan" : "hdi-shared",
  "credentials" : "********",
  "tags" : [ ],
  "type" : "managed",
  "resourceName" : "oilAndGas_Tracking-db",
  "shouldSkipParametersUpdate" : false,
  "shouldSkipPlanUpdate" : false,
  "shouldSkipTagsUpdate" : false,
  "shouldSkipSyslogUrlUpdate" : false
}, {
  "isOptional" : false,
  "isManaged" : true,
  "name" : "oilAndGas_Tracking-dest",
  "v3Metadata" : {
    "annotations" : {
      "mta_id" : "oilAndGas_Tracking",
      "mta_version" : "1.0.0",
      "mta_resource" : "{\"name\":\"oilAndGas_Tracking-dest\"}"
    },
    "labels" : {
      "mta_id" : "fa0d0115ca3f29b920740c4aeed6e832"
    }
  },
  "label" : "destination",
  "plan" : "lite",
  "credentials" : "********",
  "tags" : [ ],
  "type" : "managed",
  "resourceName" : "oilAndGas_Tracking-dest",
  "shouldSkipParametersUpdate" : false,
  "shouldSkipPlanUpdate" : false,
  "shouldSkipTagsUpdate" : false,
  "shouldSkipSyslogUrlUpdate" : false
}, {
  "isOptional" : false,
  "isManaged" : true,
  "name" : "oilAndGas-html5-repo-host",
  "v3Metadata" : {
    "annotations" : {
      "mta_id" : "oilAndGas_Tracking",
      "mta_version" : "1.0.0",
      "mta_resource" : "{\"name\":\"oilAndGas-html5-repo-host\"}"
    },
    "labels" : {
      "mta_id" : "fa0d0115ca3f29b920740c4aeed6e832"
    }
  },
  "label" : "html5-apps-repo",
  "plan" : "app-host",
  "credentials" : "********",
  "tags" : [ ],
  "type" : "managed",
  "resourceName" : "oilAndGas-html5-repo-host",
  "shouldSkipParametersUpdate" : false,
  "shouldSkipPlanUpdate" : false,
  "shouldSkipTagsUpdate" : false,
  "shouldSkipSyslogUrlUpdate" : false
}, {
  "isOptional" : false,
  "isManaged" : true,
  "name" : "oilAndGas-html5-runtime",
  "v3Metadata" : {
    "annotations" : {
      "mta_id" : "oilAndGas_Tracking",
      "mta_version" : "1.0.0",
      "mta_resource" : "{\"name\":\"oilAndGas-html5-runtime\"}"
    },
    "labels" : {
      "mta_id" : "fa0d0115ca3f29b920740c4aeed6e832"
    }
  },
  "label" : "html5-apps-repo",
  "plan" : "app-runtime",
  "credentials" : "********",
  "tags" : [ ],
  "type" : "managed",
  "resourceName" : "oilAndGas-html5-runtime",
  "shouldSkipParametersUpdate" : false,
  "shouldSkipPlanUpdate" : false,
  "shouldSkipTagsUpdate" : false,
  "shouldSkipSyslogUrlUpdate" : false
} ]#
#2026 08 17 07:14:31.635#Z#DEBUG#4a1cb87e-9a0b-11f1-891d-eeee0a87b8c8.OPERATION#flowable-async-job-executor-thread-18980#
Step "Extract Services with Resolved Dynamic parameters from batch" finished#
#2026 08 17 07:14:31.728#Z#DEBUG#4a1cb87e-9a0b-11f1-891d-eeee0a87b8c8.OPERATION#flowable-async-job-executor-thread-18974#
[CheckServiceOperationStateStep] Executing task "CheckServiceOperationStateTask" of process "4ae2ef31-9a0b-11f1-891d-eeee0a87b8c8"...#
#2026 08 17 07:14:31.729#Z#DEBUG#4a1cb87e-9a0b-11f1-891d-eeee0a87b8c8.OPERATION#flowable-async-job-executor-thread-18974#
[CheckServiceOperationStateStep] Getting service instance "oilAndGas_Tracking-auth"...#
#2026 08 17 07:14:31.862#Z#DEBUG#4a1cb87e-9a0b-11f1-891d-eeee0a87b8c8.OPERATION#flowable-async-job-executor-thread-18974#
Step "Check for service operations in Progress" finished#
#2026 08 17 07:14:31.892#Z#DEBUG#4a1cb87e-9a0b-11f1-891d-eeee0a87b8c8.OPERATION#flowable-async-job-executor-thread-18974#
[DetermineServiceCreateUpdateServiceActionsStep] Executing task "DetermineServiceCreateUpdateActionsTask" of process "4ae2ef31-9a0b-11f1-891d-eeee0a87b8c8"...#
#2026 08 17 07:14:31.894#Z#INFO#4a1cb87e-9a0b-11f1-891d-eeee0a87b8c8.OPERATION#flowable-async-job-executor-thread-18974#
[DetermineServiceCreateUpdateServiceActionsStep] Processing service "oilAndGas_Tracking-auth"...#
#2026 08 17 07:14:31.905#Z#DEBUG#4a1cb87e-9a0b-11f1-891d-eeee0a87b8c8.OPERATION#flowable-async-job-executor-thread-18974#
[DetermineServiceCreateUpdateServiceActionsStep] Getting service instance "oilAndGas_Tracking-auth"...#
#2026 08 17 07:14:32.043#Z#INFO#4a1cb87e-9a0b-11f1-891d-eeee0a87b8c8.OPERATION#flowable-async-job-executor-thread-18974#
[DetermineServiceCreateUpdateServiceActionsStep] Setting service "oilAndGas_Tracking-auth" parameters from "backend/xs-security.json"#
#2026 08 17 07:14:32.088#Z#DEBUG#4a1cb87e-9a0b-11f1-891d-eeee0a87b8c8.OPERATION#flowable-async-job-executor-thread-18974#
[DetermineServiceCreateUpdateServiceActionsStep] Existing service: {
  "name" : "********",
  "metadata" : {
    "guid" : "1a8d4fee-9113-468f-838e-dde4bfb30994",
    "createdAt" : [ 2026, 8, 15, 10, 11, 44 ],
    "updatedAt" : [ 2026, 8, 15, 10, 11, 44 ]
  },
  "v3Metadata" : {
    "annotations" : {
      "mta_id" : "oilAndGas_Tracking",
      "mta_version" : "1.0.0",
      "mta_resource" : "********"
    },
    "labels" : {
      "mta_id" : "fa0d0115ca3f29b920740c4aeed6e832"
    }
  },
  "label" : "xsuaa",
  "plan" : "application",
  "credentials" : "********",
  "tags" : [ ],
  "type" : "managed",
  "lastOperation" : {
    "type" : "UPDATE",
    "description" : "",
    "state" : "SUCCEEDED"
  }
}#
#2026 08 17 07:14:32.088#Z#DEBUG#4a1cb87e-9a0b-11f1-891d-eeee0a87b8c8.OPERATION#flowable-async-job-executor-thread-18974#
[DetermineServiceCreateUpdateServiceActionsStep] Service parameters will be updated#
#2026 08 17 07:14:32.088#Z#DEBUG#4a1cb87e-9a0b-11f1-891d-eeee0a87b8c8.OPERATION#flowable-async-job-executor-thread-18974#
[DetermineServiceCreateUpdateServiceActionsStep] New parameters: {
  "description" : "Security profile for Oil and Gas Tracking",
  "oauth2-configuration" : "********",
  "role-templates" : [ {
    "name" : "********",
    "description" : "UAA",
    "scope-references" : [ "********" ]
  } ],
  "scopes" : [ {
    "name" : "********",
    "description" : "UAA"
  } ],
  "tenant-mode" : "dedicated",
  "xsappname" : "oilAndGas_Tracking"
}#
#2026 08 17 07:14:32.088#Z#DEBUG#4a1cb87e-9a0b-11f1-891d-eeee0a87b8c8.OPERATION#flowable-async-job-executor-thread-18974#
Step "Determine update actions" finished#
#2026 08 17 07:14:32.135#Z#DEBUG#4a1cb87e-9a0b-11f1-891d-eeee0a87b8c8.OPERATION#flowable-async-job-executor-thread-18969#
[CheckForServiceBindingOrKeyOperationStep] Executing task "CheckForServiceBindingOrKeyCreation" of process "4ae2ef31-9a0b-11f1-891d-eeee0a87b8c8"...#
#2026 08 17 07:14:32.136#Z#DEBUG#4a1cb87e-9a0b-11f1-891d-eeee0a87b8c8.OPERATION#flowable-async-job-executor-thread-18969#
Step "Check for service binding or key creation" finished#
#2026 08 17 07:14:32.173#Z#DEBUG#4a1cb87e-9a0b-11f1-891d-eeee0a87b8c8.OPERATION#flowable-async-job-executor-thread-18969#
[UpdateServiceParametersStep] Executing task "UpdateServiceParametersTask" of process "4ae2ef31-9a0b-11f1-891d-eeee0a87b8c8"...#
#2026 08 17 07:14:32.176#Z#INFO#4a1cb87e-9a0b-11f1-891d-eeee0a87b8c8.OPERATION#flowable-async-job-executor-thread-18969#
[UpdateServiceParametersStep] Updating service "oilAndGas_Tracking-auth"...#
#2026 08 17 07:14:32.180#Z#DEBUG#4a1cb87e-9a0b-11f1-891d-eeee0a87b8c8.OPERATION#flowable-async-job-executor-thread-18969#
[UpdateServiceParametersStep] Updating service parameters for service "oilAndGas_Tracking-auth"...#
#2026 08 17 07:14:32.267#Z#DEBUG#4a1cb87e-9a0b-11f1-891d-eeee0a87b8c8.OPERATION#flowable-async-job-executor-thread-18969#
[UpdateServiceParametersStep] Service "oilAndGas_Tracking-auth" updated#
#2026 08 17 07:14:32.267#Z#DEBUG#4a1cb87e-9a0b-11f1-891d-eeee0a87b8c8.OPERATION#flowable-async-job-executor-thread-18969#
[UpdateServiceParametersStep] Triggered service operations: {
  "oilAndGas_Tracking-auth" : "UPDATE"
}#
#2026 08 17 07:14:32.269#Z#DEBUG#4a1cb87e-9a0b-11f1-891d-eeee0a87b8c8.OPERATION#flowable-async-job-executor-thread-18969#
Step "Update parameters" finished#
#2026 08 17 07:14:34.319#Z#DEBUG#4a1cb87e-9a0b-11f1-891d-eeee0a87b8c8.OPERATION#flowable-async-job-executor-thread-45952#
[CheckServiceOperationStateStep] Executing task "CheckServiceOperationStateTask" of process "4c6cea38-9a0b-11f1-b453-eeee0a9f8472"...#
#2026 08 17 07:14:34.384#Z#DEBUG#4a1cb87e-9a0b-11f1-891d-eeee0a87b8c8.OPERATION#flowable-async-job-executor-thread-45952#
[CheckServiceOperationStateStep] Getting service instance "oilAndGas-html5-repo-host"...#
#2026 08 17 07:14:34.428#Z#DEBUG#4a1cb87e-9a0b-11f1-891d-eeee0a87b8c8.OPERATION#flowable-async-job-executor-thread-45952#
Step "Check for service operations in Progress" finished#
#2026 08 17 07:14:34.431#Z#DEBUG#4a1cb87e-9a0b-11f1-891d-eeee0a87b8c8.OPERATION#flowable-async-job-executor-thread-16128#
[CheckServiceOperationStateStep] Executing task "CheckServiceOperationStateTask" of process "4c7d8c47-9a0b-11f1-9b02-eeee0a83383d"...#
#2026 08 17 07:14:34.432#Z#DEBUG#4a1cb87e-9a0b-11f1-891d-eeee0a87b8c8.OPERATION#flowable-async-job-executor-thread-16128#
[CheckServiceOperationStateStep] Getting service instance "oilAndGas_Tracking-dest"...#
#2026 08 17 07:14:34.461#Z#DEBUG#4a1cb87e-9a0b-11f1-891d-eeee0a87b8c8.OPERATION#flowable-async-job-executor-thread-16128#
Step "Check for service operations in Progress" finished#
#2026 08 17 07:14:34.472#Z#DEBUG#4a1cb87e-9a0b-11f1-891d-eeee0a87b8c8.OPERATION#flowable-async-job-executor-thread-45946#
[DetermineServiceCreateUpdateServiceActionsStep] Executing task "DetermineServiceCreateUpdateActionsTask" of process "4c6cea38-9a0b-11f1-b453-eeee0a9f8472"...#
#2026 08 17 07:14:34.473#Z#INFO#4a1cb87e-9a0b-11f1-891d-eeee0a87b8c8.OPERATION#flowable-async-job-executor-thread-45946#
[DetermineServiceCreateUpdateServiceActionsStep] Processing service "oilAndGas-html5-repo-host"...#
#2026 08 17 07:14:34.479#Z#DEBUG#4a1cb87e-9a0b-11f1-891d-eeee0a87b8c8.OPERATION#flowable-async-job-executor-thread-45946#
[DetermineServiceCreateUpdateServiceActionsStep] Getting service instance "oilAndGas-html5-repo-host"...#
#2026 08 17 07:14:34.508#Z#DEBUG#4a1cb87e-9a0b-11f1-891d-eeee0a87b8c8.OPERATION#flowable-async-job-executor-thread-45946#
[DetermineServiceCreateUpdateServiceActionsStep] Service should be created#
#2026 08 17 07:14:34.511#Z#DEBUG#4a1cb87e-9a0b-11f1-891d-eeee0a87b8c8.OPERATION#flowable-async-job-executor-thread-45946#
Step "Determine update actions" finished#
#2026 08 17 07:14:34.509#Z#DEBUG#4a1cb87e-9a0b-11f1-891d-eeee0a87b8c8.OPERATION#flowable-async-job-executor-thread-16129#
[DetermineServiceCreateUpdateServiceActionsStep] Executing task "DetermineServiceCreateUpdateActionsTask" of process "4c7d8c47-9a0b-11f1-9b02-eeee0a83383d"...#
#2026 08 17 07:14:34.511#Z#INFO#4a1cb87e-9a0b-11f1-891d-eeee0a87b8c8.OPERATION#flowable-async-job-executor-thread-16129#
[DetermineServiceCreateUpdateServiceActionsStep] Processing service "oilAndGas_Tracking-dest"...#
#2026 08 17 07:14:34.518#Z#DEBUG#4a1cb87e-9a0b-11f1-891d-eeee0a87b8c8.OPERATION#flowable-async-job-executor-thread-16129#
[DetermineServiceCreateUpdateServiceActionsStep] Getting service instance "oilAndGas_Tracking-dest"...#
#2026 08 17 07:14:34.544#Z#DEBUG#4a1cb87e-9a0b-11f1-891d-eeee0a87b8c8.OPERATION#flowable-async-job-executor-thread-16129#
[DetermineServiceCreateUpdateServiceActionsStep] Service should be created#
#2026 08 17 07:14:34.548#Z#DEBUG#4a1cb87e-9a0b-11f1-891d-eeee0a87b8c8.OPERATION#flowable-async-job-executor-thread-16129#
Step "Determine update actions" finished#
#2026 08 17 07:14:34.560#Z#DEBUG#4a1cb87e-9a0b-11f1-891d-eeee0a87b8c8.OPERATION#flowable-async-job-executor-thread-45946#
[CreateServiceStep] Executing task "CreateServiceTask" of process "4c6cea38-9a0b-11f1-b453-eeee0a9f8472"...#
#2026 08 17 07:14:34.562#Z#INFO#4a1cb87e-9a0b-11f1-891d-eeee0a87b8c8.OPERATION#flowable-async-job-executor-thread-45946#
[CreateServiceStep] Creating service "oilAndGas-html5-repo-host" from MTA resource "oilAndGas-html5-repo-host"...#
#2026 08 17 07:14:34.567#Z#DEBUG#4a1cb87e-9a0b-11f1-891d-eeee0a87b8c8.OPERATION#flowable-async-job-executor-thread-45946#
[CreateServiceStep] Creating service instance: {
  "isOptional" : false,
  "isManaged" : true,
  "name" : "oilAndGas-html5-repo-host",
  "v3Metadata" : {
    "annotations" : {
      "mta_id" : "oilAndGas_Tracking",
      "mta_version" : "1.0.0",
      "mta_resource" : "{\"name\":\"oilAndGas-html5-repo-host\"}"
    },
    "labels" : {
      "mta_id" : "fa0d0115ca3f29b920740c4aeed6e832"
    }
  },
  "label" : "html5-apps-repo",
  "plan" : "app-host",
  "credentials" : "********",
  "tags" : [ ],
  "type" : "managed",
  "resourceName" : "oilAndGas-html5-repo-host",
  "shouldSkipParametersUpdate" : false,
  "shouldSkipPlanUpdate" : false,
  "shouldSkipTagsUpdate" : false,
  "shouldSkipSyslogUrlUpdate" : false
}#
#2026 08 17 07:14:34.793#Z#DEBUG#4a1cb87e-9a0b-11f1-891d-eeee0a87b8c8.OPERATION#flowable-async-job-executor-thread-45946#
[CreateServiceStep] Service "oilAndGas-html5-repo-host" created#
#2026 08 17 07:14:34.793#Z#DEBUG#4a1cb87e-9a0b-11f1-891d-eeee0a87b8c8.OPERATION#flowable-async-job-executor-thread-45946#
[CreateServiceStep] Triggered service operations: {
  "oilAndGas-html5-repo-host" : "CREATE"
}#
#2026 08 17 07:14:34.794#Z#DEBUG#4a1cb87e-9a0b-11f1-891d-eeee0a87b8c8.OPERATION#flowable-async-job-executor-thread-45946#
Step "Create" finished#
#2026 08 17 07:14:34.617#Z#DEBUG#4a1cb87e-9a0b-11f1-891d-eeee0a87b8c8.OPERATION#flowable-async-job-executor-thread-16130#
[CreateServiceStep] Executing task "CreateServiceTask" of process "4c7d8c47-9a0b-11f1-9b02-eeee0a83383d"...#
#2026 08 17 07:14:34.622#Z#INFO#4a1cb87e-9a0b-11f1-891d-eeee0a87b8c8.OPERATION#flowable-async-job-executor-thread-16130#
[CreateServiceStep] Creating service "oilAndGas_Tracking-dest" from MTA resource "oilAndGas_Tracking-dest"...#
#2026 08 17 07:14:34.631#Z#DEBUG#4a1cb87e-9a0b-11f1-891d-eeee0a87b8c8.OPERATION#flowable-async-job-executor-thread-16130#
[CreateServiceStep] Creating service instance: {
  "isOptional" : false,
  "isManaged" : true,
  "name" : "oilAndGas_Tracking-dest",
  "v3Metadata" : {
    "annotations" : {
      "mta_id" : "oilAndGas_Tracking",
      "mta_version" : "1.0.0",
      "mta_resource" : "{\"name\":\"oilAndGas_Tracking-dest\"}"
    },
    "labels" : {
      "mta_id" : "fa0d0115ca3f29b920740c4aeed6e832"
    }
  },
  "label" : "destination",
  "plan" : "lite",
  "credentials" : "********",
  "tags" : [ ],
  "type" : "managed",
  "resourceName" : "oilAndGas_Tracking-dest",
  "shouldSkipParametersUpdate" : false,
  "shouldSkipPlanUpdate" : false,
  "shouldSkipTagsUpdate" : false,
  "shouldSkipSyslogUrlUpdate" : false
}#
#2026 08 17 07:14:34.814#Z#DEBUG#4a1cb87e-9a0b-11f1-891d-eeee0a87b8c8.OPERATION#flowable-async-job-executor-thread-16130#
[CreateServiceStep] Service "oilAndGas_Tracking-dest" created#
#2026 08 17 07:14:34.814#Z#DEBUG#4a1cb87e-9a0b-11f1-891d-eeee0a87b8c8.OPERATION#flowable-async-job-executor-thread-16130#
[CreateServiceStep] Triggered service operations: {
  "oilAndGas_Tracking-dest" : "CREATE"
}#
#2026 08 17 07:14:34.816#Z#DEBUG#4a1cb87e-9a0b-11f1-891d-eeee0a87b8c8.OPERATION#flowable-async-job-executor-thread-16130#
Step "Create" finished#
#2026 08 17 07:14:37.318#Z#DEBUG#4a1cb87e-9a0b-11f1-891d-eeee0a87b8c8.OPERATION#flowable-async-job-executor-thread-18983#
[CheckServiceOperationStateStep] Executing task "CheckServiceOperationStateTask" of process "4e37bf35-9a0b-11f1-891d-eeee0a87b8c8"...#
#2026 08 17 07:14:37.320#Z#DEBUG#4a1cb87e-9a0b-11f1-891d-eeee0a87b8c8.OPERATION#flowable-async-job-executor-thread-18983#
[CheckServiceOperationStateStep] Getting service instance "oilAndGas-html5-runtime"...#
#2026 08 17 07:14:37.347#Z#DEBUG#4a1cb87e-9a0b-11f1-891d-eeee0a87b8c8.OPERATION#flowable-async-job-executor-thread-18983#
Step "Check for service operations in Progress" finished#
#2026 08 17 07:14:37.376#Z#DEBUG#4a1cb87e-9a0b-11f1-891d-eeee0a87b8c8.OPERATION#flowable-async-job-executor-thread-18983#
[DetermineServiceCreateUpdateServiceActionsStep] Executing task "DetermineServiceCreateUpdateActionsTask" of process "4e37bf35-9a0b-11f1-891d-eeee0a87b8c8"...#
#2026 08 17 07:14:37.378#Z#INFO#4a1cb87e-9a0b-11f1-891d-eeee0a87b8c8.OPERATION#flowable-async-job-executor-thread-18983#
[DetermineServiceCreateUpdateServiceActionsStep] Processing service "oilAndGas-html5-runtime"...#
#2026 08 17 07:14:37.383#Z#DEBUG#4a1cb87e-9a0b-11f1-891d-eeee0a87b8c8.OPERATION#flowable-async-job-executor-thread-18983#
[DetermineServiceCreateUpdateServiceActionsStep] Getting service instance "oilAndGas-html5-runtime"...#
#2026 08 17 07:14:37.412#Z#DEBUG#4a1cb87e-9a0b-11f1-891d-eeee0a87b8c8.OPERATION#flowable-async-job-executor-thread-18983#
[DetermineServiceCreateUpdateServiceActionsStep] Service should be created#
#2026 08 17 07:14:37.416#Z#DEBUG#4a1cb87e-9a0b-11f1-891d-eeee0a87b8c8.OPERATION#flowable-async-job-executor-thread-18983#
Step "Determine update actions" finished#
#2026 08 17 07:14:37.452#Z#DEBUG#4a1cb87e-9a0b-11f1-891d-eeee0a87b8c8.OPERATION#flowable-async-job-executor-thread-16131#
[CheckServiceOperationStateStep] Executing task "CheckServiceOperationStateTask" of process "4e4af994-9a0b-11f1-9b02-eeee0a83383d"...#
#2026 08 17 07:14:37.454#Z#DEBUG#4a1cb87e-9a0b-11f1-891d-eeee0a87b8c8.OPERATION#flowable-async-job-executor-thread-16131#
[CheckServiceOperationStateStep] Getting service instance "oilAndGas_Tracking-db"...#
#2026 08 17 07:14:37.576#Z#DEBUG#4a1cb87e-9a0b-11f1-891d-eeee0a87b8c8.OPERATION#flowable-async-job-executor-thread-16131#
Step "Check for service operations in Progress" finished#
#2026 08 17 07:14:37.461#Z#DEBUG#4a1cb87e-9a0b-11f1-891d-eeee0a87b8c8.OPERATION#flowable-async-job-executor-thread-18983#
[CreateServiceStep] Executing task "CreateServiceTask" of process "4e37bf35-9a0b-11f1-891d-eeee0a87b8c8"...#
#2026 08 17 07:14:37.464#Z#INFO#4a1cb87e-9a0b-11f1-891d-eeee0a87b8c8.OPERATION#flowable-async-job-executor-thread-18983#
[CreateServiceStep] Creating service "oilAndGas-html5-runtime" from MTA resource "oilAndGas-html5-runtime"...#
#2026 08 17 07:14:37.470#Z#DEBUG#4a1cb87e-9a0b-11f1-891d-eeee0a87b8c8.OPERATION#flowable-async-job-executor-thread-18983#
[CreateServiceStep] Creating service instance: {
  "isOptional" : false,
  "isManaged" : true,
  "name" : "oilAndGas-html5-runtime",
  "v3Metadata" : {
    "annotations" : {
      "mta_id" : "oilAndGas_Tracking",
      "mta_version" : "1.0.0",
      "mta_resource" : "{\"name\":\"oilAndGas-html5-runtime\"}"
    },
    "labels" : {
      "mta_id" : "fa0d0115ca3f29b920740c4aeed6e832"
    }
  },
  "label" : "html5-apps-repo",
  "plan" : "app-runtime",
  "credentials" : "********",
  "tags" : [ ],
  "type" : "managed",
  "resourceName" : "oilAndGas-html5-runtime",
  "shouldSkipParametersUpdate" : false,
  "shouldSkipPlanUpdate" : false,
  "shouldSkipTagsUpdate" : false,
  "shouldSkipSyslogUrlUpdate" : false
}#
#2026 08 17 07:14:37.729#Z#DEBUG#4a1cb87e-9a0b-11f1-891d-eeee0a87b8c8.OPERATION#flowable-async-job-executor-thread-18983#
[CreateServiceStep] Service "oilAndGas-html5-runtime" created#
#2026 08 17 07:14:37.729#Z#DEBUG#4a1cb87e-9a0b-11f1-891d-eeee0a87b8c8.OPERATION#flowable-async-job-executor-thread-18983#
[CreateServiceStep] Triggered service operations: {
  "oilAndGas-html5-runtime" : "CREATE"
}#
#2026 08 17 07:14:37.730#Z#DEBUG#4a1cb87e-9a0b-11f1-891d-eeee0a87b8c8.OPERATION#flowable-async-job-executor-thread-18983#
Step "Create" finished#
#2026 08 17 07:14:37.611#Z#DEBUG#4a1cb87e-9a0b-11f1-891d-eeee0a87b8c8.OPERATION#flowable-async-job-executor-thread-16131#
[DetermineServiceCreateUpdateServiceActionsStep] Executing task "DetermineServiceCreateUpdateActionsTask" of process "4e4af994-9a0b-11f1-9b02-eeee0a83383d"...#
#2026 08 17 07:14:37.614#Z#INFO#4a1cb87e-9a0b-11f1-891d-eeee0a87b8c8.OPERATION#flowable-async-job-executor-thread-16131#
[DetermineServiceCreateUpdateServiceActionsStep] Processing service "oilAndGas_Tracking-db"...#
#2026 08 17 07:14:37.621#Z#DEBUG#4a1cb87e-9a0b-11f1-891d-eeee0a87b8c8.OPERATION#flowable-async-job-executor-thread-16131#
[DetermineServiceCreateUpdateServiceActionsStep] Getting service instance "oilAndGas_Tracking-db"...#
#2026 08 17 07:14:37.760#Z#DEBUG#4a1cb87e-9a0b-11f1-891d-eeee0a87b8c8.OPERATION#flowable-async-job-executor-thread-16131#
[DetermineServiceCreateUpdateServiceActionsStep] Existing service: {
  "name" : "oilAndGas_Tracking-db",
  "metadata" : {
    "guid" : "84b05850-48dd-4fd6-ac85-2fb430a150c5",
    "createdAt" : [ 2026, 8, 10, 12, 16, 57 ],
    "updatedAt" : [ 2026, 8, 10, 12, 16, 58 ]
  },
  "v3Metadata" : {
    "annotations" : {
      "mta_id" : "oilAndGas_Tracking",
      "mta_version" : "1.0.0",
      "mta_resource" : "{\"name\":\"oilAndGas_Tracking-db\"}"
    },
    "labels" : {
      "mta_id" : "fa0d0115ca3f29b920740c4aeed6e832"
    }
  },
  "label" : "hana",
  "plan" : "hdi-shared",
  "credentials" : "********",
  "tags" : [ ],
  "type" : "managed",
  "lastOperation" : {
    "type" : "CREATE",
    "state" : "SUCCEEDED"
  }
}#
#2026 08 17 07:14:37.760#Z#WARN#4a1cb87e-9a0b-11f1-891d-eeee0a87b8c8.OPERATION#flowable-async-job-executor-thread-16131#
[DetermineServiceCreateUpdateServiceActionsStep] Service parameters for service "oilAndGas_Tracking-db" will not be updated, as the parameters are not defined or empty.#
#2026 08 17 07:14:37.760#Z#DEBUG#4a1cb87e-9a0b-11f1-891d-eeee0a87b8c8.OPERATION#flowable-async-job-executor-thread-16131#
Step "Determine update actions" finished#
#2026 08 17 07:14:37.811#Z#DEBUG#4a1cb87e-9a0b-11f1-891d-eeee0a87b8c8.OPERATION#flowable-async-job-executor-thread-16131#
[CheckForServiceBindingOrKeyOperationStep] Executing task "CheckForServiceBindingOrKeyCreation" of process "4e4af994-9a0b-11f1-9b02-eeee0a83383d"...#
#2026 08 17 07:14:37.814#Z#DEBUG#4a1cb87e-9a0b-11f1-891d-eeee0a87b8c8.OPERATION#flowable-async-job-executor-thread-16131#
Step "Check for service binding or key creation" finished#
#2026 08 17 07:14:44.399#Z#DEBUG#4a1cb87e-9a0b-11f1-891d-eeee0a87b8c8.OPERATION#flowable-async-job-executor-thread-45957#
[UpdateServiceParametersStep] Executing task "UpdateServiceParametersTask" of process "4ae2ef31-9a0b-11f1-891d-eeee0a87b8c8"...#
#2026 08 17 07:14:44.400#Z#DEBUG#4a1cb87e-9a0b-11f1-891d-eeee0a87b8c8.OPERATION#flowable-async-job-executor-thread-45957#
[UpdateServiceParametersStep] Polling service operations...#
#2026 08 17 07:14:44.403#Z#DEBUG#4a1cb87e-9a0b-11f1-891d-eeee0a87b8c8.OPERATION#flowable-async-job-executor-thread-45957#
[UpdateServiceParametersStep] Getting service instance "oilAndGas_Tracking-auth"...#
#2026 08 17 07:14:44.539#Z#DEBUG#4a1cb87e-9a0b-11f1-891d-eeee0a87b8c8.OPERATION#flowable-async-job-executor-thread-45957#
[UpdateServiceParametersStep] Last operation for service "oilAndGas_Tracking-auth": {
  "type" : "UPDATE",
  "description" : "",
  "state" : "SUCCEEDED"
}#
#2026 08 17 07:14:44.539#Z#DEBUG#4a1cb87e-9a0b-11f1-891d-eeee0a87b8c8.OPERATION#flowable-async-job-executor-thread-45957#
[UpdateServiceParametersStep] Service "oilAndGas_Tracking-auth" updated#
#2026 08 17 07:14:44.539#Z#INFO#4a1cb87e-9a0b-11f1-891d-eeee0a87b8c8.OPERATION#flowable-async-job-executor-thread-45957#
[UpdateServiceParametersStep] 1 of 1 done#
#2026 08 17 07:14:44.544#Z#DEBUG#4a1cb87e-9a0b-11f1-891d-eeee0a87b8c8.OPERATION#flowable-async-job-executor-thread-45957#
[UpdateServiceParametersStep] Remaining services to poll: [ ]#
#2026 08 17 07:14:44.545#Z#DEBUG#4a1cb87e-9a0b-11f1-891d-eeee0a87b8c8.OPERATION#flowable-async-job-executor-thread-45957#
Step "Update parameters" finished#
#2026 08 17 07:14:44.429#Z#DEBUG#4a1cb87e-9a0b-11f1-891d-eeee0a87b8c8.OPERATION#flowable-async-job-executor-thread-45955#
[CreateServiceStep] Executing task "CreateServiceTask" of process "4c6cea38-9a0b-11f1-b453-eeee0a9f8472"...#
#2026 08 17 07:14:44.431#Z#DEBUG#4a1cb87e-9a0b-11f1-891d-eeee0a87b8c8.OPERATION#flowable-async-job-executor-thread-45955#
[CreateServiceStep] Polling service operations...#
#2026 08 17 07:14:44.434#Z#DEBUG#4a1cb87e-9a0b-11f1-891d-eeee0a87b8c8.OPERATION#flowable-async-job-executor-thread-45955#
[CreateServiceStep] Getting service instance "oilAndGas-html5-repo-host"...#
#2026 08 17 07:14:44.483#Z#DEBUG#4a1cb87e-9a0b-11f1-891d-eeee0a87b8c8.OPERATION#flowable-async-job-executor-thread-45954#
[CreateServiceStep] Executing task "CreateServiceTask" of process "4c7d8c47-9a0b-11f1-9b02-eeee0a83383d"...#
#2026 08 17 07:14:44.484#Z#DEBUG#4a1cb87e-9a0b-11f1-891d-eeee0a87b8c8.OPERATION#flowable-async-job-executor-thread-45954#
[CreateServiceStep] Polling service operations...#
#2026 08 17 07:14:44.486#Z#DEBUG#4a1cb87e-9a0b-11f1-891d-eeee0a87b8c8.OPERATION#flowable-async-job-executor-thread-45954#
[CreateServiceStep] Getting service instance "oilAndGas_Tracking-dest"...#
#2026 08 17 07:14:44.562#Z#DEBUG#4a1cb87e-9a0b-11f1-891d-eeee0a87b8c8.OPERATION#flowable-async-job-executor-thread-45955#
[CreateServiceStep] Last operation for service "oilAndGas-html5-repo-host": {
  "type" : "CREATE",
  "description" : "",
  "state" : "SUCCEEDED"
}#
#2026 08 17 07:14:44.562#Z#DEBUG#4a1cb87e-9a0b-11f1-891d-eeee0a87b8c8.OPERATION#flowable-async-job-executor-thread-45955#
[CreateServiceStep] Service "oilAndGas-html5-repo-host" created#
#2026 08 17 07:14:44.562#Z#INFO#4a1cb87e-9a0b-11f1-891d-eeee0a87b8c8.OPERATION#flowable-async-job-executor-thread-45955#
[CreateServiceStep] 1 of 1 done#
#2026 08 17 07:14:44.572#Z#DEBUG#4a1cb87e-9a0b-11f1-891d-eeee0a87b8c8.OPERATION#flowable-async-job-executor-thread-45955#
[CreateServiceStep] Remaining services to poll: [ ]#
#2026 08 17 07:14:44.573#Z#DEBUG#4a1cb87e-9a0b-11f1-891d-eeee0a87b8c8.OPERATION#flowable-async-job-executor-thread-45955#
Step "Create" finished#
#2026 08 17 07:14:44.573#Z#DEBUG#4a1cb87e-9a0b-11f1-891d-eeee0a87b8c8.OPERATION#flowable-async-job-executor-thread-45958#
[CreateServiceStep] Executing task "CreateServiceTask" of process "4e37bf35-9a0b-11f1-891d-eeee0a87b8c8"...#
#2026 08 17 07:14:44.575#Z#DEBUG#4a1cb87e-9a0b-11f1-891d-eeee0a87b8c8.OPERATION#flowable-async-job-executor-thread-45958#
[CreateServiceStep] Polling service operations...#
#2026 08 17 07:14:44.579#Z#DEBUG#4a1cb87e-9a0b-11f1-891d-eeee0a87b8c8.OPERATION#flowable-async-job-executor-thread-45958#
[CreateServiceStep] Getting service instance "oilAndGas-html5-runtime"...#
#2026 08 17 07:14:44.603#Z#DEBUG#4a1cb87e-9a0b-11f1-891d-eeee0a87b8c8.OPERATION#flowable-async-job-executor-thread-45954#
[CreateServiceStep] Last operation for service "oilAndGas_Tracking-dest": {
  "type" : "CREATE",
  "description" : "",
  "state" : "SUCCEEDED"
}#
#2026 08 17 07:14:44.603#Z#DEBUG#4a1cb87e-9a0b-11f1-891d-eeee0a87b8c8.OPERATION#flowable-async-job-executor-thread-45954#
[CreateServiceStep] Service "oilAndGas_Tracking-dest" created#
#2026 08 17 07:14:44.604#Z#INFO#4a1cb87e-9a0b-11f1-891d-eeee0a87b8c8.OPERATION#flowable-async-job-executor-thread-45954#
[CreateServiceStep] 1 of 1 done#
#2026 08 17 07:14:44.611#Z#DEBUG#4a1cb87e-9a0b-11f1-891d-eeee0a87b8c8.OPERATION#flowable-async-job-executor-thread-45954#
[CreateServiceStep] Remaining services to poll: [ ]#
#2026 08 17 07:14:44.615#Z#DEBUG#4a1cb87e-9a0b-11f1-891d-eeee0a87b8c8.OPERATION#flowable-async-job-executor-thread-45954#
Step "Create" finished#
#2026 08 17 07:14:44.710#Z#DEBUG#4a1cb87e-9a0b-11f1-891d-eeee0a87b8c8.OPERATION#flowable-async-job-executor-thread-45958#
[CreateServiceStep] Last operation for service "oilAndGas-html5-runtime": {
  "type" : "CREATE",
  "description" : "",
  "state" : "SUCCEEDED"
}#
#2026 08 17 07:14:44.710#Z#DEBUG#4a1cb87e-9a0b-11f1-891d-eeee0a87b8c8.OPERATION#flowable-async-job-executor-thread-45958#
[CreateServiceStep] Service "oilAndGas-html5-runtime" created#
#2026 08 17 07:14:44.710#Z#INFO#4a1cb87e-9a0b-11f1-891d-eeee0a87b8c8.OPERATION#flowable-async-job-executor-thread-45958#
[CreateServiceStep] 1 of 1 done#
#2026 08 17 07:14:44.717#Z#DEBUG#4a1cb87e-9a0b-11f1-891d-eeee0a87b8c8.OPERATION#flowable-async-job-executor-thread-45958#
[CreateServiceStep] Remaining services to poll: [ ]#
#2026 08 17 07:14:44.718#Z#DEBUG#4a1cb87e-9a0b-11f1-891d-eeee0a87b8c8.OPERATION#flowable-async-job-executor-thread-45958#
Step "Create" finished#
#2026 08 17 07:14:46.734#Z#DEBUG#4a1cb87e-9a0b-11f1-891d-eeee0a87b8c8.OPERATION#flowable-async-job-executor-thread-18978#
[PrepareModulesDeploymentStep] Executing task "prepareModulesDeploymentTask" of process "53cdf3fb-9a0b-11f1-891d-eeee0a87b8c8"...#
#2026 08 17 07:14:46.735#Z#DEBUG#4a1cb87e-9a0b-11f1-891d-eeee0a87b8c8.OPERATION#flowable-async-job-executor-thread-18978#
[PrepareModulesDeploymentStep] Preparing modules deployment...#
#2026 08 17 07:14:46.743#Z#DEBUG#4a1cb87e-9a0b-11f1-891d-eeee0a87b8c8.OPERATION#flowable-async-job-executor-thread-18978#
Step "Prepare Modules Deployment" finished#
#2026 08 17 07:14:46.783#Z#DEBUG#4a1cb87e-9a0b-11f1-891d-eeee0a87b8c8.OPERATION#flowable-async-job-executor-thread-18978#
[ComputeNextModulesStep] Executing task "computeNextModulesToDeployInParallel" of process "53cdf3fb-9a0b-11f1-891d-eeee0a87b8c8"...#
#2026 08 17 07:14:46.784#Z#DEBUG#4a1cb87e-9a0b-11f1-891d-eeee0a87b8c8.OPERATION#flowable-async-job-executor-thread-18978#
[ComputeNextModulesStep] Computing modules for next parallel iteration...#
#2026 08 17 07:14:46.788#Z#DEBUG#4a1cb87e-9a0b-11f1-891d-eeee0a87b8c8.OPERATION#flowable-async-job-executor-thread-18978#
[ComputeNextModulesStep] Completed modules detected: []#
#2026 08 17 07:14:46.788#Z#DEBUG#4a1cb87e-9a0b-11f1-891d-eeee0a87b8c8.OPERATION#flowable-async-job-executor-thread-18978#
[ComputeNextModulesStep] All modules for deploy detected: [oilandgas-tracking-ui, oilAndGas_Tracking-srv, oilAndGas_Tracking-db-deployer]#
#2026 08 17 07:14:46.788#Z#DEBUG#4a1cb87e-9a0b-11f1-891d-eeee0a87b8c8.OPERATION#flowable-async-job-executor-thread-18978#
[ComputeNextModulesStep] Modules not for deploy detected: []#
#2026 08 17 07:14:46.789#Z#DEBUG#4a1cb87e-9a0b-11f1-891d-eeee0a87b8c8.OPERATION#flowable-async-job-executor-thread-18978#
[ComputeNextModulesStep] Computed modules for next parallel iteration: [ {
  "majorSchemaVersion" : 3,
  "name" : "oilAndGas_Tracking-srv",
  "type" : "javascript.nodejs",
  "path" : "oilAndGas_Tracking-srv",
  "properties" : { },
  "parameters" : {
    "app-name" : "oilAndGas_Tracking-srv",
    "buildpack" : "nodejs_buildpack",
    "default-app-name" : "oilAndGas_Tracking-srv",
    "default-host" : "bdf5b6cctrial-dev-oilandgas-tracking-srv",
    "default-instances" : 1,
    "default-live-app-name" : "oilAndGas_Tracking-srv",
    "default-live-domain" : "cfapps.us10-001.hana.ondemand.com",
    "default-live-host" : "bdf5b6cctrial-dev-oilandgas-tracking-srv",
    "default-live-uri" : "bdf5b6cctrial-dev-oilandgas-tracking-srv.cfapps.us10-001.hana.ondemand.com",
    "default-live-url" : "https://bdf5b6cctrial-dev-oilandgas-tracking-srv.cfapps.us10-001.hana.ondemand.com",
    "default-uri" : "bdf5b6cctrial-dev-oilandgas-tracking-srv.cfapps.us10-001.hana.ondemand.com",
    "default-url" : "https://bdf5b6cctrial-dev-oilandgas-tracking-srv.cfapps.us10-001.hana.ondemand.com",
    "dependency-type" : "soft",
    "domain" : "cfapps.us10-001.hana.ondemand.com",
    "generated-password" : "********",
    "generated-user" : "********",
    "host" : "bdf5b6cctrial-dev-oilandgas-tracking-srv",
    "instances" : 1,
    "protocol" : "https"
  },
  "requiredDependencies" : [ {
    "majorSchemaVersion" : 3,
    "name" : "oilAndGas_Tracking-db",
    "properties" : { },
    "parameters" : { },
    "propertiesMetadata" : {
      "metadata" : { }
    },
    "parametersMetadata" : {
      "metadata" : { }
    }
  }, {
    "majorSchemaVersion" : 3,
    "name" : "********",
    "properties" : { },
    "parameters" : { },
    "propertiesMetadata" : {
      "metadata" : { }
    },
    "parametersMetadata" : {
      "metadata" : { }
    }
  } ],
  "providedDependencies" : [ {
    "majorSchemaVersion" : 3,
    "name" : "srv-api",
    "isPublic" : false,
    "properties" : {
      "srv-url" : "https://bdf5b6cctrial-dev-oilandgas-tracking-srv.cfapps.us10-001.hana.ondemand.com"
    },
    "parameters" : { },
    "propertiesMetadata" : {
      "metadata" : { }
    },
    "parametersMetadata" : {
      "metadata" : { }
    }
  }, {
    "majorSchemaVersion" : 3,
    "name" : "oilAndGas_Tracking-srv",
    "isPublic" : false,
    "properties" : { },
    "parameters" : { },
    "propertiesMetadata" : {
      "metadata" : { }
    },
    "parametersMetadata" : {
      "metadata" : { }
    }
  } ],
  "propertiesMetadata" : {
    "metadata" : { }
  },
  "parametersMetadata" : {
    "metadata" : { }
  },
  "deployedAfter" : [ ],
  "hooks" : [ ]
}, {
  "majorSchemaVersion" : 3,
  "name" : "oilAndGas_Tracking-db-deployer",
  "type" : "com.sap.xs.hdi",
  "path" : "oilAndGas_Tracking-db-deployer",
  "properties" : {
    "EXIT" : 1
  },
  "parameters" : {
    "app-name" : "oilAndGas_Tracking-db-deployer",
    "buildpack" : "nodejs_buildpack",
    "default-app-name" : "oilAndGas_Tracking-db-deployer",
    "default-host" : "bdf5b6cctrial-dev-oilandgas-tracking-db-deployer",
    "default-instances" : 1,
    "default-live-app-name" : "oilAndGas_Tracking-db-deployer",
    "default-live-domain" : "cfapps.us10-001.hana.ondemand.com",
    "default-live-host" : "bdf5b6cctrial-dev-oilandgas-tracking-db-deployer",
    "default-live-uri" : "bdf5b6cctrial-dev-oilandgas-tracking-db-deployer.cfapps.us10-001.hana.ondemand.com",
    "default-live-url" : "https://bdf5b6cctrial-dev-oilandgas-tracking-db-deployer.cfapps.us10-001.hana.ondemand.com",
    "default-uri" : "bdf5b6cctrial-dev-oilandgas-tracking-db-deployer.cfapps.us10-001.hana.ondemand.com",
    "default-url" : "https://bdf5b6cctrial-dev-oilandgas-tracking-db-deployer.cfapps.us10-001.hana.ondemand.com",
    "dependency-type" : "hard",
    "domain" : "cfapps.us10-001.hana.ondemand.com",
    "generated-password" : "********",
    "generated-user" : "********",
    "host" : "bdf5b6cctrial-dev-oilandgas-tracking-db-deployer",
    "instances" : 1,
    "memory" : "256M",
    "no-route" : true,
    "no-start" : true,
    "protocol" : "https",
    "tasks" : [ {
      "command" : "npm start",
      "memory" : "256M",
      "name" : "deploy"
    } ]
  },
  "requiredDependencies" : [ {
    "majorSchemaVersion" : 3,
    "name" : "oilAndGas_Tracking-db",
    "properties" : { },
    "parameters" : { },
    "propertiesMetadata" : {
      "metadata" : { }
    },
    "parametersMetadata" : {
      "metadata" : { }
    }
  } ],
  "providedDependencies" : [ {
    "majorSchemaVersion" : 3,
    "name" : "oilAndGas_Tracking-db-deployer",
    "isPublic" : false,
    "properties" : { },
    "parameters" : { },
    "propertiesMetadata" : {
      "metadata" : { }
    },
    "parametersMetadata" : {
      "metadata" : { }
    }
  } ],
  "propertiesMetadata" : {
    "metadata" : { }
  },
  "parametersMetadata" : {
    "metadata" : { }
  },
  "deployedAfter" : [ ],
  "hooks" : [ ]
}, {
  "majorSchemaVersion" : 3,
  "name" : "oilandgas-tracking-ui",
  "type" : "staticfile",
  "path" : "oilandgas-tracking-ui",
  "properties" : { },
  "parameters" : {
    "app-name" : "oilandgas-tracking-ui",
    "buildpack" : "staticfile_buildpack",
    "default-app-name" : "oilandgas-tracking-ui",
    "default-host" : "bdf5b6cctrial-dev-oilandgas-tracking-ui",
    "default-instances" : 1,
    "default-live-app-name" : "oilandgas-tracking-ui",
    "default-live-domain" : "cfapps.us10-001.hana.ondemand.com",
    "default-live-host" : "bdf5b6cctrial-dev-oilandgas-tracking-ui",
    "default-live-uri" : "bdf5b6cctrial-dev-oilandgas-tracking-ui.cfapps.us10-001.hana.ondemand.com",
    "default-live-url" : "https://bdf5b6cctrial-dev-oilandgas-tracking-ui.cfapps.us10-001.hana.ondemand.com",
    "default-uri" : "bdf5b6cctrial-dev-oilandgas-tracking-ui.cfapps.us10-001.hana.ondemand.com",
    "default-url" : "https://bdf5b6cctrial-dev-oilandgas-tracking-ui.cfapps.us10-001.hana.ondemand.com",
    "dependency-type" : "soft",
    "disk-quota" : "256M",
    "domain" : "cfapps.us10-001.hana.ondemand.com",
    "generated-password" : "********",
    "generated-user" : "********",
    "host" : "bdf5b6cctrial-dev-oilandgas-tracking-ui",
    "instances" : 1,
    "memory" : "64M",
    "protocol" : "https"
  },
  "requiredDependencies" : [ ],
  "providedDependencies" : [ {
    "majorSchemaVersion" : 3,
    "name" : "oilandgas-tracking-ui",
    "isPublic" : false,
    "properties" : { },
    "parameters" : { },
    "propertiesMetadata" : {
      "metadata" : { }
    },
    "parametersMetadata" : {
      "metadata" : { }
    }
  } ],
  "propertiesMetadata" : {
    "metadata" : { }
  },
  "parametersMetadata" : {
    "metadata" : { }
  },
  "deployedAfter" : [ ],
  "hooks" : [ ]
} ]#
#2026 08 17 07:14:46.789#Z#DEBUG#4a1cb87e-9a0b-11f1-891d-eeee0a87b8c8.OPERATION#flowable-async-job-executor-thread-18978#
Step "Compute Next Modules To Deploy" finished#
#2026 08 17 07:14:46.941#Z#DEBUG#4a1cb87e-9a0b-11f1-891d-eeee0a87b8c8.OPERATION#flowable-async-job-executor-thread-18978#
[ProcessDescriptorStep] Executing task "reprocessDescriptorTask" of process "53effbea-9a0b-11f1-891d-eeee0a87b8c8"...#
#2026 08 17 07:14:46.942#Z#DEBUG#4a1cb87e-9a0b-11f1-891d-eeee0a87b8c8.OPERATION#flowable-async-job-executor-thread-18978#
[ProcessDescriptorStep] Resolving properties and parameters in merged descriptor...#
#2026 08 17 07:14:46.946#Z#DEBUG#4a1cb87e-9a0b-11f1-891d-eeee0a87b8c8.OPERATION#flowable-async-job-executor-thread-18978#
[ProcessDescriptorStep] Subscriptions: [ ]#
#2026 08 17 07:14:46.955#Z#DEBUG#4a1cb87e-9a0b-11f1-891d-eeee0a87b8c8.OPERATION#flowable-async-job-executor-thread-18978#
[ProcessDescriptorStep] MTA modules: [oilandgas-tracking-ui, oilAndGas_Tracking-srv, oilAndGas_Tracking-db-deployer]#
#2026 08 17 07:14:46.958#Z#DEBUG#4a1cb87e-9a0b-11f1-891d-eeee0a87b8c8.OPERATION#flowable-async-job-executor-thread-18978#
[ProcessDescriptorStep] Resolved deployment descriptor: {
  "majorSchemaVersion" : 3,
  "schemaVersion" : "3.3.0",
  "id" : "oilAndGas_Tracking",
  "version" : "1.0.0",
  "modules" : [ {
    "majorSchemaVersion" : 3,
    "name" : "oilAndGas_Tracking-srv",
    "type" : "javascript.nodejs",
    "path" : "oilAndGas_Tracking-srv",
    "properties" : { },
    "parameters" : {
      "default-url" : "https://bdf5b6cctrial-dev-oilandgas-tracking-srv.cfapps.us10-001.hana.ondemand.com",
      "default-app-name" : "oilAndGas_Tracking-srv",
      "generated-password" : "********",
      "default-live-url" : "https://bdf5b6cctrial-dev-oilandgas-tracking-srv.cfapps.us10-001.hana.ondemand.com",
      "default-uri" : "bdf5b6cctrial-dev-oilandgas-tracking-srv.cfapps.us10-001.hana.ondemand.com",
      "default-instances" : 1,
      "default-live-host" : "bdf5b6cctrial-dev-oilandgas-tracking-srv",
      "instances" : 1,
      "buildpack" : "nodejs_buildpack",
      "default-host" : "bdf5b6cctrial-dev-oilandgas-tracking-srv",
      "app-name" : "oilAndGas_Tracking-srv",
      "default-live-uri" : "bdf5b6cctrial-dev-oilandgas-tracking-srv.cfapps.us10-001.hana.ondemand.com",
      "protocol" : "https",
      "default-live-app-name" : "oilAndGas_Tracking-srv",
      "default-live-domain" : "cfapps.us10-001.hana.ondemand.com",
      "domain" : "cfapps.us10-001.hana.ondemand.com",
      "host" : "bdf5b6cctrial-dev-oilandgas-tracking-srv",
      "generated-user" : "********"
    },
    "requiredDependencies" : [ {
      "majorSchemaVersion" : 3,
      "name" : "oilAndGas_Tracking-db",
      "properties" : { },
      "parameters" : { },
      "propertiesMetadata" : {
        "metadata" : { }
      },
      "parametersMetadata" : {
        "metadata" : { }
      }
    }, {
      "majorSchemaVersion" : 3,
      "name" : "********",
      "properties" : { },
      "parameters" : { },
      "propertiesMetadata" : {
        "metadata" : { }
      },
      "parametersMetadata" : {
        "metadata" : { }
      }
    } ],
    "providedDependencies" : [ {
      "majorSchemaVersion" : 3,
      "name" : "srv-api",
      "isPublic" : false,
      "properties" : {
        "srv-url" : "https://bdf5b6cctrial-dev-oilandgas-tracking-srv.cfapps.us10-001.hana.ondemand.com"
      },
      "parameters" : { },
      "propertiesMetadata" : {
        "metadata" : { }
      },
      "parametersMetadata" : {
        "metadata" : { }
      }
    }, {
      "majorSchemaVersion" : 3,
      "name" : "oilAndGas_Tracking-srv",
      "isPublic" : false,
      "properties" : { },
      "parameters" : { },
      "propertiesMetadata" : {
        "metadata" : { }
      },
      "parametersMetadata" : {
        "metadata" : { }
      }
    } ],
    "propertiesMetadata" : {
      "metadata" : { }
    },
    "parametersMetadata" : {
      "metadata" : { }
    },
    "hooks" : [ ]
  }, {
    "majorSchemaVersion" : 3,
    "name" : "oilAndGas_Tracking-db-deployer",
    "type" : "com.sap.xs.hdi",
    "path" : "oilAndGas_Tracking-db-deployer",
    "properties" : {
      "EXIT" : 1
    },
    "parameters" : {
      "default-url" : "https://bdf5b6cctrial-dev-oilandgas-tracking-db-deployer.cfapps.us10-001.hana.ondemand.com",
      "default-app-name" : "oilAndGas_Tracking-db-deployer",
      "generated-password" : "********",
      "default-live-url" : "https://bdf5b6cctrial-dev-oilandgas-tracking-db-deployer.cfapps.us10-001.hana.ondemand.com",
      "default-uri" : "bdf5b6cctrial-dev-oilandgas-tracking-db-deployer.cfapps.us10-001.hana.ondemand.com",
      "memory" : "256M",
      "default-instances" : 1,
      "no-route" : true,
      "default-live-host" : "bdf5b6cctrial-dev-oilandgas-tracking-db-deployer",
      "instances" : 1,
      "buildpack" : "nodejs_buildpack",
      "default-host" : "bdf5b6cctrial-dev-oilandgas-tracking-db-deployer",
      "app-name" : "oilAndGas_Tracking-db-deployer",
      "default-live-uri" : "bdf5b6cctrial-dev-oilandgas-tracking-db-deployer.cfapps.us10-001.hana.ondemand.com",
      "protocol" : "https",
      "default-live-app-name" : "oilAndGas_Tracking-db-deployer",
      "default-live-domain" : "cfapps.us10-001.hana.ondemand.com",
      "dependency-type" : "hard",
      "domain" : "cfapps.us10-001.hana.ondemand.com",
      "host" : "bdf5b6cctrial-dev-oilandgas-tracking-db-deployer",
      "generated-user" : "********",
      "tasks" : [ {
        "command" : "npm start",
        "memory" : "256M",
        "name" : "deploy"
      } ],
      "no-start" : true
    },
    "requiredDependencies" : [ {
      "majorSchemaVersion" : 3,
      "name" : "oilAndGas_Tracking-db",
      "properties" : { },
      "parameters" : { },
      "propertiesMetadata" : {
        "metadata" : { }
      },
      "parametersMetadata" : {
        "metadata" : { }
      }
    } ],
    "providedDependencies" : [ {
      "majorSchemaVersion" : 3,
      "name" : "oilAndGas_Tracking-db-deployer",
      "isPublic" : false,
      "properties" : { },
      "parameters" : { },
      "propertiesMetadata" : {
        "metadata" : { }
      },
      "parametersMetadata" : {
        "metadata" : { }
      }
    } ],
    "propertiesMetadata" : {
      "metadata" : { }
    },
    "parametersMetadata" : {
      "metadata" : { }
    },
    "hooks" : [ ]
  }, {
    "majorSchemaVersion" : 3,
    "name" : "oilandgas-tracking-ui",
    "type" : "staticfile",
    "path" : "oilandgas-tracking-ui",
    "properties" : { },
    "parameters" : {
      "default-url" : "https://bdf5b6cctrial-dev-oilandgas-tracking-ui.cfapps.us10-001.hana.ondemand.com",
      "default-app-name" : "oilandgas-tracking-ui",
      "generated-password" : "********",
      "default-live-url" : "https://bdf5b6cctrial-dev-oilandgas-tracking-ui.cfapps.us10-001.hana.ondemand.com",
      "default-uri" : "bdf5b6cctrial-dev-oilandgas-tracking-ui.cfapps.us10-001.hana.ondemand.com",
      "memory" : "64M",
      "default-instances" : 1,
      "default-live-host" : "bdf5b6cctrial-dev-oilandgas-tracking-ui",
      "instances" : 1,
      "buildpack" : "staticfile_buildpack",
      "default-host" : "bdf5b6cctrial-dev-oilandgas-tracking-ui",
      "app-name" : "oilandgas-tracking-ui",
      "default-live-uri" : "bdf5b6cctrial-dev-oilandgas-tracking-ui.cfapps.us10-001.hana.ondemand.com",
      "protocol" : "https",
      "default-live-app-name" : "oilandgas-tracking-ui",
      "default-live-domain" : "cfapps.us10-001.hana.ondemand.com",
      "disk-quota" : "256M",
      "domain" : "cfapps.us10-001.hana.ondemand.com",
      "host" : "bdf5b6cctrial-dev-oilandgas-tracking-ui",
      "generated-user" : "********"
    },
    "requiredDependencies" : [ ],
    "providedDependencies" : [ {
      "majorSchemaVersion" : 3,
      "name" : "oilandgas-tracking-ui",
      "isPublic" : false,
      "properties" : { },
      "parameters" : { },
      "propertiesMetadata" : {
        "metadata" : { }
      },
      "parametersMetadata" : {
        "metadata" : { }
      }
    } ],
    "propertiesMetadata" : {
      "metadata" : { }
    },
    "parametersMetadata" : {
      "metadata" : { }
    },
    "hooks" : [ ]
  } ],
  "resources" : [ {
    "majorSchemaVersion" : 3,
    "name" : "********",
    "type" : "org.cloudfoundry.managed-service",
    "properties" : { },
    "parameters" : {
      "generated-password" : "********",
      "path" : "./backend/xs-security.json",
      "service-name" : "********",
      "service-plan" : "application",
      "service" : "xsuaa",
      "generated-user" : "********",
      "default-xsappname" : "********",
      "type" : "managed-service",
      "default-service-name" : "********",
      "default-container-name" : "********"
    },
    "isActive" : true,
    "isOptional" : false,
    "propertiesMetadata" : {
      "metadata" : { }
    },
    "parametersMetadata" : {
      "metadata" : { }
    },
    "requiredDependencies" : [ ],
    "processedAfter" : [ ]
  }, {
    "majorSchemaVersion" : 3,
    "name" : "oilAndGas_Tracking-db",
    "type" : "com.sap.xs.hdi-container",
    "properties" : { },
    "parameters" : {
      "generated-password" : "********",
      "service-name" : "oilAndGas_Tracking-db",
      "service-plan" : "hdi-shared",
      "service" : "hana",
      "generated-user" : "********",
      "default-xsappname" : "oilAndGas_Tracking-db",
      "type" : "managed-service",
      "default-service-name" : "oilAndGas_Tracking-db",
      "default-container-name" : "BDF5B6CCTRIAL_DEV_OILANDGAS_TRACKING_DB"
    },
    "isActive" : true,
    "isOptional" : false,
    "propertiesMetadata" : {
      "metadata" : { }
    },
    "parametersMetadata" : {
      "metadata" : { }
    },
    "requiredDependencies" : [ ],
    "processedAfter" : [ ]
  }, {
    "majorSchemaVersion" : 3,
    "name" : "oilAndGas_Tracking-dest",
    "type" : "org.cloudfoundry.managed-service",
    "properties" : { },
    "parameters" : {
      "generated-password" : "********",
      "service-name" : "oilAndGas_Tracking-dest",
      "service-plan" : "lite",
      "service" : "destination",
      "generated-user" : "********",
      "default-xsappname" : "oilAndGas_Tracking-dest",
      "type" : "managed-service",
      "default-service-name" : "oilAndGas_Tracking-dest",
      "default-container-name" : "BDF5B6CCTRIAL_DEV_OILANDGAS_TRACKING_DEST"
    },
    "isActive" : true,
    "isOptional" : false,
    "propertiesMetadata" : {
      "metadata" : { }
    },
    "parametersMetadata" : {
      "metadata" : { }
    },
    "requiredDependencies" : [ ],
    "processedAfter" : [ ]
  }, {
    "majorSchemaVersion" : 3,
    "name" : "oilAndGas-html5-repo-host",
    "type" : "org.cloudfoundry.managed-service",
    "properties" : { },
    "parameters" : {
      "generated-password" : "********",
      "service-name" : "oilAndGas-html5-repo-host",
      "service-plan" : "app-host",
      "service" : "html5-apps-repo",
      "generated-user" : "********",
      "default-xsappname" : "oilAndGas-html5-repo-host",
      "type" : "managed-service",
      "default-service-name" : "oilAndGas-html5-repo-host",
      "default-container-name" : "BDF5B6CCTRIAL_DEV_OILANDGAS_HTML5_REPO_HOST"
    },
    "isActive" : true,
    "isOptional" : false,
    "propertiesMetadata" : {
      "metadata" : { }
    },
    "parametersMetadata" : {
      "metadata" : { }
    },
    "requiredDependencies" : [ ],
    "processedAfter" : [ ]
  }, {
    "majorSchemaVersion" : 3,
    "name" : "oilAndGas-html5-runtime",
    "type" : "org.cloudfoundry.managed-service",
    "properties" : { },
    "parameters" : {
      "generated-password" : "********",
      "service-name" : "oilAndGas-html5-runtime",
      "service-plan" : "app-runtime",
      "service" : "html5-apps-repo",
      "generated-user" : "********",
      "default-xsappname" : "oilAndGas-html5-runtime",
      "type" : "managed-service",
      "default-service-name" : "oilAndGas-html5-runtime",
      "default-container-name" : "BDF5B6CCTRIAL_DEV_OILANDGAS_HTML5_RUNTIME"
    },
    "isActive" : true,
    "isOptional" : false,
    "propertiesMetadata" : {
      "metadata" : { }
    },
    "parametersMetadata" : {
      "metadata" : { }
    },
    "requiredDependencies" : [ ],
    "processedAfter" : [ ]
  } ],
  "parameters" : {
    "mta-id" : "oilAndGas_Tracking",
    "authorization-url" : "********",
    "org-guid" : "dd6970d2-ae68-4ced-8d37-796b3a61f2bb",
    "org" : "bdf5b6cctrial",
    "deploy-target" : "bdf5b6cctrial dev",
    "enable-parallel-deployments" : true,
    "region-primary-domain" : "us10.hana.ondemand.com",
    "space" : "dev",
    "region-domain" : "us10-001.hana.ondemand.com",
    "xs-api-url" : "https://api.cf.us10-001.hana.ondemand.com",
    "deploy-url" : "deploy-service.cfapps.us10-001.hana.ondemand.com",
    "xs-type" : "CF",
    "default-domain" : "cfapps.us10-001.hana.ondemand.com",
    "mta-version" : "1.0.0",
    "xs-auth-url" : "********",
    "space-guid" : "54d05607-5b01-4832-8a17-1192fd3a42a4",
    "user" : "********",
    "controller-url" : "https://api.cf.us10-001.hana.ondemand.com",
    "timestamp" : "20260817071430"
  },
  "parametersMetadata" : {
    "metadata" : { }
  }
}#
#2026 08 17 07:14:46.958#Z#DEBUG#4a1cb87e-9a0b-11f1-891d-eeee0a87b8c8.OPERATION#flowable-async-job-executor-thread-18978#
[ProcessDescriptorStep] Merged descriptor properties and parameters resolved#
#2026 08 17 07:14:46.958#Z#DEBUG#4a1cb87e-9a0b-11f1-891d-eeee0a87b8c8.OPERATION#flowable-async-job-executor-thread-18978#
Step "Re-Process Descriptor Step" finished#
#2026 08 17 07:14:46.990#Z#DEBUG#4a1cb87e-9a0b-11f1-891d-eeee0a87b8c8.OPERATION#flowable-async-job-executor-thread-18978#
[BuildApplicationDeployModelStep] Executing task "buildApplicationDeployModelTask" of process "53effbea-9a0b-11f1-891d-eeee0a87b8c8"...#
#2026 08 17 07:14:46.994#Z#DEBUG#4a1cb87e-9a0b-11f1-891d-eeee0a87b8c8.OPERATION#flowable-async-job-executor-thread-18978#
[BuildApplicationDeployModelStep] Building cloud deployment model for application "oilAndGas_Tracking-srv"...#
#2026 08 17 07:14:47.002#Z#DEBUG#4a1cb87e-9a0b-11f1-891d-eeee0a87b8c8.OPERATION#flowable-async-job-executor-thread-18978#
[BuildApplicationDeployModelStep] No health-check-type is specified. Setting default type: port#
#2026 08 17 07:14:47.003#Z#INFO#4a1cb87e-9a0b-11f1-891d-eeee0a87b8c8.OPERATION#flowable-async-job-executor-thread-18978#
[BuildApplicationDeployModelStep] Building configuration entries for org bdf5b6cctrial, space dev, spaceId 54d05607-5b01-4832-8a17-1192fd3a42a4 and namespace null!#
#2026 08 17 07:14:47.005#Z#DEBUG#4a1cb87e-9a0b-11f1-891d-eeee0a87b8c8.OPERATION#flowable-async-job-executor-thread-18978#
[BuildApplicationDeployModelStep] Configuration entries to publish: [ ]#
#2026 08 17 07:14:47.005#Z#DEBUG#4a1cb87e-9a0b-11f1-891d-eeee0a87b8c8.OPERATION#flowable-async-job-executor-thread-18978#
[BuildApplicationDeployModelStep] Cloud deployment model for application built#
#2026 08 17 07:14:47.005#Z#DEBUG#4a1cb87e-9a0b-11f1-891d-eeee0a87b8c8.OPERATION#flowable-async-job-executor-thread-18978#
Step "Build Application Deploy Model" finished#
#2026 08 17 07:14:47.050#Z#DEBUG#4a1cb87e-9a0b-11f1-891d-eeee0a87b8c8.OPERATION#flowable-async-job-executor-thread-18978#
[CreateOrUpdateAppStep] Executing task "createAppTask" of process "53effbea-9a0b-11f1-891d-eeee0a87b8c8"...#
#2026 08 17 07:14:47.056#Z#DEBUG#4a1cb87e-9a0b-11f1-891d-eeee0a87b8c8.OPERATION#flowable-async-job-executor-thread-18978#
[CreateOrUpdateAppStep] Getting application "oilAndGas_Tracking-srv"...#
#2026 08 17 07:14:47.086#Z#INFO#4a1cb87e-9a0b-11f1-891d-eeee0a87b8c8.OPERATION#flowable-async-job-executor-thread-18978#
[CreateOrUpdateAppStep] Updating application "oilAndGas_Tracking-srv"...#
#2026 08 17 07:14:47.094#Z#DEBUG#4a1cb87e-9a0b-11f1-891d-eeee0a87b8c8.OPERATION#flowable-async-job-executor-thread-18978#
[CreateOrUpdateAppStep] Getting process for application "1ffc2d3b-c852-4def-9096-ff93b6953ea9"...#
#2026 08 17 07:14:47.133#Z#DEBUG#4a1cb87e-9a0b-11f1-891d-eeee0a87b8c8.OPERATION#flowable-async-job-executor-thread-18978#
[CreateOrUpdateAppStep] Getting routes for application "1ffc2d3b-c852-4def-9096-ff93b6953ea9"...#
#2026 08 17 07:14:47.165#Z#DEBUG#4a1cb87e-9a0b-11f1-891d-eeee0a87b8c8.OPERATION#flowable-async-job-executor-thread-18978#
[CreateOrUpdateAppStep] Getting features for application "1ffc2d3b-c852-4def-9096-ff93b6953ea9"#
#2026 08 17 07:14:47.194#Z#DEBUG#4a1cb87e-9a0b-11f1-891d-eeee0a87b8c8.OPERATION#flowable-async-job-executor-thread-18978#
[CreateOrUpdateAppStep] Updating staging of application "oilAndGas_Tracking-srv" to: {
  "buildpacks" : [ "nodejs_buildpack" ],
  "healthCheckType" : "port",
  "appFeatures" : { }
}#
#2026 08 17 07:14:47.400#Z#DEBUG#4a1cb87e-9a0b-11f1-891d-eeee0a87b8c8.OPERATION#flowable-async-job-executor-thread-18978#
[CreateOrUpdateAppStep] Application "oilAndGas_Tracking-srv" updated#
#2026 08 17 07:14:47.401#Z#DEBUG#4a1cb87e-9a0b-11f1-891d-eeee0a87b8c8.OPERATION#flowable-async-job-executor-thread-18978#
[CreateOrUpdateAppStep] Getting environment of application "1ffc2d3b-c852-4def-9096-ff93b6953ea9"...#
#2026 08 17 07:14:47.497#Z#DEBUG#4a1cb87e-9a0b-11f1-891d-eeee0a87b8c8.OPERATION#flowable-async-job-executor-thread-18978#
[CreateOrUpdateAppStep] Application "oilAndGas_Tracking-srv" updated#
#2026 08 17 07:14:47.497#Z#DEBUG#4a1cb87e-9a0b-11f1-891d-eeee0a87b8c8.OPERATION#flowable-async-job-executor-thread-18978#
Step "Create App" finished#
#2026 08 17 07:14:47.588#Z#DEBUG#4a1cb87e-9a0b-11f1-891d-eeee0a87b8c8.OPERATION#flowable-async-job-executor-thread-18978#
[CheckServiceBindingOperationStep] Executing task "checkForServiceBindingOperationInProgress" of process "5456d340-9a0b-11f1-891d-eeee0a87b8c8"...#
#2026 08 17 07:14:47.588#Z#DEBUG#4a1cb87e-9a0b-11f1-891d-eeee0a87b8c8.OPERATION#flowable-async-job-executor-thread-18978#
[CheckServiceBindingOperationStep] Checking for service binding operation in progress between app "oilAndGas_Tracking-srv" and service instance "oilAndGas_Tracking-db"#
#2026 08 17 07:14:47.589#Z#DEBUG#4a1cb87e-9a0b-11f1-891d-eeee0a87b8c8.OPERATION#flowable-async-job-executor-thread-18978#
[CheckServiceBindingOperationStep] Getting application guid "oilAndGas_Tracking-srv"...#
#2026 08 17 07:14:47.619#Z#DEBUG#4a1cb87e-9a0b-11f1-891d-eeee0a87b8c8.OPERATION#flowable-async-job-executor-thread-18978#
[CheckServiceBindingOperationStep] Getting GUID of required service instance "oilAndGas_Tracking-db"...#
#2026 08 17 07:14:47.649#Z#DEBUG#4a1cb87e-9a0b-11f1-891d-eeee0a87b8c8.OPERATION#flowable-async-job-executor-thread-18978#
[CheckServiceBindingOperationStep] Getting binding of service instance "84b05850-48dd-4fd6-ac85-2fb430a150c5" with application "1ffc2d3b-c852-4def-9096-ff93b6953ea9"...#
#2026 08 17 07:14:47.676#Z#DEBUG#4a1cb87e-9a0b-11f1-891d-eeee0a87b8c8.OPERATION#flowable-async-job-executor-thread-18978#
[CheckServiceBindingOperationStep] Service binding operation "fadc0f35-1b52-4f33-8f63-f6038a598a03" with type "create" is in state "succeeded"#
#2026 08 17 07:14:47.676#Z#DEBUG#4a1cb87e-9a0b-11f1-891d-eeee0a87b8c8.OPERATION#flowable-async-job-executor-thread-18978#
Step "Check For Service Binding Operation In Progress" finished#
#2026 08 17 07:14:47.706#Z#DEBUG#4a1cb87e-9a0b-11f1-891d-eeee0a87b8c8.OPERATION#flowable-async-job-executor-thread-18978#
[DetermineApplicationServiceBindingActionsStep] Executing task "determineApplicationServiceBindingActionsTask" of process "5456d340-9a0b-11f1-891d-eeee0a87b8c8"...#
#2026 08 17 07:14:47.708#Z#DEBUG#4a1cb87e-9a0b-11f1-891d-eeee0a87b8c8.OPERATION#flowable-async-job-executor-thread-18978#
[DetermineApplicationServiceBindingActionsStep] Determine bind/unbind operations of application "oilAndGas_Tracking-srv" to service instance "oilAndGas_Tracking-db"#
#2026 08 17 07:14:47.708#Z#DEBUG#4a1cb87e-9a0b-11f1-891d-eeee0a87b8c8.OPERATION#flowable-async-job-executor-thread-18978#
[DetermineApplicationServiceBindingActionsStep] Getting application "oilAndGas_Tracking-srv"...#
#2026 08 17 07:14:47.739#Z#DEBUG#4a1cb87e-9a0b-11f1-891d-eeee0a87b8c8.OPERATION#flowable-async-job-executor-thread-18978#
[DetermineApplicationServiceBindingActionsStep] Binding parameters for application "oilAndGas_Tracking-srv": { }#
#2026 08 17 07:14:47.770#Z#DEBUG#4a1cb87e-9a0b-11f1-891d-eeee0a87b8c8.OPERATION#flowable-async-job-executor-thread-18978#
[DetermineApplicationServiceBindingActionsStep] Check should rebind application "oilAndGas_Tracking-srv" and service instance "oilAndGas_Tracking-db"#
#2026 08 17 07:14:47.771#Z#DEBUG#4a1cb87e-9a0b-11f1-891d-eeee0a87b8c8.OPERATION#flowable-async-job-executor-thread-18978#
[DetermineApplicationServiceBindingActionsStep] Getting GUID of required service instance "oilAndGas_Tracking-db"...#
#2026 08 17 07:14:47.802#Z#DEBUG#4a1cb87e-9a0b-11f1-891d-eeee0a87b8c8.OPERATION#flowable-async-job-executor-thread-18978#
[DetermineApplicationServiceBindingActionsStep] Getting binding of service instance "84b05850-48dd-4fd6-ac85-2fb430a150c5" with application "1ffc2d3b-c852-4def-9096-ff93b6953ea9"...#
#2026 08 17 07:14:47.836#Z#DEBUG#4a1cb87e-9a0b-11f1-891d-eeee0a87b8c8.OPERATION#flowable-async-job-executor-thread-18978#
[DetermineApplicationServiceBindingActionsStep] Getting parameters of service binding "fadc0f35-1b52-4f33-8f63-f6038a598a03"...#
#2026 08 17 07:14:47.993#Z#INFO#4a1cb87e-9a0b-11f1-891d-eeee0a87b8c8.OPERATION#flowable-async-job-executor-thread-18978#
[DetermineApplicationServiceBindingActionsStep] Service instance "oilAndGas_Tracking-db" will not be rebound to application "oilAndGas_Tracking-srv" because the binding parameters are not modified#
#2026 08 17 07:14:47.998#Z#DEBUG#4a1cb87e-9a0b-11f1-891d-eeee0a87b8c8.OPERATION#flowable-async-job-executor-thread-18978#
[DetermineApplicationServiceBindingActionsStep] Calculated binding operations between application "oilAndGas_Tracking-srv" and service instance "oilAndGas_Tracking-db": unbind - false bind - false#
#2026 08 17 07:14:47.998#Z#DEBUG#4a1cb87e-9a0b-11f1-891d-eeee0a87b8c8.OPERATION#flowable-async-job-executor-thread-18978#
Step "Determine Application Service Binding Actions" finished#
#2026 08 17 07:14:49.483#Z#DEBUG#4a1cb87e-9a0b-11f1-891d-eeee0a87b8c8.OPERATION#flowable-async-job-executor-thread-45953#
[CheckServiceBindingOperationStep] Executing task "checkForServiceBindingOperationInProgress" of process "557737e2-9a0b-11f1-b453-eeee0a9f8472"...#
#2026 08 17 07:14:49.483#Z#DEBUG#4a1cb87e-9a0b-11f1-891d-eeee0a87b8c8.OPERATION#flowable-async-job-executor-thread-45953#
[CheckServiceBindingOperationStep] Checking for service binding operation in progress between app "oilAndGas_Tracking-srv" and service instance "oilAndGas_Tracking-auth"#
#2026 08 17 07:14:49.483#Z#DEBUG#4a1cb87e-9a0b-11f1-891d-eeee0a87b8c8.OPERATION#flowable-async-job-executor-thread-45953#
[CheckServiceBindingOperationStep] Getting application guid "oilAndGas_Tracking-srv"...#
#2026 08 17 07:14:49.512#Z#DEBUG#4a1cb87e-9a0b-11f1-891d-eeee0a87b8c8.OPERATION#flowable-async-job-executor-thread-45953#
[CheckServiceBindingOperationStep] Getting GUID of required service instance "oilAndGas_Tracking-auth"...#
#2026 08 17 07:14:49.546#Z#DEBUG#4a1cb87e-9a0b-11f1-891d-eeee0a87b8c8.OPERATION#flowable-async-job-executor-thread-45953#
[CheckServiceBindingOperationStep] Getting binding of service instance "1a8d4fee-9113-468f-838e-dde4bfb30994" with application "1ffc2d3b-c852-4def-9096-ff93b6953ea9"...#
#2026 08 17 07:14:49.572#Z#DEBUG#4a1cb87e-9a0b-11f1-891d-eeee0a87b8c8.OPERATION#flowable-async-job-executor-thread-45953#
[CheckServiceBindingOperationStep] Service binding operation "b2f30976-9881-4949-b551-9dd39ea9d4b7" with type "create" is in state "succeeded"#
#2026 08 17 07:14:49.572#Z#DEBUG#4a1cb87e-9a0b-11f1-891d-eeee0a87b8c8.OPERATION#flowable-async-job-executor-thread-45953#
Step "Check For Service Binding Operation In Progress" finished#
#2026 08 17 07:14:49.558#Z#DEBUG#4a1cb87e-9a0b-11f1-891d-eeee0a87b8c8.OPERATION#flowable-async-job-executor-thread-16137#
[ProcessDescriptorStep] Executing task "reprocessDescriptorTask" of process "557d2b63-9a0b-11f1-9b02-eeee0a83383d"...#
#2026 08 17 07:14:49.560#Z#DEBUG#4a1cb87e-9a0b-11f1-891d-eeee0a87b8c8.OPERATION#flowable-async-job-executor-thread-16137#
[ProcessDescriptorStep] Resolving properties and parameters in merged descriptor...#
#2026 08 17 07:14:49.566#Z#DEBUG#4a1cb87e-9a0b-11f1-891d-eeee0a87b8c8.OPERATION#flowable-async-job-executor-thread-16137#
[ProcessDescriptorStep] Subscriptions: [ ]#
#2026 08 17 07:14:49.578#Z#DEBUG#4a1cb87e-9a0b-11f1-891d-eeee0a87b8c8.OPERATION#flowable-async-job-executor-thread-16137#
[ProcessDescriptorStep] MTA modules: [oilandgas-tracking-ui, oilAndGas_Tracking-srv, oilAndGas_Tracking-db-deployer]#
#2026 08 17 07:14:49.582#Z#DEBUG#4a1cb87e-9a0b-11f1-891d-eeee0a87b8c8.OPERATION#flowable-async-job-executor-thread-16137#
[ProcessDescriptorStep] Resolved deployment descriptor: {
  "majorSchemaVersion" : 3,
  "schemaVersion" : "3.3.0",
  "id" : "oilAndGas_Tracking",
  "version" : "1.0.0",
  "modules" : [ {
    "majorSchemaVersion" : 3,
    "name" : "oilAndGas_Tracking-srv",
    "type" : "javascript.nodejs",
    "path" : "oilAndGas_Tracking-srv",
    "properties" : { },
    "parameters" : {
      "default-url" : "https://bdf5b6cctrial-dev-oilandgas-tracking-srv.cfapps.us10-001.hana.ondemand.com",
      "default-app-name" : "oilAndGas_Tracking-srv",
      "generated-password" : "********",
      "default-live-url" : "https://bdf5b6cctrial-dev-oilandgas-tracking-srv.cfapps.us10-001.hana.ondemand.com",
      "default-uri" : "bdf5b6cctrial-dev-oilandgas-tracking-srv.cfapps.us10-001.hana.ondemand.com",
      "default-instances" : 1,
      "default-live-host" : "bdf5b6cctrial-dev-oilandgas-tracking-srv",
      "instances" : 1,
      "buildpack" : "nodejs_buildpack",
      "default-host" : "bdf5b6cctrial-dev-oilandgas-tracking-srv",
      "app-name" : "oilAndGas_Tracking-srv",
      "default-live-uri" : "bdf5b6cctrial-dev-oilandgas-tracking-srv.cfapps.us10-001.hana.ondemand.com",
      "protocol" : "https",
      "default-live-app-name" : "oilAndGas_Tracking-srv",
      "default-live-domain" : "cfapps.us10-001.hana.ondemand.com",
      "domain" : "cfapps.us10-001.hana.ondemand.com",
      "host" : "bdf5b6cctrial-dev-oilandgas-tracking-srv",
      "generated-user" : "********"
    },
    "requiredDependencies" : [ {
      "majorSchemaVersion" : 3,
      "name" : "oilAndGas_Tracking-db",
      "properties" : { },
      "parameters" : { },
      "propertiesMetadata" : {
        "metadata" : { }
      },
      "parametersMetadata" : {
        "metadata" : { }
      }
    }, {
      "majorSchemaVersion" : 3,
      "name" : "********",
      "properties" : { },
      "parameters" : { },
      "propertiesMetadata" : {
        "metadata" : { }
      },
      "parametersMetadata" : {
        "metadata" : { }
      }
    } ],
    "providedDependencies" : [ {
      "majorSchemaVersion" : 3,
      "name" : "srv-api",
      "isPublic" : false,
      "properties" : {
        "srv-url" : "https://bdf5b6cctrial-dev-oilandgas-tracking-srv.cfapps.us10-001.hana.ondemand.com"
      },
      "parameters" : { },
      "propertiesMetadata" : {
        "metadata" : { }
      },
      "parametersMetadata" : {
        "metadata" : { }
      }
    }, {
      "majorSchemaVersion" : 3,
      "name" : "oilAndGas_Tracking-srv",
      "isPublic" : false,
      "properties" : { },
      "parameters" : { },
      "propertiesMetadata" : {
        "metadata" : { }
      },
      "parametersMetadata" : {
        "metadata" : { }
      }
    } ],
    "propertiesMetadata" : {
      "metadata" : { }
    },
    "parametersMetadata" : {
      "metadata" : { }
    },
    "hooks" : [ ]
  }, {
    "majorSchemaVersion" : 3,
    "name" : "oilAndGas_Tracking-db-deployer",
    "type" : "com.sap.xs.hdi",
    "path" : "oilAndGas_Tracking-db-deployer",
    "properties" : {
      "EXIT" : 1
    },
    "parameters" : {
      "default-url" : "https://bdf5b6cctrial-dev-oilandgas-tracking-db-deployer.cfapps.us10-001.hana.ondemand.com",
      "default-app-name" : "oilAndGas_Tracking-db-deployer",
      "generated-password" : "********",
      "default-live-url" : "https://bdf5b6cctrial-dev-oilandgas-tracking-db-deployer.cfapps.us10-001.hana.ondemand.com",
      "default-uri" : "bdf5b6cctrial-dev-oilandgas-tracking-db-deployer.cfapps.us10-001.hana.ondemand.com",
      "memory" : "256M",
      "default-instances" : 1,
      "no-route" : true,
      "default-live-host" : "bdf5b6cctrial-dev-oilandgas-tracking-db-deployer",
      "instances" : 1,
      "buildpack" : "nodejs_buildpack",
      "default-host" : "bdf5b6cctrial-dev-oilandgas-tracking-db-deployer",
      "app-name" : "oilAndGas_Tracking-db-deployer",
      "default-live-uri" : "bdf5b6cctrial-dev-oilandgas-tracking-db-deployer.cfapps.us10-001.hana.ondemand.com",
      "protocol" : "https",
      "default-live-app-name" : "oilAndGas_Tracking-db-deployer",
      "default-live-domain" : "cfapps.us10-001.hana.ondemand.com",
      "dependency-type" : "hard",
      "domain" : "cfapps.us10-001.hana.ondemand.com",
      "host" : "bdf5b6cctrial-dev-oilandgas-tracking-db-deployer",
      "generated-user" : "********",
      "tasks" : [ {
        "command" : "npm start",
        "memory" : "256M",
        "name" : "deploy"
      } ],
      "no-start" : true
    },
    "requiredDependencies" : [ {
      "majorSchemaVersion" : 3,
      "name" : "oilAndGas_Tracking-db",
      "properties" : { },
      "parameters" : { },
      "propertiesMetadata" : {
        "metadata" : { }
      },
      "parametersMetadata" : {
        "metadata" : { }
      }
    } ],
    "providedDependencies" : [ {
      "majorSchemaVersion" : 3,
      "name" : "oilAndGas_Tracking-db-deployer",
      "isPublic" : false,
      "properties" : { },
      "parameters" : { },
      "propertiesMetadata" : {
        "metadata" : { }
      },
      "parametersMetadata" : {
        "metadata" : { }
      }
    } ],
    "propertiesMetadata" : {
      "metadata" : { }
    },
    "parametersMetadata" : {
      "metadata" : { }
    },
    "hooks" : [ ]
  }, {
    "majorSchemaVersion" : 3,
    "name" : "oilandgas-tracking-ui",
    "type" : "staticfile",
    "path" : "oilandgas-tracking-ui",
    "properties" : { },
    "parameters" : {
      "default-url" : "https://bdf5b6cctrial-dev-oilandgas-tracking-ui.cfapps.us10-001.hana.ondemand.com",
      "default-app-name" : "oilandgas-tracking-ui",
      "generated-password" : "********",
      "default-live-url" : "https://bdf5b6cctrial-dev-oilandgas-tracking-ui.cfapps.us10-001.hana.ondemand.com",
      "default-uri" : "bdf5b6cctrial-dev-oilandgas-tracking-ui.cfapps.us10-001.hana.ondemand.com",
      "memory" : "64M",
      "default-instances" : 1,
      "default-live-host" : "bdf5b6cctrial-dev-oilandgas-tracking-ui",
      "instances" : 1,
      "buildpack" : "staticfile_buildpack",
      "default-host" : "bdf5b6cctrial-dev-oilandgas-tracking-ui",
      "app-name" : "oilandgas-tracking-ui",
      "default-live-uri" : "bdf5b6cctrial-dev-oilandgas-tracking-ui.cfapps.us10-001.hana.ondemand.com",
      "protocol" : "https",
      "default-live-app-name" : "oilandgas-tracking-ui",
      "default-live-domain" : "cfapps.us10-001.hana.ondemand.com",
      "disk-quota" : "256M",
      "domain" : "cfapps.us10-001.hana.ondemand.com",
      "host" : "bdf5b6cctrial-dev-oilandgas-tracking-ui",
      "generated-user" : "********"
    },
    "requiredDependencies" : [ ],
    "providedDependencies" : [ {
      "majorSchemaVersion" : 3,
      "name" : "oilandgas-tracking-ui",
      "isPublic" : false,
      "properties" : { },
      "parameters" : { },
      "propertiesMetadata" : {
        "metadata" : { }
      },
      "parametersMetadata" : {
        "metadata" : { }
      }
    } ],
    "propertiesMetadata" : {
      "metadata" : { }
    },
    "parametersMetadata" : {
      "metadata" : { }
    },
    "hooks" : [ ]
  } ],
  "resources" : [ {
    "majorSchemaVersion" : 3,
    "name" : "********",
    "type" : "org.cloudfoundry.managed-service",
    "properties" : { },
    "parameters" : {
      "generated-password" : "********",
      "path" : "./backend/xs-security.json",
      "service-name" : "********",
      "service-plan" : "application",
      "service" : "xsuaa",
      "generated-user" : "********",
      "default-xsappname" : "********",
      "type" : "managed-service",
      "default-service-name" : "********",
      "default-container-name" : "********"
    },
    "isActive" : true,
    "isOptional" : false,
    "propertiesMetadata" : {
      "metadata" : { }
    },
    "parametersMetadata" : {
      "metadata" : { }
    },
    "requiredDependencies" : [ ],
    "processedAfter" : [ ]
  }, {
    "majorSchemaVersion" : 3,
    "name" : "oilAndGas_Tracking-db",
    "type" : "com.sap.xs.hdi-container",
    "properties" : { },
    "parameters" : {
      "generated-password" : "********",
      "service-name" : "oilAndGas_Tracking-db",
      "service-plan" : "hdi-shared",
      "service" : "hana",
      "generated-user" : "********",
      "default-xsappname" : "oilAndGas_Tracking-db",
      "type" : "managed-service",
      "default-service-name" : "oilAndGas_Tracking-db",
      "default-container-name" : "BDF5B6CCTRIAL_DEV_OILANDGAS_TRACKING_DB"
    },
    "isActive" : true,
    "isOptional" : false,
    "propertiesMetadata" : {
      "metadata" : { }
    },
    "parametersMetadata" : {
      "metadata" : { }
    },
    "requiredDependencies" : [ ],
    "processedAfter" : [ ]
  }, {
    "majorSchemaVersion" : 3,
    "name" : "oilAndGas_Tracking-dest",
    "type" : "org.cloudfoundry.managed-service",
    "properties" : { },
    "parameters" : {
      "generated-password" : "********",
      "service-name" : "oilAndGas_Tracking-dest",
      "service-plan" : "lite",
      "service" : "destination",
      "generated-user" : "********",
      "default-xsappname" : "oilAndGas_Tracking-dest",
      "type" : "managed-service",
      "default-service-name" : "oilAndGas_Tracking-dest",
      "default-container-name" : "BDF5B6CCTRIAL_DEV_OILANDGAS_TRACKING_DEST"
    },
    "isActive" : true,
    "isOptional" : false,
    "propertiesMetadata" : {
      "metadata" : { }
    },
    "parametersMetadata" : {
      "metadata" : { }
    },
    "requiredDependencies" : [ ],
    "processedAfter" : [ ]
  }, {
    "majorSchemaVersion" : 3,
    "name" : "oilAndGas-html5-repo-host",
    "type" : "org.cloudfoundry.managed-service",
    "properties" : { },
    "parameters" : {
      "generated-password" : "********",
      "service-name" : "oilAndGas-html5-repo-host",
      "service-plan" : "app-host",
      "service" : "html5-apps-repo",
      "generated-user" : "********",
      "default-xsappname" : "oilAndGas-html5-repo-host",
      "type" : "managed-service",
      "default-service-name" : "oilAndGas-html5-repo-host",
      "default-container-name" : "BDF5B6CCTRIAL_DEV_OILANDGAS_HTML5_REPO_HOST"
    },
    "isActive" : true,
    "isOptional" : false,
    "propertiesMetadata" : {
      "metadata" : { }
    },
    "parametersMetadata" : {
      "metadata" : { }
    },
    "requiredDependencies" : [ ],
    "processedAfter" : [ ]
  }, {
    "majorSchemaVersion" : 3,
    "name" : "oilAndGas-html5-runtime",
    "type" : "org.cloudfoundry.managed-service",
    "properties" : { },
    "parameters" : {
      "generated-password" : "********",
      "service-name" : "oilAndGas-html5-runtime",
      "service-plan" : "app-runtime",
      "service" : "html5-apps-repo",
      "generated-user" : "********",
      "default-xsappname" : "oilAndGas-html5-runtime",
      "type" : "managed-service",
      "default-service-name" : "oilAndGas-html5-runtime",
      "default-container-name" : "BDF5B6CCTRIAL_DEV_OILANDGAS_HTML5_RUNTIME"
    },
    "isActive" : true,
    "isOptional" : false,
    "propertiesMetadata" : {
      "metadata" : { }
    },
    "parametersMetadata" : {
      "metadata" : { }
    },
    "requiredDependencies" : [ ],
    "processedAfter" : [ ]
  } ],
  "parameters" : {
    "mta-id" : "oilAndGas_Tracking",
    "authorization-url" : "********",
    "org-guid" : "dd6970d2-ae68-4ced-8d37-796b3a61f2bb",
    "org" : "bdf5b6cctrial",
    "deploy-target" : "bdf5b6cctrial dev",
    "enable-parallel-deployments" : true,
    "region-primary-domain" : "us10.hana.ondemand.com",
    "space" : "dev",
    "region-domain" : "us10-001.hana.ondemand.com",
    "xs-api-url" : "https://api.cf.us10-001.hana.ondemand.com",
    "deploy-url" : "deploy-service.cfapps.us10-001.hana.ondemand.com",
    "xs-type" : "CF",
    "default-domain" : "cfapps.us10-001.hana.ondemand.com",
    "mta-version" : "1.0.0",
    "xs-auth-url" : "********",
    "space-guid" : "54d05607-5b01-4832-8a17-1192fd3a42a4",
    "user" : "********",
    "controller-url" : "https://api.cf.us10-001.hana.ondemand.com",
    "timestamp" : "20260817071430"
  },
  "parametersMetadata" : {
    "metadata" : { }
  }
}#
#2026 08 17 07:14:49.582#Z#DEBUG#4a1cb87e-9a0b-11f1-891d-eeee0a87b8c8.OPERATION#flowable-async-job-executor-thread-16137#
[ProcessDescriptorStep] Merged descriptor properties and parameters resolved#
#2026 08 17 07:14:49.582#Z#DEBUG#4a1cb87e-9a0b-11f1-891d-eeee0a87b8c8.OPERATION#flowable-async-job-executor-thread-16137#
Step "Re-Process Descriptor Step" finished#
#2026 08 17 07:14:49.626#Z#DEBUG#4a1cb87e-9a0b-11f1-891d-eeee0a87b8c8.OPERATION#flowable-async-job-executor-thread-16139#
[BuildApplicationDeployModelStep] Executing task "buildApplicationDeployModelTask" of process "557d2b63-9a0b-11f1-9b02-eeee0a83383d"...#
#2026 08 17 07:14:49.630#Z#DEBUG#4a1cb87e-9a0b-11f1-891d-eeee0a87b8c8.OPERATION#flowable-async-job-executor-thread-16139#
[BuildApplicationDeployModelStep] Building cloud deployment model for application "oilAndGas_Tracking-db-deployer"...#
#2026 08 17 07:14:49.639#Z#DEBUG#4a1cb87e-9a0b-11f1-891d-eeee0a87b8c8.OPERATION#flowable-async-job-executor-thread-16139#
[BuildApplicationDeployModelStep] No health-check-type is specified. Setting default type: port#
#2026 08 17 07:14:49.640#Z#INFO#4a1cb87e-9a0b-11f1-891d-eeee0a87b8c8.OPERATION#flowable-async-job-executor-thread-16139#
[BuildApplicationDeployModelStep] Building configuration entries for org bdf5b6cctrial, space dev, spaceId 54d05607-5b01-4832-8a17-1192fd3a42a4 and namespace null!#
#2026 08 17 07:14:49.641#Z#DEBUG#4a1cb87e-9a0b-11f1-891d-eeee0a87b8c8.OPERATION#flowable-async-job-executor-thread-16139#
[BuildApplicationDeployModelStep] Configuration entries to publish: [ ]#
#2026 08 17 07:14:49.641#Z#DEBUG#4a1cb87e-9a0b-11f1-891d-eeee0a87b8c8.OPERATION#flowable-async-job-executor-thread-16139#
[BuildApplicationDeployModelStep] Cloud deployment model for application built#
#2026 08 17 07:14:49.641#Z#DEBUG#4a1cb87e-9a0b-11f1-891d-eeee0a87b8c8.OPERATION#flowable-async-job-executor-thread-16139#
Step "Build Application Deploy Model" finished#
#2026 08 17 07:14:49.595#Z#DEBUG#4a1cb87e-9a0b-11f1-891d-eeee0a87b8c8.OPERATION#flowable-async-job-executor-thread-45953#
[DetermineApplicationServiceBindingActionsStep] Executing task "determineApplicationServiceBindingActionsTask" of process "557737e2-9a0b-11f1-b453-eeee0a9f8472"...#
#2026 08 17 07:14:49.597#Z#DEBUG#4a1cb87e-9a0b-11f1-891d-eeee0a87b8c8.OPERATION#flowable-async-job-executor-thread-45953#
[DetermineApplicationServiceBindingActionsStep] Determine bind/unbind operations of application "oilAndGas_Tracking-srv" to service instance "oilAndGas_Tracking-auth"#
#2026 08 17 07:14:49.597#Z#DEBUG#4a1cb87e-9a0b-11f1-891d-eeee0a87b8c8.OPERATION#flowable-async-job-executor-thread-45953#
[DetermineApplicationServiceBindingActionsStep] Getting application "oilAndGas_Tracking-srv"...#
#2026 08 17 07:14:49.632#Z#DEBUG#4a1cb87e-9a0b-11f1-891d-eeee0a87b8c8.OPERATION#flowable-async-job-executor-thread-45953#
[DetermineApplicationServiceBindingActionsStep] Binding parameters for application "oilAndGas_Tracking-srv": { }#
#2026 08 17 07:14:49.664#Z#DEBUG#4a1cb87e-9a0b-11f1-891d-eeee0a87b8c8.OPERATION#flowable-async-job-executor-thread-45953#
[DetermineApplicationServiceBindingActionsStep] Check should rebind application "oilAndGas_Tracking-srv" and service instance "oilAndGas_Tracking-auth"#
#2026 08 17 07:14:49.664#Z#DEBUG#4a1cb87e-9a0b-11f1-891d-eeee0a87b8c8.OPERATION#flowable-async-job-executor-thread-45953#
[DetermineApplicationServiceBindingActionsStep] Getting GUID of required service instance "oilAndGas_Tracking-auth"...#
#2026 08 17 07:14:49.697#Z#DEBUG#4a1cb87e-9a0b-11f1-891d-eeee0a87b8c8.OPERATION#flowable-async-job-executor-thread-45953#
[DetermineApplicationServiceBindingActionsStep] Getting binding of service instance "1a8d4fee-9113-468f-838e-dde4bfb30994" with application "1ffc2d3b-c852-4def-9096-ff93b6953ea9"...#
#2026 08 17 07:14:49.729#Z#DEBUG#4a1cb87e-9a0b-11f1-891d-eeee0a87b8c8.OPERATION#flowable-async-job-executor-thread-45953#
[DetermineApplicationServiceBindingActionsStep] Getting parameters of service binding "b2f30976-9881-4949-b551-9dd39ea9d4b7"...#
#2026 08 17 07:14:49.758#Z#WARN#4a1cb87e-9a0b-11f1-891d-eeee0a87b8c8.OPERATION#flowable-async-job-executor-thread-45953#
[DetermineApplicationServiceBindingActionsStep] Cannot retrieve parameters of binding between application "oilAndGas_Tracking-srv" and service instance "oilAndGas_Tracking-auth"#
#2026 08 17 07:14:49.759#Z#DEBUG#4a1cb87e-9a0b-11f1-891d-eeee0a87b8c8.OPERATION#flowable-async-job-executor-thread-45953#
[DetermineApplicationServiceBindingActionsStep] Calculated binding operations between application "oilAndGas_Tracking-srv" and service instance "oilAndGas_Tracking-auth": unbind - true bind - true#
#2026 08 17 07:14:49.759#Z#DEBUG#4a1cb87e-9a0b-11f1-891d-eeee0a87b8c8.OPERATION#flowable-async-job-executor-thread-45953#
Step "Determine Application Service Binding Actions" finished#
#2026 08 17 07:14:49.787#Z#DEBUG#4a1cb87e-9a0b-11f1-891d-eeee0a87b8c8.OPERATION#flowable-async-job-executor-thread-45953#
[UnbindServiceFromApplicationStep] Executing task "unbindServiceFromApplicationTask" of process "557737e2-9a0b-11f1-b453-eeee0a9f8472"...#
#2026 08 17 07:14:49.789#Z#INFO#4a1cb87e-9a0b-11f1-891d-eeee0a87b8c8.OPERATION#flowable-async-job-executor-thread-45953#
[UnbindServiceFromApplicationStep] Unbinding service instance "oilAndGas_Tracking-auth" from application "oilAndGas_Tracking-srv"...#
#2026 08 17 07:14:49.792#Z#DEBUG#4a1cb87e-9a0b-11f1-891d-eeee0a87b8c8.OPERATION#flowable-async-job-executor-thread-45953#
[UnbindServiceFromApplicationStep] Unbinding application "oilAndGas_Tracking-srv" from service instance "oilAndGas_Tracking-auth"...#
#2026 08 17 07:14:49.917#Z#DEBUG#4a1cb87e-9a0b-11f1-891d-eeee0a87b8c8.OPERATION#flowable-async-job-executor-thread-45953#
Step "Unbind Service from Application" finished#
#2026 08 17 07:14:49.693#Z#DEBUG#4a1cb87e-9a0b-11f1-891d-eeee0a87b8c8.OPERATION#flowable-async-job-executor-thread-16140#
[CreateOrUpdateAppStep] Executing task "createAppTask" of process "557d2b63-9a0b-11f1-9b02-eeee0a83383d"...#
#2026 08 17 07:14:49.696#Z#DEBUG#4a1cb87e-9a0b-11f1-891d-eeee0a87b8c8.OPERATION#flowable-async-job-executor-thread-16140#
[CreateOrUpdateAppStep] Getting application "oilAndGas_Tracking-db-deployer"...#
#2026 08 17 07:14:49.730#Z#INFO#4a1cb87e-9a0b-11f1-891d-eeee0a87b8c8.OPERATION#flowable-async-job-executor-thread-16140#
[CreateOrUpdateAppStep] Updating application "oilAndGas_Tracking-db-deployer"...#
#2026 08 17 07:14:49.739#Z#DEBUG#4a1cb87e-9a0b-11f1-891d-eeee0a87b8c8.OPERATION#flowable-async-job-executor-thread-16140#
[CreateOrUpdateAppStep] Getting process for application "52a04f91-d475-434e-9079-0912c2b169f3"...#
#2026 08 17 07:14:49.770#Z#DEBUG#4a1cb87e-9a0b-11f1-891d-eeee0a87b8c8.OPERATION#flowable-async-job-executor-thread-16140#
[CreateOrUpdateAppStep] Getting routes for application "52a04f91-d475-434e-9079-0912c2b169f3"...#
#2026 08 17 07:14:49.800#Z#DEBUG#4a1cb87e-9a0b-11f1-891d-eeee0a87b8c8.OPERATION#flowable-async-job-executor-thread-16140#
[CreateOrUpdateAppStep] Getting features for application "52a04f91-d475-434e-9079-0912c2b169f3"#
#2026 08 17 07:14:49.829#Z#DEBUG#4a1cb87e-9a0b-11f1-891d-eeee0a87b8c8.OPERATION#flowable-async-job-executor-thread-16140#
[CreateOrUpdateAppStep] Updating staging of application "oilAndGas_Tracking-db-deployer" to: {
  "buildpacks" : [ "nodejs_buildpack" ],
  "healthCheckType" : "port",
  "appFeatures" : { }
}#
#2026 08 17 07:14:50.006#Z#DEBUG#4a1cb87e-9a0b-11f1-891d-eeee0a87b8c8.OPERATION#flowable-async-job-executor-thread-16140#
[CreateOrUpdateAppStep] Application "oilAndGas_Tracking-db-deployer" updated#
#2026 08 17 07:14:50.006#Z#DEBUG#4a1cb87e-9a0b-11f1-891d-eeee0a87b8c8.OPERATION#flowable-async-job-executor-thread-16140#
[CreateOrUpdateAppStep] Getting environment of application "52a04f91-d475-434e-9079-0912c2b169f3"...#
#2026 08 17 07:14:50.144#Z#DEBUG#4a1cb87e-9a0b-11f1-891d-eeee0a87b8c8.OPERATION#flowable-async-job-executor-thread-16140#
[CreateOrUpdateAppStep] Application "oilAndGas_Tracking-db-deployer" updated#
#2026 08 17 07:14:50.144#Z#DEBUG#4a1cb87e-9a0b-11f1-891d-eeee0a87b8c8.OPERATION#flowable-async-job-executor-thread-16140#
Step "Create App" finished#
#2026 08 17 07:14:50.256#Z#DEBUG#4a1cb87e-9a0b-11f1-891d-eeee0a87b8c8.OPERATION#flowable-async-job-executor-thread-16142#
[CheckServiceBindingOperationStep] Executing task "checkForServiceBindingOperationInProgress" of process "55ed0387-9a0b-11f1-9b02-eeee0a83383d"...#
#2026 08 17 07:14:50.256#Z#DEBUG#4a1cb87e-9a0b-11f1-891d-eeee0a87b8c8.OPERATION#flowable-async-job-executor-thread-16142#
[CheckServiceBindingOperationStep] Checking for service binding operation in progress between app "oilAndGas_Tracking-db-deployer" and service instance "oilAndGas_Tracking-db"#
#2026 08 17 07:14:50.257#Z#DEBUG#4a1cb87e-9a0b-11f1-891d-eeee0a87b8c8.OPERATION#flowable-async-job-executor-thread-16142#
[CheckServiceBindingOperationStep] Getting application guid "oilAndGas_Tracking-db-deployer"...#
#2026 08 17 07:14:50.286#Z#DEBUG#4a1cb87e-9a0b-11f1-891d-eeee0a87b8c8.OPERATION#flowable-async-job-executor-thread-16142#
[CheckServiceBindingOperationStep] Getting GUID of required service instance "oilAndGas_Tracking-db"...#
#2026 08 17 07:14:50.326#Z#DEBUG#4a1cb87e-9a0b-11f1-891d-eeee0a87b8c8.OPERATION#flowable-async-job-executor-thread-16142#
[CheckServiceBindingOperationStep] Getting binding of service instance "84b05850-48dd-4fd6-ac85-2fb430a150c5" with application "52a04f91-d475-434e-9079-0912c2b169f3"...#
#2026 08 17 07:14:50.367#Z#DEBUG#4a1cb87e-9a0b-11f1-891d-eeee0a87b8c8.OPERATION#flowable-async-job-executor-thread-16142#
[CheckServiceBindingOperationStep] Service binding operation "26d5cd3f-1533-45d2-9f94-01c37efe6af5" with type "create" is in state "succeeded"#
#2026 08 17 07:14:50.367#Z#DEBUG#4a1cb87e-9a0b-11f1-891d-eeee0a87b8c8.OPERATION#flowable-async-job-executor-thread-16142#
Step "Check For Service Binding Operation In Progress" finished#
#2026 08 17 07:14:50.404#Z#DEBUG#4a1cb87e-9a0b-11f1-891d-eeee0a87b8c8.OPERATION#flowable-async-job-executor-thread-16142#
[DetermineApplicationServiceBindingActionsStep] Executing task "determineApplicationServiceBindingActionsTask" of process "55ed0387-9a0b-11f1-9b02-eeee0a83383d"...#
#2026 08 17 07:14:50.406#Z#DEBUG#4a1cb87e-9a0b-11f1-891d-eeee0a87b8c8.OPERATION#flowable-async-job-executor-thread-16142#
[DetermineApplicationServiceBindingActionsStep] Determine bind/unbind operations of application "oilAndGas_Tracking-db-deployer" to service instance "oilAndGas_Tracking-db"#
#2026 08 17 07:14:50.406#Z#DEBUG#4a1cb87e-9a0b-11f1-891d-eeee0a87b8c8.OPERATION#flowable-async-job-executor-thread-16142#
[DetermineApplicationServiceBindingActionsStep] Getting application "oilAndGas_Tracking-db-deployer"...#
#2026 08 17 07:14:50.444#Z#DEBUG#4a1cb87e-9a0b-11f1-891d-eeee0a87b8c8.OPERATION#flowable-async-job-executor-thread-16142#
[DetermineApplicationServiceBindingActionsStep] Binding parameters for application "oilAndGas_Tracking-db-deployer": { }#
#2026 08 17 07:14:50.476#Z#DEBUG#4a1cb87e-9a0b-11f1-891d-eeee0a87b8c8.OPERATION#flowable-async-job-executor-thread-16142#
[DetermineApplicationServiceBindingActionsStep] Check should rebind application "oilAndGas_Tracking-db-deployer" and service instance "oilAndGas_Tracking-db"#
#2026 08 17 07:14:50.476#Z#DEBUG#4a1cb87e-9a0b-11f1-891d-eeee0a87b8c8.OPERATION#flowable-async-job-executor-thread-16142#
[DetermineApplicationServiceBindingActionsStep] Getting GUID of required service instance "oilAndGas_Tracking-db"...#
#2026 08 17 07:14:50.512#Z#DEBUG#4a1cb87e-9a0b-11f1-891d-eeee0a87b8c8.OPERATION#flowable-async-job-executor-thread-16142#
[DetermineApplicationServiceBindingActionsStep] Getting binding of service instance "84b05850-48dd-4fd6-ac85-2fb430a150c5" with application "52a04f91-d475-434e-9079-0912c2b169f3"...#
#2026 08 17 07:14:50.552#Z#DEBUG#4a1cb87e-9a0b-11f1-891d-eeee0a87b8c8.OPERATION#flowable-async-job-executor-thread-16142#
[DetermineApplicationServiceBindingActionsStep] Getting parameters of service binding "26d5cd3f-1533-45d2-9f94-01c37efe6af5"...#
#2026 08 17 07:14:50.764#Z#INFO#4a1cb87e-9a0b-11f1-891d-eeee0a87b8c8.OPERATION#flowable-async-job-executor-thread-16142#
[DetermineApplicationServiceBindingActionsStep] Service instance "oilAndGas_Tracking-db" will not be rebound to application "oilAndGas_Tracking-db-deployer" because the binding parameters are not modified#
#2026 08 17 07:14:50.771#Z#DEBUG#4a1cb87e-9a0b-11f1-891d-eeee0a87b8c8.OPERATION#flowable-async-job-executor-thread-16142#
[DetermineApplicationServiceBindingActionsStep] Calculated binding operations between application "oilAndGas_Tracking-db-deployer" and service instance "oilAndGas_Tracking-db": unbind - false bind - false#
#2026 08 17 07:14:50.771#Z#DEBUG#4a1cb87e-9a0b-11f1-891d-eeee0a87b8c8.OPERATION#flowable-async-job-executor-thread-16142#
Step "Determine Application Service Binding Actions" finished#
#2026 08 17 07:14:50.913#Z#DEBUG#4a1cb87e-9a0b-11f1-891d-eeee0a87b8c8.OPERATION#flowable-async-job-executor-thread-16142#
[DetermineVcapServicesPropertiesChangedStep] Executing task "determineVcapServicesPropertiesChangedTask" of process "564f6ef1-9a0b-11f1-9b02-eeee0a83383d"...#
#2026 08 17 07:14:50.916#Z#DEBUG#4a1cb87e-9a0b-11f1-891d-eeee0a87b8c8.OPERATION#flowable-async-job-executor-thread-16142#
[DetermineVcapServicesPropertiesChangedStep] VCAP_SERVICES properties for application "oilAndGas_Tracking-db-deployer" changed: false#
#2026 08 17 07:14:50.916#Z#DEBUG#4a1cb87e-9a0b-11f1-891d-eeee0a87b8c8.OPERATION#flowable-async-job-executor-thread-16142#
Step "Determine vcap services properties changed" finished#
#2026 08 17 07:14:50.953#Z#DEBUG#4a1cb87e-9a0b-11f1-891d-eeee0a87b8c8.OPERATION#flowable-async-job-executor-thread-16142#
[UploadAppStep] Executing task "uploadAppTask" of process "564f6ef1-9a0b-11f1-9b02-eeee0a83383d"...#
#2026 08 17 07:14:50.956#Z#DEBUG#4a1cb87e-9a0b-11f1-891d-eeee0a87b8c8.OPERATION#flowable-async-job-executor-thread-16142#
[UploadAppStep] Application upload timeout is default one: 3,600 seconds#
#2026 08 17 07:14:50.956#Z#INFO#4a1cb87e-9a0b-11f1-891d-eeee0a87b8c8.OPERATION#flowable-async-job-executor-thread-16142#
[UploadAppStep] Uploading application "oilAndGas_Tracking-db-deployer"...#
#2026 08 17 07:14:50.963#Z#DEBUG#4a1cb87e-9a0b-11f1-891d-eeee0a87b8c8.OPERATION#flowable-async-job-executor-thread-16142#
[UploadAppStep] Getting application "oilAndGas_Tracking-db-deployer"...#
#2026 08 17 07:14:50.997#Z#DEBUG#4a1cb87e-9a0b-11f1-891d-eeee0a87b8c8.OPERATION#flowable-async-job-executor-thread-16142#
[UploadAppStep] Getting environment of application "52a04f91-d475-434e-9079-0912c2b169f3"...#
#2026 08 17 07:14:51.041#Z#INFO#4a1cb87e-9a0b-11f1-891d-eeee0a87b8c8.OPERATION#flowable-async-job-executor-thread-16142#
[UploadAppStep] Calculating application digest: "oilAndGas_Tracking-db-deployer"#
#2026 08 17 07:14:51.176#Z#DEBUG#4a1cb87e-9a0b-11f1-891d-eeee0a87b8c8.OPERATION#flowable-async-job-executor-thread-16142#
Step "Upload App" finished#
#2026 08 17 07:14:52.577#Z#DEBUG#4a1cb87e-9a0b-11f1-891d-eeee0a87b8c8.OPERATION#flowable-async-job-executor-thread-16140#
[ProcessDescriptorStep] Executing task "reprocessDescriptorTask" of process "57480098-9a0b-11f1-9b02-eeee0a83383d"...#
#2026 08 17 07:14:52.578#Z#DEBUG#4a1cb87e-9a0b-11f1-891d-eeee0a87b8c8.OPERATION#flowable-async-job-executor-thread-16140#
[ProcessDescriptorStep] Resolving properties and parameters in merged descriptor...#
#2026 08 17 07:14:52.582#Z#DEBUG#4a1cb87e-9a0b-11f1-891d-eeee0a87b8c8.OPERATION#flowable-async-job-executor-thread-16140#
[ProcessDescriptorStep] Subscriptions: [ ]#
#2026 08 17 07:14:52.590#Z#DEBUG#4a1cb87e-9a0b-11f1-891d-eeee0a87b8c8.OPERATION#flowable-async-job-executor-thread-16140#
[ProcessDescriptorStep] MTA modules: [oilandgas-tracking-ui, oilAndGas_Tracking-srv, oilAndGas_Tracking-db-deployer]#
#2026 08 17 07:14:52.594#Z#DEBUG#4a1cb87e-9a0b-11f1-891d-eeee0a87b8c8.OPERATION#flowable-async-job-executor-thread-16140#
[ProcessDescriptorStep] Resolved deployment descriptor: {
  "majorSchemaVersion" : 3,
  "schemaVersion" : "3.3.0",
  "id" : "oilAndGas_Tracking",
  "version" : "1.0.0",
  "modules" : [ {
    "majorSchemaVersion" : 3,
    "name" : "oilAndGas_Tracking-srv",
    "type" : "javascript.nodejs",
    "path" : "oilAndGas_Tracking-srv",
    "properties" : { },
    "parameters" : {
      "default-url" : "https://bdf5b6cctrial-dev-oilandgas-tracking-srv.cfapps.us10-001.hana.ondemand.com",
      "default-app-name" : "oilAndGas_Tracking-srv",
      "generated-password" : "********",
      "default-live-url" : "https://bdf5b6cctrial-dev-oilandgas-tracking-srv.cfapps.us10-001.hana.ondemand.com",
      "default-uri" : "bdf5b6cctrial-dev-oilandgas-tracking-srv.cfapps.us10-001.hana.ondemand.com",
      "default-instances" : 1,
      "default-live-host" : "bdf5b6cctrial-dev-oilandgas-tracking-srv",
      "instances" : 1,
      "buildpack" : "nodejs_buildpack",
      "default-host" : "bdf5b6cctrial-dev-oilandgas-tracking-srv",
      "app-name" : "oilAndGas_Tracking-srv",
      "default-live-uri" : "bdf5b6cctrial-dev-oilandgas-tracking-srv.cfapps.us10-001.hana.ondemand.com",
      "protocol" : "https",
      "default-live-app-name" : "oilAndGas_Tracking-srv",
      "default-live-domain" : "cfapps.us10-001.hana.ondemand.com",
      "domain" : "cfapps.us10-001.hana.ondemand.com",
      "host" : "bdf5b6cctrial-dev-oilandgas-tracking-srv",
      "generated-user" : "********"
    },
    "requiredDependencies" : [ {
      "majorSchemaVersion" : 3,
      "name" : "oilAndGas_Tracking-db",
      "properties" : { },
      "parameters" : { },
      "propertiesMetadata" : {
        "metadata" : { }
      },
      "parametersMetadata" : {
        "metadata" : { }
      }
    }, {
      "majorSchemaVersion" : 3,
      "name" : "********",
      "properties" : { },
      "parameters" : { },
      "propertiesMetadata" : {
        "metadata" : { }
      },
      "parametersMetadata" : {
        "metadata" : { }
      }
    } ],
    "providedDependencies" : [ {
      "majorSchemaVersion" : 3,
      "name" : "srv-api",
      "isPublic" : false,
      "properties" : {
        "srv-url" : "https://bdf5b6cctrial-dev-oilandgas-tracking-srv.cfapps.us10-001.hana.ondemand.com"
      },
      "parameters" : { },
      "propertiesMetadata" : {
        "metadata" : { }
      },
      "parametersMetadata" : {
        "metadata" : { }
      }
    }, {
      "majorSchemaVersion" : 3,
      "name" : "oilAndGas_Tracking-srv",
      "isPublic" : false,
      "properties" : { },
      "parameters" : { },
      "propertiesMetadata" : {
        "metadata" : { }
      },
      "parametersMetadata" : {
        "metadata" : { }
      }
    } ],
    "propertiesMetadata" : {
      "metadata" : { }
    },
    "parametersMetadata" : {
      "metadata" : { }
    },
    "hooks" : [ ]
  }, {
    "majorSchemaVersion" : 3,
    "name" : "oilAndGas_Tracking-db-deployer",
    "type" : "com.sap.xs.hdi",
    "path" : "oilAndGas_Tracking-db-deployer",
    "properties" : {
      "EXIT" : 1
    },
    "parameters" : {
      "default-url" : "https://bdf5b6cctrial-dev-oilandgas-tracking-db-deployer.cfapps.us10-001.hana.ondemand.com",
      "default-app-name" : "oilAndGas_Tracking-db-deployer",
      "generated-password" : "********",
      "default-live-url" : "https://bdf5b6cctrial-dev-oilandgas-tracking-db-deployer.cfapps.us10-001.hana.ondemand.com",
      "default-uri" : "bdf5b6cctrial-dev-oilandgas-tracking-db-deployer.cfapps.us10-001.hana.ondemand.com",
      "memory" : "256M",
      "default-instances" : 1,
      "no-route" : true,
      "default-live-host" : "bdf5b6cctrial-dev-oilandgas-tracking-db-deployer",
      "instances" : 1,
      "buildpack" : "nodejs_buildpack",
      "default-host" : "bdf5b6cctrial-dev-oilandgas-tracking-db-deployer",
      "app-name" : "oilAndGas_Tracking-db-deployer",
      "default-live-uri" : "bdf5b6cctrial-dev-oilandgas-tracking-db-deployer.cfapps.us10-001.hana.ondemand.com",
      "protocol" : "https",
      "default-live-app-name" : "oilAndGas_Tracking-db-deployer",
      "default-live-domain" : "cfapps.us10-001.hana.ondemand.com",
      "dependency-type" : "hard",
      "domain" : "cfapps.us10-001.hana.ondemand.com",
      "host" : "bdf5b6cctrial-dev-oilandgas-tracking-db-deployer",
      "generated-user" : "********",
      "tasks" : [ {
        "command" : "npm start",
        "memory" : "256M",
        "name" : "deploy"
      } ],
      "no-start" : true
    },
    "requiredDependencies" : [ {
      "majorSchemaVersion" : 3,
      "name" : "oilAndGas_Tracking-db",
      "properties" : { },
      "parameters" : { },
      "propertiesMetadata" : {
        "metadata" : { }
      },
      "parametersMetadata" : {
        "metadata" : { }
      }
    } ],
    "providedDependencies" : [ {
      "majorSchemaVersion" : 3,
      "name" : "oilAndGas_Tracking-db-deployer",
      "isPublic" : false,
      "properties" : { },
      "parameters" : { },
      "propertiesMetadata" : {
        "metadata" : { }
      },
      "parametersMetadata" : {
        "metadata" : { }
      }
    } ],
    "propertiesMetadata" : {
      "metadata" : { }
    },
    "parametersMetadata" : {
      "metadata" : { }
    },
    "hooks" : [ ]
  }, {
    "majorSchemaVersion" : 3,
    "name" : "oilandgas-tracking-ui",
    "type" : "staticfile",
    "path" : "oilandgas-tracking-ui",
    "properties" : { },
    "parameters" : {
      "default-url" : "https://bdf5b6cctrial-dev-oilandgas-tracking-ui.cfapps.us10-001.hana.ondemand.com",
      "default-app-name" : "oilandgas-tracking-ui",
      "generated-password" : "********",
      "default-live-url" : "https://bdf5b6cctrial-dev-oilandgas-tracking-ui.cfapps.us10-001.hana.ondemand.com",
      "default-uri" : "bdf5b6cctrial-dev-oilandgas-tracking-ui.cfapps.us10-001.hana.ondemand.com",
      "memory" : "64M",
      "default-instances" : 1,
      "default-live-host" : "bdf5b6cctrial-dev-oilandgas-tracking-ui",
      "instances" : 1,
      "buildpack" : "staticfile_buildpack",
      "default-host" : "bdf5b6cctrial-dev-oilandgas-tracking-ui",
      "app-name" : "oilandgas-tracking-ui",
      "default-live-uri" : "bdf5b6cctrial-dev-oilandgas-tracking-ui.cfapps.us10-001.hana.ondemand.com",
      "protocol" : "https",
      "default-live-app-name" : "oilandgas-tracking-ui",
      "default-live-domain" : "cfapps.us10-001.hana.ondemand.com",
      "disk-quota" : "256M",
      "domain" : "cfapps.us10-001.hana.ondemand.com",
      "host" : "bdf5b6cctrial-dev-oilandgas-tracking-ui",
      "generated-user" : "********"
    },
    "requiredDependencies" : [ ],
    "providedDependencies" : [ {
      "majorSchemaVersion" : 3,
      "name" : "oilandgas-tracking-ui",
      "isPublic" : false,
      "properties" : { },
      "parameters" : { },
      "propertiesMetadata" : {
        "metadata" : { }
      },
      "parametersMetadata" : {
        "metadata" : { }
      }
    } ],
    "propertiesMetadata" : {
      "metadata" : { }
    },
    "parametersMetadata" : {
      "metadata" : { }
    },
    "hooks" : [ ]
  } ],
  "resources" : [ {
    "majorSchemaVersion" : 3,
    "name" : "********",
    "type" : "org.cloudfoundry.managed-service",
    "properties" : { },
    "parameters" : {
      "generated-password" : "********",
      "path" : "./backend/xs-security.json",
      "service-name" : "********",
      "service-plan" : "application",
      "service" : "xsuaa",
      "generated-user" : "********",
      "default-xsappname" : "********",
      "type" : "managed-service",
      "default-service-name" : "********",
      "default-container-name" : "********"
    },
    "isActive" : true,
    "isOptional" : false,
    "propertiesMetadata" : {
      "metadata" : { }
    },
    "parametersMetadata" : {
      "metadata" : { }
    },
    "requiredDependencies" : [ ],
    "processedAfter" : [ ]
  }, {
    "majorSchemaVersion" : 3,
    "name" : "oilAndGas_Tracking-db",
    "type" : "com.sap.xs.hdi-container",
    "properties" : { },
    "parameters" : {
      "generated-password" : "********",
      "service-name" : "oilAndGas_Tracking-db",
      "service-plan" : "hdi-shared",
      "service" : "hana",
      "generated-user" : "********",
      "default-xsappname" : "oilAndGas_Tracking-db",
      "type" : "managed-service",
      "default-service-name" : "oilAndGas_Tracking-db",
      "default-container-name" : "BDF5B6CCTRIAL_DEV_OILANDGAS_TRACKING_DB"
    },
    "isActive" : true,
    "isOptional" : false,
    "propertiesMetadata" : {
      "metadata" : { }
    },
    "parametersMetadata" : {
      "metadata" : { }
    },
    "requiredDependencies" : [ ],
    "processedAfter" : [ ]
  }, {
    "majorSchemaVersion" : 3,
    "name" : "oilAndGas_Tracking-dest",
    "type" : "org.cloudfoundry.managed-service",
    "properties" : { },
    "parameters" : {
      "generated-password" : "********",
      "service-name" : "oilAndGas_Tracking-dest",
      "service-plan" : "lite",
      "service" : "destination",
      "generated-user" : "********",
      "default-xsappname" : "oilAndGas_Tracking-dest",
      "type" : "managed-service",
      "default-service-name" : "oilAndGas_Tracking-dest",
      "default-container-name" : "BDF5B6CCTRIAL_DEV_OILANDGAS_TRACKING_DEST"
    },
    "isActive" : true,
    "isOptional" : false,
    "propertiesMetadata" : {
      "metadata" : { }
    },
    "parametersMetadata" : {
      "metadata" : { }
    },
    "requiredDependencies" : [ ],
    "processedAfter" : [ ]
  }, {
    "majorSchemaVersion" : 3,
    "name" : "oilAndGas-html5-repo-host",
    "type" : "org.cloudfoundry.managed-service",
    "properties" : { },
    "parameters" : {
      "generated-password" : "********",
      "service-name" : "oilAndGas-html5-repo-host",
      "service-plan" : "app-host",
      "service" : "html5-apps-repo",
      "generated-user" : "********",
      "default-xsappname" : "oilAndGas-html5-repo-host",
      "type" : "managed-service",
      "default-service-name" : "oilAndGas-html5-repo-host",
      "default-container-name" : "BDF5B6CCTRIAL_DEV_OILANDGAS_HTML5_REPO_HOST"
    },
    "isActive" : true,
    "isOptional" : false,
    "propertiesMetadata" : {
      "metadata" : { }
    },
    "parametersMetadata" : {
      "metadata" : { }
    },
    "requiredDependencies" : [ ],
    "processedAfter" : [ ]
  }, {
    "majorSchemaVersion" : 3,
    "name" : "oilAndGas-html5-runtime",
    "type" : "org.cloudfoundry.managed-service",
    "properties" : { },
    "parameters" : {
      "generated-password" : "********",
      "service-name" : "oilAndGas-html5-runtime",
      "service-plan" : "app-runtime",
      "service" : "html5-apps-repo",
      "generated-user" : "********",
      "default-xsappname" : "oilAndGas-html5-runtime",
      "type" : "managed-service",
      "default-service-name" : "oilAndGas-html5-runtime",
      "default-container-name" : "BDF5B6CCTRIAL_DEV_OILANDGAS_HTML5_RUNTIME"
    },
    "isActive" : true,
    "isOptional" : false,
    "propertiesMetadata" : {
      "metadata" : { }
    },
    "parametersMetadata" : {
      "metadata" : { }
    },
    "requiredDependencies" : [ ],
    "processedAfter" : [ ]
  } ],
  "parameters" : {
    "mta-id" : "oilAndGas_Tracking",
    "authorization-url" : "********",
    "org-guid" : "dd6970d2-ae68-4ced-8d37-796b3a61f2bb",
    "org" : "bdf5b6cctrial",
    "deploy-target" : "bdf5b6cctrial dev",
    "enable-parallel-deployments" : true,
    "region-primary-domain" : "us10.hana.ondemand.com",
    "space" : "dev",
    "region-domain" : "us10-001.hana.ondemand.com",
    "xs-api-url" : "https://api.cf.us10-001.hana.ondemand.com",
    "deploy-url" : "deploy-service.cfapps.us10-001.hana.ondemand.com",
    "xs-type" : "CF",
    "default-domain" : "cfapps.us10-001.hana.ondemand.com",
    "mta-version" : "1.0.0",
    "xs-auth-url" : "********",
    "space-guid" : "54d05607-5b01-4832-8a17-1192fd3a42a4",
    "user" : "********",
    "controller-url" : "https://api.cf.us10-001.hana.ondemand.com",
    "timestamp" : "20260817071430"
  },
  "parametersMetadata" : {
    "metadata" : { }
  }
}#
#2026 08 17 07:14:52.594#Z#DEBUG#4a1cb87e-9a0b-11f1-891d-eeee0a87b8c8.OPERATION#flowable-async-job-executor-thread-16140#
[ProcessDescriptorStep] Merged descriptor properties and parameters resolved#
#2026 08 17 07:14:52.594#Z#DEBUG#4a1cb87e-9a0b-11f1-891d-eeee0a87b8c8.OPERATION#flowable-async-job-executor-thread-16140#
Step "Re-Process Descriptor Step" finished#
#2026 08 17 07:14:52.632#Z#DEBUG#4a1cb87e-9a0b-11f1-891d-eeee0a87b8c8.OPERATION#flowable-async-job-executor-thread-16140#
[BuildApplicationDeployModelStep] Executing task "buildApplicationDeployModelTask" of process "57480098-9a0b-11f1-9b02-eeee0a83383d"...#
#2026 08 17 07:14:52.635#Z#DEBUG#4a1cb87e-9a0b-11f1-891d-eeee0a87b8c8.OPERATION#flowable-async-job-executor-thread-16140#
[BuildApplicationDeployModelStep] Building cloud deployment model for application "oilandgas-tracking-ui"...#
#2026 08 17 07:14:52.642#Z#DEBUG#4a1cb87e-9a0b-11f1-891d-eeee0a87b8c8.OPERATION#flowable-async-job-executor-thread-16140#
[BuildApplicationDeployModelStep] No health-check-type is specified. Setting default type: port#
#2026 08 17 07:14:52.643#Z#INFO#4a1cb87e-9a0b-11f1-891d-eeee0a87b8c8.OPERATION#flowable-async-job-executor-thread-16140#
[BuildApplicationDeployModelStep] Building configuration entries for org bdf5b6cctrial, space dev, spaceId 54d05607-5b01-4832-8a17-1192fd3a42a4 and namespace null!#
#2026 08 17 07:14:52.644#Z#DEBUG#4a1cb87e-9a0b-11f1-891d-eeee0a87b8c8.OPERATION#flowable-async-job-executor-thread-16140#
[BuildApplicationDeployModelStep] Configuration entries to publish: [ ]#
#2026 08 17 07:14:52.644#Z#DEBUG#4a1cb87e-9a0b-11f1-891d-eeee0a87b8c8.OPERATION#flowable-async-job-executor-thread-16140#
[BuildApplicationDeployModelStep] Cloud deployment model for application built#
#2026 08 17 07:14:52.644#Z#DEBUG#4a1cb87e-9a0b-11f1-891d-eeee0a87b8c8.OPERATION#flowable-async-job-executor-thread-16140#
Step "Build Application Deploy Model" finished#
#2026 08 17 07:14:52.691#Z#DEBUG#4a1cb87e-9a0b-11f1-891d-eeee0a87b8c8.OPERATION#flowable-async-job-executor-thread-16140#
[CreateOrUpdateAppStep] Executing task "createAppTask" of process "57480098-9a0b-11f1-9b02-eeee0a83383d"...#
#2026 08 17 07:14:52.693#Z#DEBUG#4a1cb87e-9a0b-11f1-891d-eeee0a87b8c8.OPERATION#flowable-async-job-executor-thread-16140#
[CreateOrUpdateAppStep] Getting application "oilandgas-tracking-ui"...#
#2026 08 17 07:14:52.725#Z#INFO#4a1cb87e-9a0b-11f1-891d-eeee0a87b8c8.OPERATION#flowable-async-job-executor-thread-16140#
[CreateOrUpdateAppStep] Updating application "oilandgas-tracking-ui"...#
#2026 08 17 07:14:52.732#Z#DEBUG#4a1cb87e-9a0b-11f1-891d-eeee0a87b8c8.OPERATION#flowable-async-job-executor-thread-16140#
[CreateOrUpdateAppStep] Getting process for application "55fdbe42-21c0-4124-910f-f3ff570d973c"...#
#2026 08 17 07:14:52.766#Z#DEBUG#4a1cb87e-9a0b-11f1-891d-eeee0a87b8c8.OPERATION#flowable-async-job-executor-thread-16140#
[CreateOrUpdateAppStep] Getting routes for application "55fdbe42-21c0-4124-910f-f3ff570d973c"...#
#2026 08 17 07:14:52.795#Z#DEBUG#4a1cb87e-9a0b-11f1-891d-eeee0a87b8c8.OPERATION#flowable-async-job-executor-thread-16140#
[CreateOrUpdateAppStep] Getting features for application "55fdbe42-21c0-4124-910f-f3ff570d973c"#
#2026 08 17 07:14:52.824#Z#DEBUG#4a1cb87e-9a0b-11f1-891d-eeee0a87b8c8.OPERATION#flowable-async-job-executor-thread-16140#
[CreateOrUpdateAppStep] Updating staging of application "oilandgas-tracking-ui" to: {
  "buildpacks" : [ "staticfile_buildpack" ],
  "healthCheckType" : "port",
  "appFeatures" : { }
}#
#2026 08 17 07:14:53.039#Z#DEBUG#4a1cb87e-9a0b-11f1-891d-eeee0a87b8c8.OPERATION#flowable-async-job-executor-thread-16140#
[CreateOrUpdateAppStep] Application "oilandgas-tracking-ui" updated#
#2026 08 17 07:14:53.039#Z#DEBUG#4a1cb87e-9a0b-11f1-891d-eeee0a87b8c8.OPERATION#flowable-async-job-executor-thread-16140#
[CreateOrUpdateAppStep] Getting environment of application "55fdbe42-21c0-4124-910f-f3ff570d973c"...#
#2026 08 17 07:14:53.102#Z#DEBUG#4a1cb87e-9a0b-11f1-891d-eeee0a87b8c8.OPERATION#flowable-async-job-executor-thread-16140#
[CreateOrUpdateAppStep] Application "oilandgas-tracking-ui" updated#
#2026 08 17 07:14:53.102#Z#DEBUG#4a1cb87e-9a0b-11f1-891d-eeee0a87b8c8.OPERATION#flowable-async-job-executor-thread-16140#
Step "Create App" finished#
#2026 08 17 07:14:53.151#Z#DEBUG#4a1cb87e-9a0b-11f1-891d-eeee0a87b8c8.OPERATION#flowable-async-job-executor-thread-16140#
[UploadAppStep] Executing task "uploadAppTask" of process "57480098-9a0b-11f1-9b02-eeee0a83383d"...#
#2026 08 17 07:14:53.154#Z#DEBUG#4a1cb87e-9a0b-11f1-891d-eeee0a87b8c8.OPERATION#flowable-async-job-executor-thread-16140#
[UploadAppStep] Application upload timeout is default one: 3,600 seconds#
#2026 08 17 07:14:53.154#Z#INFO#4a1cb87e-9a0b-11f1-891d-eeee0a87b8c8.OPERATION#flowable-async-job-executor-thread-16140#
[UploadAppStep] Uploading application "oilandgas-tracking-ui"...#
#2026 08 17 07:14:53.161#Z#DEBUG#4a1cb87e-9a0b-11f1-891d-eeee0a87b8c8.OPERATION#flowable-async-job-executor-thread-16140#
[UploadAppStep] Getting application "oilandgas-tracking-ui"...#
#2026 08 17 07:14:53.198#Z#DEBUG#4a1cb87e-9a0b-11f1-891d-eeee0a87b8c8.OPERATION#flowable-async-job-executor-thread-16140#
[UploadAppStep] Getting environment of application "55fdbe42-21c0-4124-910f-f3ff570d973c"...#
#2026 08 17 07:14:53.233#Z#INFO#4a1cb87e-9a0b-11f1-891d-eeee0a87b8c8.OPERATION#flowable-async-job-executor-thread-16140#
[UploadAppStep] Calculating application digest: "oilandgas-tracking-ui"#
#2026 08 17 07:14:53.264#Z#DEBUG#4a1cb87e-9a0b-11f1-891d-eeee0a87b8c8.OPERATION#flowable-async-job-executor-thread-16140#
Step "Upload App" finished#
#2026 08 17 07:15:04.724#Z#DEBUG#4a1cb87e-9a0b-11f1-891d-eeee0a87b8c8.OPERATION#flowable-async-job-executor-thread-45973#
[UnbindServiceFromApplicationStep] Executing task "unbindServiceFromApplicationTask" of process "557737e2-9a0b-11f1-b453-eeee0a9f8472"...#
#2026 08 17 07:15:04.730#Z#DEBUG#4a1cb87e-9a0b-11f1-891d-eeee0a87b8c8.OPERATION#flowable-async-job-executor-thread-45973#
[UnbindServiceFromApplicationStep] Getting async job "97f4c8b7-0a38-4f75-b58a-7957f8690312"#
#2026 08 17 07:15:04.754#Z#DEBUG#4a1cb87e-9a0b-11f1-891d-eeee0a87b8c8.OPERATION#flowable-async-job-executor-thread-45973#
[UnbindServiceFromApplicationStep] Getting service instance "oilAndGas_Tracking-auth"...#
#2026 08 17 07:15:04.886#Z#DEBUG#4a1cb87e-9a0b-11f1-891d-eeee0a87b8c8.OPERATION#flowable-async-job-executor-thread-45973#
[UnbindServiceFromApplicationStep] Async service binding operation with id "97f4c8b7-0a38-4f75-b58a-7957f8690312" finished#
#2026 08 17 07:15:04.889#Z#DEBUG#4a1cb87e-9a0b-11f1-891d-eeee0a87b8c8.OPERATION#flowable-async-job-executor-thread-45973#
Step "Unbind Service from Application" finished#
#2026 08 17 07:15:04.779#Z#DEBUG#4a1cb87e-9a0b-11f1-891d-eeee0a87b8c8.OPERATION#flowable-async-job-executor-thread-45967#
[UploadAppStep] Executing task "uploadAppTask" of process "564f6ef1-9a0b-11f1-9b02-eeee0a83383d"...#
#2026 08 17 07:15:04.781#Z#DEBUG#4a1cb87e-9a0b-11f1-891d-eeee0a87b8c8.OPERATION#flowable-async-job-executor-thread-45967#
[UploadAppStep] Application upload timeout is default one: 3,600 seconds#
#2026 08 17 07:15:04.783#Z#DEBUG#4a1cb87e-9a0b-11f1-891d-eeee0a87b8c8.OPERATION#pool-21-thread-5#
[UploadAppStep] Upload of application: oilAndGas_Tracking-db-deployer started on instance: 0#
#2026 08 17 07:15:04.783#Z#DEBUG#4a1cb87e-9a0b-11f1-891d-eeee0a87b8c8.OPERATION#pool-21-thread-5#
[UploadAppStep] Uploading file "oilAndGas_Tracking-db-deployer/data.zip" for application "oilAndGas_Tracking-db-deployer"#
#2026 08 17 07:15:04.837#Z#INFO#4a1cb87e-9a0b-11f1-891d-eeee0a87b8c8.OPERATION#pool-21-thread-5#
[UploadAppStep] Time elapsed for app binary download: 53 in millis#
#2026 08 17 07:15:04.837#Z#INFO#4a1cb87e-9a0b-11f1-891d-eeee0a87b8c8.OPERATION#pool-21-thread-5#
[UploadAppStep] Size of app oilAndGas_Tracking-db-deployer is 2,446,752 bytes#
#2026 08 17 07:15:04.837#Z#DEBUG#4a1cb87e-9a0b-11f1-891d-eeee0a87b8c8.OPERATION#pool-21-thread-5#
[UploadAppStep] Asynchronously uploading binaries for application "oilAndGas_Tracking-db-deployer"...#
#2026 08 17 07:15:05.043#Z#DEBUG#4a1cb87e-9a0b-11f1-891d-eeee0a87b8c8.OPERATION#flowable-async-job-executor-thread-45968#
[UploadAppStep] Executing task "uploadAppTask" of process "57480098-9a0b-11f1-9b02-eeee0a83383d"...#
#2026 08 17 07:15:05.045#Z#DEBUG#4a1cb87e-9a0b-11f1-891d-eeee0a87b8c8.OPERATION#flowable-async-job-executor-thread-45968#
[UploadAppStep] Application upload timeout is default one: 3,600 seconds#
#2026 08 17 07:15:05.047#Z#DEBUG#4a1cb87e-9a0b-11f1-891d-eeee0a87b8c8.OPERATION#pool-21-thread-4#
[UploadAppStep] Upload of application: oilandgas-tracking-ui started on instance: 0#
#2026 08 17 07:15:05.047#Z#DEBUG#4a1cb87e-9a0b-11f1-891d-eeee0a87b8c8.OPERATION#pool-21-thread-4#
[UploadAppStep] Uploading file "oilandgas-tracking-ui/data.zip" for application "oilandgas-tracking-ui"#
#2026 08 17 07:15:05.072#Z#INFO#4a1cb87e-9a0b-11f1-891d-eeee0a87b8c8.OPERATION#pool-21-thread-5#
[UploadAppStep] Started async upload of application "oilAndGas_Tracking-db-deployer"#
#2026 08 17 07:15:05.073#Z#INFO#4a1cb87e-9a0b-11f1-891d-eeee0a87b8c8.OPERATION#pool-21-thread-4#
[UploadAppStep] Time elapsed for app binary download: 25 in millis#
#2026 08 17 07:15:05.073#Z#INFO#4a1cb87e-9a0b-11f1-891d-eeee0a87b8c8.OPERATION#pool-21-thread-4#
[UploadAppStep] Size of app oilandgas-tracking-ui is 4,743 bytes#
#2026 08 17 07:15:05.073#Z#DEBUG#4a1cb87e-9a0b-11f1-891d-eeee0a87b8c8.OPERATION#pool-21-thread-4#
[UploadAppStep] Asynchronously uploading binaries for application "oilandgas-tracking-ui"...#
#2026 08 17 07:15:05.079#Z#INFO#4a1cb87e-9a0b-11f1-891d-eeee0a87b8c8.OPERATION#flowable-async-job-executor-thread-45967#
[UploadAppStep] Time elapsed for upload: 297 in millis#
#2026 08 17 07:15:05.079#Z#DEBUG#4a1cb87e-9a0b-11f1-891d-eeee0a87b8c8.OPERATION#flowable-async-job-executor-thread-45967#
[UploadAppStep] Getting application "oilAndGas_Tracking-db-deployer"...#
#2026 08 17 07:15:05.098#Z#DEBUG#4a1cb87e-9a0b-11f1-891d-eeee0a87b8c8.OPERATION#App upload monitor: 6101c5db-8f9e-4e61-a3d4-ec56f2fae437#
[UploadAppStep] Upload status: PROCESSING_UPLOAD#
#2026 08 17 07:15:05.110#Z#DEBUG#4a1cb87e-9a0b-11f1-891d-eeee0a87b8c8.OPERATION#flowable-async-job-executor-thread-45967#
[UploadAppStep] Getting environment of application "52a04f91-d475-434e-9079-0912c2b169f3"...#
#2026 08 17 07:15:05.146#Z#DEBUG#4a1cb87e-9a0b-11f1-891d-eeee0a87b8c8.OPERATION#flowable-async-job-executor-thread-45967#
[UploadAppStep] Updating environment of application "oilAndGas_Tracking-db-deployer"#
#2026 08 17 07:15:05.221#Z#DEBUG#4a1cb87e-9a0b-11f1-891d-eeee0a87b8c8.OPERATION#flowable-async-job-executor-thread-45967#
Step "Upload App" finished#
#2026 08 17 07:15:05.171#Z#DEBUG#4a1cb87e-9a0b-11f1-891d-eeee0a87b8c8.OPERATION#flowable-async-job-executor-thread-45970#
[BindServiceToApplicationStep] Executing task "bindServiceToApplicationTask" of process "557737e2-9a0b-11f1-b453-eeee0a9f8472"...#
#2026 08 17 07:15:05.173#Z#INFO#4a1cb87e-9a0b-11f1-891d-eeee0a87b8c8.OPERATION#flowable-async-job-executor-thread-45970#
[BindServiceToApplicationStep] Binding service instance "oilAndGas_Tracking-auth" to application "oilAndGas_Tracking-srv"...#
#2026 08 17 07:15:05.181#Z#DEBUG#4a1cb87e-9a0b-11f1-891d-eeee0a87b8c8.OPERATION#flowable-async-job-executor-thread-45970#
[BindServiceToApplicationStep] Binding service instance "oilAndGas_Tracking-auth" to application "oilAndGas_Tracking-srv" with parameters: { }#
#2026 08 17 07:15:05.308#Z#DEBUG#4a1cb87e-9a0b-11f1-891d-eeee0a87b8c8.OPERATION#flowable-async-job-executor-thread-45970#
Step "Bind Service to Application" finished#
#2026 08 17 07:15:05.251#Z#INFO#4a1cb87e-9a0b-11f1-891d-eeee0a87b8c8.OPERATION#pool-21-thread-4#
[UploadAppStep] Started async upload of application "oilandgas-tracking-ui"#
#2026 08 17 07:15:05.256#Z#INFO#4a1cb87e-9a0b-11f1-891d-eeee0a87b8c8.OPERATION#flowable-async-job-executor-thread-45968#
[UploadAppStep] Time elapsed for upload: 210 in millis#
#2026 08 17 07:15:05.256#Z#DEBUG#4a1cb87e-9a0b-11f1-891d-eeee0a87b8c8.OPERATION#flowable-async-job-executor-thread-45968#
[UploadAppStep] Getting application "oilandgas-tracking-ui"...#
#2026 08 17 07:15:05.273#Z#DEBUG#4a1cb87e-9a0b-11f1-891d-eeee0a87b8c8.OPERATION#App upload monitor: 44869554-7207-4a2f-ad47-b54a66be96c3#
[UploadAppStep] Upload status: PROCESSING_UPLOAD#
#2026 08 17 07:15:05.286#Z#DEBUG#4a1cb87e-9a0b-11f1-891d-eeee0a87b8c8.OPERATION#flowable-async-job-executor-thread-45968#
[UploadAppStep] Getting environment of application "55fdbe42-21c0-4124-910f-f3ff570d973c"...#
#2026 08 17 07:15:05.321#Z#DEBUG#4a1cb87e-9a0b-11f1-891d-eeee0a87b8c8.OPERATION#flowable-async-job-executor-thread-45968#
[UploadAppStep] Updating environment of application "oilandgas-tracking-ui"#
#2026 08 17 07:15:05.400#Z#DEBUG#4a1cb87e-9a0b-11f1-891d-eeee0a87b8c8.OPERATION#flowable-async-job-executor-thread-45968#
Step "Upload App" finished#
#2026 08 17 07:15:10.123#Z#DEBUG#4a1cb87e-9a0b-11f1-891d-eeee0a87b8c8.OPERATION#App upload monitor: 6101c5db-8f9e-4e61-a3d4-ec56f2fae437#
[UploadAppStep] Upload status: READY#
#2026 08 17 07:15:10.305#Z#DEBUG#4a1cb87e-9a0b-11f1-891d-eeee0a87b8c8.OPERATION#App upload monitor: 44869554-7207-4a2f-ad47-b54a66be96c3#
[UploadAppStep] Upload status: READY#
#2026 08 17 07:15:14.844#Z#DEBUG#4a1cb87e-9a0b-11f1-891d-eeee0a87b8c8.OPERATION#flowable-async-job-executor-thread-45978#
[UploadAppStep] Executing task "uploadAppTask" of process "564f6ef1-9a0b-11f1-9b02-eeee0a83383d"...#
#2026 08 17 07:15:14.846#Z#DEBUG#4a1cb87e-9a0b-11f1-891d-eeee0a87b8c8.OPERATION#flowable-async-job-executor-thread-45978#
[UploadAppStep] Application upload timeout is default one: 3,600 seconds#
#2026 08 17 07:15:14.846#Z#DEBUG#4a1cb87e-9a0b-11f1-891d-eeee0a87b8c8.OPERATION#flowable-async-job-executor-thread-45978#
[UploadAppStep] Checking upload status of application "oilAndGas_Tracking-db-deployer"...#
#2026 08 17 07:15:14.848#Z#DEBUG#4a1cb87e-9a0b-11f1-891d-eeee0a87b8c8.OPERATION#flowable-async-job-executor-thread-45978#
[UploadAppStep] Getting package "6101c5db-8f9e-4e61-a3d4-ec56f2fae437"...#
#2026 08 17 07:15:14.881#Z#DEBUG#4a1cb87e-9a0b-11f1-891d-eeee0a87b8c8.OPERATION#flowable-async-job-executor-thread-45978#
[UploadAppStep] Application "oilAndGas_Tracking-db-deployer" uploaded#
#2026 08 17 07:15:14.882#Z#DEBUG#4a1cb87e-9a0b-11f1-891d-eeee0a87b8c8.OPERATION#flowable-async-job-executor-thread-45978#
Step "Upload App" finished#
#2026 08 17 07:15:14.924#Z#DEBUG#4a1cb87e-9a0b-11f1-891d-eeee0a87b8c8.OPERATION#flowable-async-job-executor-thread-16159#
[UploadAppStep] Executing task "uploadAppTask" of process "57480098-9a0b-11f1-9b02-eeee0a83383d"...#
#2026 08 17 07:15:14.927#Z#DEBUG#4a1cb87e-9a0b-11f1-891d-eeee0a87b8c8.OPERATION#flowable-async-job-executor-thread-16159#
[UploadAppStep] Application upload timeout is default one: 3,600 seconds#
#2026 08 17 07:15:14.927#Z#DEBUG#4a1cb87e-9a0b-11f1-891d-eeee0a87b8c8.OPERATION#flowable-async-job-executor-thread-16159#
[UploadAppStep] Checking upload status of application "oilandgas-tracking-ui"...#
#2026 08 17 07:15:14.928#Z#DEBUG#4a1cb87e-9a0b-11f1-891d-eeee0a87b8c8.OPERATION#flowable-async-job-executor-thread-16159#
[UploadAppStep] Getting package "44869554-7207-4a2f-ad47-b54a66be96c3"...#
#2026 08 17 07:15:14.961#Z#DEBUG#4a1cb87e-9a0b-11f1-891d-eeee0a87b8c8.OPERATION#flowable-async-job-executor-thread-16159#
[UploadAppStep] Application "oilandgas-tracking-ui" uploaded#
#2026 08 17 07:15:14.964#Z#DEBUG#4a1cb87e-9a0b-11f1-891d-eeee0a87b8c8.OPERATION#flowable-async-job-executor-thread-16159#
Step "Upload App" finished#
#2026 08 17 07:15:14.898#Z#DEBUG#4a1cb87e-9a0b-11f1-891d-eeee0a87b8c8.OPERATION#flowable-async-job-executor-thread-45982#
[BindServiceToApplicationStep] Executing task "bindServiceToApplicationTask" of process "557737e2-9a0b-11f1-b453-eeee0a9f8472"...#
#2026 08 17 07:15:14.902#Z#DEBUG#4a1cb87e-9a0b-11f1-891d-eeee0a87b8c8.OPERATION#flowable-async-job-executor-thread-45982#
[BindServiceToApplicationStep] Getting async job "ed60ac1b-24d8-446d-81e4-97e87badce5f"#
#2026 08 17 07:15:14.951#Z#DEBUG#4a1cb87e-9a0b-11f1-891d-eeee0a87b8c8.OPERATION#flowable-async-job-executor-thread-45982#
[BindServiceToApplicationStep] Getting service instance "oilAndGas_Tracking-auth"...#
#2026 08 17 07:15:15.086#Z#DEBUG#4a1cb87e-9a0b-11f1-891d-eeee0a87b8c8.OPERATION#flowable-async-job-executor-thread-45982#
[BindServiceToApplicationStep] Async service binding operation with id "ed60ac1b-24d8-446d-81e4-97e87badce5f" finished#
#2026 08 17 07:15:15.088#Z#DEBUG#4a1cb87e-9a0b-11f1-891d-eeee0a87b8c8.OPERATION#flowable-async-job-executor-thread-45982#
Step "Bind Service to Application" finished#
#2026 08 17 07:15:15.024#Z#DEBUG#4a1cb87e-9a0b-11f1-891d-eeee0a87b8c8.OPERATION#flowable-async-job-executor-thread-16160#
[ScaleAppStep] Executing task "scaleAppTask" of process "57480098-9a0b-11f1-9b02-eeee0a83383d"...#
#2026 08 17 07:15:15.029#Z#DEBUG#4a1cb87e-9a0b-11f1-891d-eeee0a87b8c8.OPERATION#flowable-async-job-executor-thread-16160#
[ScaleAppStep] Scaling application "oilandgas-tracking-ui"...#
#2026 08 17 07:15:15.029#Z#DEBUG#4a1cb87e-9a0b-11f1-891d-eeee0a87b8c8.OPERATION#flowable-async-job-executor-thread-16160#
[ScaleAppStep] Getting application guid "oilandgas-tracking-ui"...#
#2026 08 17 07:15:15.067#Z#DEBUG#4a1cb87e-9a0b-11f1-891d-eeee0a87b8c8.OPERATION#flowable-async-job-executor-thread-16160#
[ScaleAppStep] Getting process for application "55fdbe42-21c0-4124-910f-f3ff570d973c"...#
#2026 08 17 07:15:15.104#Z#DEBUG#4a1cb87e-9a0b-11f1-891d-eeee0a87b8c8.OPERATION#flowable-async-job-executor-thread-16160#
[ScaleAppStep] Application "oilandgas-tracking-ui" scaled#
#2026 08 17 07:15:15.104#Z#DEBUG#4a1cb87e-9a0b-11f1-891d-eeee0a87b8c8.OPERATION#flowable-async-job-executor-thread-16160#
Step "Scale App" finished#
#2026 08 17 07:15:15.071#Z#DEBUG#4a1cb87e-9a0b-11f1-891d-eeee0a87b8c8.OPERATION#flowable-async-job-executor-thread-45979#
[ScaleAppStep] Executing task "scaleAppTask" of process "564f6ef1-9a0b-11f1-9b02-eeee0a83383d"...#
#2026 08 17 07:15:15.075#Z#DEBUG#4a1cb87e-9a0b-11f1-891d-eeee0a87b8c8.OPERATION#flowable-async-job-executor-thread-45979#
[ScaleAppStep] Scaling application "oilAndGas_Tracking-db-deployer"...#
#2026 08 17 07:15:15.075#Z#DEBUG#4a1cb87e-9a0b-11f1-891d-eeee0a87b8c8.OPERATION#flowable-async-job-executor-thread-45979#
[ScaleAppStep] Getting application guid "oilAndGas_Tracking-db-deployer"...#
#2026 08 17 07:15:15.121#Z#DEBUG#4a1cb87e-9a0b-11f1-891d-eeee0a87b8c8.OPERATION#flowable-async-job-executor-thread-45979#
[ScaleAppStep] Getting process for application "52a04f91-d475-434e-9079-0912c2b169f3"...#
#2026 08 17 07:15:15.152#Z#DEBUG#4a1cb87e-9a0b-11f1-891d-eeee0a87b8c8.OPERATION#flowable-async-job-executor-thread-45979#
[ScaleAppStep] Application "oilAndGas_Tracking-db-deployer" scaled#
#2026 08 17 07:15:15.152#Z#DEBUG#4a1cb87e-9a0b-11f1-891d-eeee0a87b8c8.OPERATION#flowable-async-job-executor-thread-45979#
Step "Scale App" finished#
#2026 08 17 07:15:15.202#Z#DEBUG#4a1cb87e-9a0b-11f1-891d-eeee0a87b8c8.OPERATION#flowable-async-job-executor-thread-45979#
[DetermineDesiredStateAchievingActionsStep] Executing task "determineDesiredStateAchievingActionsTask" of process "564f6ef1-9a0b-11f1-9b02-eeee0a83383d"...#
#2026 08 17 07:15:15.206#Z#DEBUG#4a1cb87e-9a0b-11f1-891d-eeee0a87b8c8.OPERATION#flowable-async-job-executor-thread-45979#
[DetermineDesiredStateAchievingActionsStep] Getting application "oilAndGas_Tracking-db-deployer"...#
#2026 08 17 07:15:15.238#Z#DEBUG#4a1cb87e-9a0b-11f1-891d-eeee0a87b8c8.OPERATION#flowable-async-job-executor-thread-45979#
[DetermineDesiredStateAchievingActionsStep] Getting instances for application "oilAndGas_Tracking-db-deployer"...#
#2026 08 17 07:15:15.238#Z#DEBUG#4a1cb87e-9a0b-11f1-891d-eeee0a87b8c8.OPERATION#flowable-async-job-executor-thread-45979#
[DetermineDesiredStateAchievingActionsStep] Getting environment of application "52a04f91-d475-434e-9079-0912c2b169f3"...#
#2026 08 17 07:15:15.273#Z#DEBUG#4a1cb87e-9a0b-11f1-891d-eeee0a87b8c8.OPERATION#flowable-async-job-executor-thread-45979#
[DetermineDesiredStateAchievingActionsStep] Current state of application oilAndGas_Tracking-db-deployer: STOPPED#
#2026 08 17 07:15:15.273#Z#DEBUG#4a1cb87e-9a0b-11f1-891d-eeee0a87b8c8.OPERATION#flowable-async-job-executor-thread-45979#
[DetermineDesiredStateAchievingActionsStep] Desired state of application oilAndGas_Tracking-db-deployer: STOPPED#
#2026 08 17 07:15:15.273#Z#DEBUG#4a1cb87e-9a0b-11f1-891d-eeee0a87b8c8.OPERATION#flowable-async-job-executor-thread-45979#
[DetermineDesiredStateAchievingActionsStep] Actions that should be executed on application oilAndGas_Tracking-db-deployer: [STAGE]#
#2026 08 17 07:15:15.273#Z#DEBUG#4a1cb87e-9a0b-11f1-891d-eeee0a87b8c8.OPERATION#flowable-async-job-executor-thread-45979#
Step "Determine Desired State Achieving Actions" finished#
#2026 08 17 07:15:15.176#Z#DEBUG#4a1cb87e-9a0b-11f1-891d-eeee0a87b8c8.OPERATION#flowable-async-job-executor-thread-16161#
[DetermineDesiredStateAchievingActionsStep] Executing task "determineDesiredStateAchievingActionsTask" of process "57480098-9a0b-11f1-9b02-eeee0a83383d"...#
#2026 08 17 07:15:15.179#Z#DEBUG#4a1cb87e-9a0b-11f1-891d-eeee0a87b8c8.OPERATION#flowable-async-job-executor-thread-16161#
[DetermineDesiredStateAchievingActionsStep] Getting application "oilandgas-tracking-ui"...#
#2026 08 17 07:15:15.212#Z#DEBUG#4a1cb87e-9a0b-11f1-891d-eeee0a87b8c8.OPERATION#flowable-async-job-executor-thread-16161#
[DetermineDesiredStateAchievingActionsStep] Getting instances for application "oilandgas-tracking-ui"...#
#2026 08 17 07:15:15.256#Z#DEBUG#4a1cb87e-9a0b-11f1-891d-eeee0a87b8c8.OPERATION#flowable-async-job-executor-thread-16161#
[DetermineDesiredStateAchievingActionsStep] Getting environment of application "55fdbe42-21c0-4124-910f-f3ff570d973c"...#
#2026 08 17 07:15:15.295#Z#DEBUG#4a1cb87e-9a0b-11f1-891d-eeee0a87b8c8.OPERATION#flowable-async-job-executor-thread-16161#
[DetermineDesiredStateAchievingActionsStep] Current state of application oilandgas-tracking-ui: STARTED#
#2026 08 17 07:15:15.295#Z#DEBUG#4a1cb87e-9a0b-11f1-891d-eeee0a87b8c8.OPERATION#flowable-async-job-executor-thread-16161#
[DetermineDesiredStateAchievingActionsStep] Desired state of application oilandgas-tracking-ui: STARTED#
#2026 08 17 07:15:15.295#Z#DEBUG#4a1cb87e-9a0b-11f1-891d-eeee0a87b8c8.OPERATION#flowable-async-job-executor-thread-16161#
[DetermineDesiredStateAchievingActionsStep] Actions that should be executed on application oilandgas-tracking-ui: [STOP, STAGE, START]#
#2026 08 17 07:15:15.295#Z#DEBUG#4a1cb87e-9a0b-11f1-891d-eeee0a87b8c8.OPERATION#flowable-async-job-executor-thread-16161#
Step "Determine Desired State Achieving Actions" finished#
#2026 08 17 07:15:15.331#Z#DEBUG#4a1cb87e-9a0b-11f1-891d-eeee0a87b8c8.OPERATION#flowable-async-job-executor-thread-45982#
[DetermineVcapServicesPropertiesChangedStep] Executing task "determineVcapServicesPropertiesChangedTask" of process "64d9d0fb-9a0b-11f1-b453-eeee0a9f8472"...#
#2026 08 17 07:15:15.332#Z#DEBUG#4a1cb87e-9a0b-11f1-891d-eeee0a87b8c8.OPERATION#flowable-async-job-executor-thread-45982#
[DetermineVcapServicesPropertiesChangedStep] VCAP_SERVICES properties for application "oilAndGas_Tracking-srv" changed: true#
#2026 08 17 07:15:15.333#Z#DEBUG#4a1cb87e-9a0b-11f1-891d-eeee0a87b8c8.OPERATION#flowable-async-job-executor-thread-45982#
Step "Determine vcap services properties changed" finished#
#2026 08 17 07:15:15.339#Z#DEBUG#4a1cb87e-9a0b-11f1-891d-eeee0a87b8c8.OPERATION#flowable-async-job-executor-thread-16161#
[StopAppStep] Executing task "stopAppTask" of process "57480098-9a0b-11f1-9b02-eeee0a83383d"...#
#2026 08 17 07:15:15.343#Z#INFO#4a1cb87e-9a0b-11f1-891d-eeee0a87b8c8.OPERATION#flowable-async-job-executor-thread-16161#
[StopAppStep] Stopping application "oilandgas-tracking-ui"...#
#2026 08 17 07:15:15.351#Z#DEBUG#4a1cb87e-9a0b-11f1-891d-eeee0a87b8c8.OPERATION#flowable-async-job-executor-thread-16161#
[StopAppStep] Stopping application "oilandgas-tracking-ui"...#
#2026 08 17 07:15:15.465#Z#DEBUG#4a1cb87e-9a0b-11f1-891d-eeee0a87b8c8.OPERATION#flowable-async-job-executor-thread-16161#
[StopAppStep] Application "oilandgas-tracking-ui" stopped#
#2026 08 17 07:15:15.466#Z#DEBUG#4a1cb87e-9a0b-11f1-891d-eeee0a87b8c8.OPERATION#flowable-async-job-executor-thread-16161#
[StopAppStep] Getting environment of application "55fdbe42-21c0-4124-910f-f3ff570d973c"...#
#2026 08 17 07:15:15.498#Z#DEBUG#4a1cb87e-9a0b-11f1-891d-eeee0a87b8c8.OPERATION#flowable-async-job-executor-thread-16161#
Step "Stop App" finished#
#2026 08 17 07:15:15.389#Z#DEBUG#4a1cb87e-9a0b-11f1-891d-eeee0a87b8c8.OPERATION#flowable-async-job-executor-thread-45982#
[UploadAppStep] Executing task "uploadAppTask" of process "64d9d0fb-9a0b-11f1-b453-eeee0a9f8472"...#
#2026 08 17 07:15:15.391#Z#DEBUG#4a1cb87e-9a0b-11f1-891d-eeee0a87b8c8.OPERATION#flowable-async-job-executor-thread-45982#
[UploadAppStep] Application upload timeout is default one: 3,600 seconds#
#2026 08 17 07:15:15.391#Z#INFO#4a1cb87e-9a0b-11f1-891d-eeee0a87b8c8.OPERATION#flowable-async-job-executor-thread-45982#
[UploadAppStep] Uploading application "oilAndGas_Tracking-srv"...#
#2026 08 17 07:15:15.398#Z#DEBUG#4a1cb87e-9a0b-11f1-891d-eeee0a87b8c8.OPERATION#flowable-async-job-executor-thread-45982#
[UploadAppStep] Getting application "oilAndGas_Tracking-srv"...#
#2026 08 17 07:15:15.429#Z#DEBUG#4a1cb87e-9a0b-11f1-891d-eeee0a87b8c8.OPERATION#flowable-async-job-executor-thread-45982#
[UploadAppStep] Getting environment of application "1ffc2d3b-c852-4def-9096-ff93b6953ea9"...#
#2026 08 17 07:15:15.469#Z#INFO#4a1cb87e-9a0b-11f1-891d-eeee0a87b8c8.OPERATION#flowable-async-job-executor-thread-45982#
[UploadAppStep] Calculating application digest: "oilAndGas_Tracking-srv"#
#2026 08 17 07:15:15.517#Z#DEBUG#4a1cb87e-9a0b-11f1-891d-eeee0a87b8c8.OPERATION#flowable-async-job-executor-thread-45982#
Step "Upload App" finished#
#2026 08 17 07:15:15.556#Z#DEBUG#4a1cb87e-9a0b-11f1-891d-eeee0a87b8c8.OPERATION#flowable-async-job-executor-thread-16161#
[StageAppStep] Executing task "stageAppTask" of process "65006b97-9a0b-11f1-9b02-eeee0a83383d"...#
#2026 08 17 07:15:15.559#Z#DEBUG#4a1cb87e-9a0b-11f1-891d-eeee0a87b8c8.OPERATION#flowable-async-job-executor-thread-16161#
[StageAppStep] Application stage timeout is default one: 3,600 seconds#
#2026 08 17 07:15:15.562#Z#INFO#4a1cb87e-9a0b-11f1-891d-eeee0a87b8c8.OPERATION#flowable-async-job-executor-thread-16161#
[StageAppStep] Staging application "oilandgas-tracking-ui"...#
#2026 08 17 07:15:15.567#Z#DEBUG#4a1cb87e-9a0b-11f1-891d-eeee0a87b8c8.OPERATION#flowable-async-job-executor-thread-16161#
[StageAppStep] Creating build for package "44869554-7207-4a2f-ad47-b54a66be96c3"...#
#2026 08 17 07:15:16.059#Z#DEBUG#4a1cb87e-9a0b-11f1-891d-eeee0a87b8c8.OPERATION#flowable-async-job-executor-thread-16161#
Step "Stage App" finished#
#2026 08 17 07:15:15.340#Z#DEBUG#4a1cb87e-9a0b-11f1-891d-eeee0a87b8c8.OPERATION#flowable-async-job-executor-thread-45979#
[StageAppStep] Executing task "stageAppTask" of process "564f6ef1-9a0b-11f1-9b02-eeee0a83383d"...#
#2026 08 17 07:15:15.342#Z#DEBUG#4a1cb87e-9a0b-11f1-891d-eeee0a87b8c8.OPERATION#flowable-async-job-executor-thread-45979#
[StageAppStep] Application stage timeout is default one: 3,600 seconds#
#2026 08 17 07:15:15.345#Z#INFO#4a1cb87e-9a0b-11f1-891d-eeee0a87b8c8.OPERATION#flowable-async-job-executor-thread-45979#
[StageAppStep] Staging application "oilAndGas_Tracking-db-deployer"...#
#2026 08 17 07:15:15.350#Z#DEBUG#4a1cb87e-9a0b-11f1-891d-eeee0a87b8c8.OPERATION#flowable-async-job-executor-thread-45979#
[StageAppStep] Creating build for package "6101c5db-8f9e-4e61-a3d4-ec56f2fae437"...#
#2026 08 17 07:15:16.062#Z#DEBUG#4a1cb87e-9a0b-11f1-891d-eeee0a87b8c8.OPERATION#flowable-async-job-executor-thread-45979#
Step "Stage App" finished#
#2026 08 17 07:15:24.962#Z#DEBUG#4a1cb87e-9a0b-11f1-891d-eeee0a87b8c8.OPERATION#flowable-async-job-executor-thread-45985#
[StageAppStep] Executing task "stageAppTask" of process "564f6ef1-9a0b-11f1-9b02-eeee0a83383d"...#
#2026 08 17 07:15:24.965#Z#DEBUG#4a1cb87e-9a0b-11f1-891d-eeee0a87b8c8.OPERATION#flowable-async-job-executor-thread-45985#
[StageAppStep] Application stage timeout is default one: 3,600 seconds#
#2026 08 17 07:15:24.967#Z#DEBUG#4a1cb87e-9a0b-11f1-891d-eeee0a87b8c8.OPERATION#flowable-async-job-executor-thread-45985#
[StageAppStep] Checking status of application "oilAndGas_Tracking-db-deployer"...#
#2026 08 17 07:15:24.967#Z#DEBUG#4a1cb87e-9a0b-11f1-891d-eeee0a87b8c8.OPERATION#flowable-async-job-executor-thread-45985#
[StageAppStep] Getting build "5603b730-9d3d-4c16-a811-b7f6209279b1"...#
#2026 08 17 07:15:24.999#Z#DEBUG#4a1cb87e-9a0b-11f1-891d-eeee0a87b8c8.OPERATION#flowable-async-job-executor-thread-45985#
[StageAppStep] Staging status of application "oilAndGas_Tracking-db-deployer": PENDING#
#2026 08 17 07:15:25.000#Z#DEBUG#4a1cb87e-9a0b-11f1-891d-eeee0a87b8c8.OPERATION#flowable-async-job-executor-thread-45985#
[StageAppStep] Getting application guid "oilAndGas_Tracking-db-deployer"...#
#2026 08 17 07:15:25.030#Z#DEBUG#4a1cb87e-9a0b-11f1-891d-eeee0a87b8c8.OPERATION#flowable-async-job-executor-thread-45975#
[StageAppStep] Executing task "stageAppTask" of process "65006b97-9a0b-11f1-9b02-eeee0a83383d"...#
#2026 08 17 07:15:25.032#Z#DEBUG#4a1cb87e-9a0b-11f1-891d-eeee0a87b8c8.OPERATION#flowable-async-job-executor-thread-45975#
[StageAppStep] Application stage timeout is default one: 3,600 seconds#
#2026 08 17 07:15:25.033#Z#DEBUG#4a1cb87e-9a0b-11f1-891d-eeee0a87b8c8.OPERATION#flowable-async-job-executor-thread-45975#
[StageAppStep] Checking status of application "oilandgas-tracking-ui"...#
#2026 08 17 07:15:25.033#Z#DEBUG#4a1cb87e-9a0b-11f1-891d-eeee0a87b8c8.OPERATION#flowable-async-job-executor-thread-45975#
[StageAppStep] Getting build "3c31e2ba-5da1-411b-bb07-91127b70e753"...#
#2026 08 17 07:15:25.064#Z#DEBUG#4a1cb87e-9a0b-11f1-891d-eeee0a87b8c8.OPERATION#flowable-async-job-executor-thread-45975#
[StageAppStep] Staging status of application "oilandgas-tracking-ui": STAGED#
#2026 08 17 07:15:25.066#Z#DEBUG#4a1cb87e-9a0b-11f1-891d-eeee0a87b8c8.OPERATION#flowable-async-job-executor-thread-45975#
[StageAppStep] Getting application guid "oilandgas-tracking-ui"...#
#2026 08 17 07:15:25.096#Z#DEBUG#4a1cb87e-9a0b-11f1-891d-eeee0a87b8c8.OPERATION#flowable-async-job-executor-thread-45985#
Step "Stage App" finished#
#2026 08 17 07:15:25.162#Z#DEBUG#4a1cb87e-9a0b-11f1-891d-eeee0a87b8c8.OPERATION#flowable-async-job-executor-thread-45975#
[StageAppStep] Getting build "3c31e2ba-5da1-411b-bb07-91127b70e753"...#
#2026 08 17 07:15:25.200#Z#DEBUG#4a1cb87e-9a0b-11f1-891d-eeee0a87b8c8.OPERATION#flowable-async-job-executor-thread-45975#
[StageAppStep] Binding droplet "ba8c64cb-8eec-4152-8860-d97ec14bb87d" to application "55fdbe42-21c0-4124-910f-f3ff570d973c"...#
#2026 08 17 07:15:25.249#Z#INFO#4a1cb87e-9a0b-11f1-891d-eeee0a87b8c8.OPERATION#flowable-async-job-executor-thread-45975#
[StageAppStep] Application "oilandgas-tracking-ui" staged#
#2026 08 17 07:15:25.256#Z#DEBUG#4a1cb87e-9a0b-11f1-891d-eeee0a87b8c8.OPERATION#flowable-async-job-executor-thread-45975#
Step "Stage App" finished#
#2026 08 17 07:15:24.993#Z#DEBUG#4a1cb87e-9a0b-11f1-891d-eeee0a87b8c8.OPERATION#flowable-async-job-executor-thread-19012#
[UploadAppStep] Executing task "uploadAppTask" of process "64d9d0fb-9a0b-11f1-b453-eeee0a9f8472"...#
#2026 08 17 07:15:24.995#Z#DEBUG#4a1cb87e-9a0b-11f1-891d-eeee0a87b8c8.OPERATION#flowable-async-job-executor-thread-19012#
[UploadAppStep] Application upload timeout is default one: 3,600 seconds#
#2026 08 17 07:15:24.998#Z#DEBUG#4a1cb87e-9a0b-11f1-891d-eeee0a87b8c8.OPERATION#pool-21-thread-6#
[UploadAppStep] Upload of application: oilAndGas_Tracking-srv started on instance: 1#
#2026 08 17 07:15:24.998#Z#DEBUG#4a1cb87e-9a0b-11f1-891d-eeee0a87b8c8.OPERATION#pool-21-thread-6#
[UploadAppStep] Uploading file "oilAndGas_Tracking-srv/data.zip" for application "oilAndGas_Tracking-srv"#
#2026 08 17 07:15:25.148#Z#INFO#4a1cb87e-9a0b-11f1-891d-eeee0a87b8c8.OPERATION#pool-21-thread-6#
[UploadAppStep] Time elapsed for app binary download: 150 in millis#
#2026 08 17 07:15:25.148#Z#INFO#4a1cb87e-9a0b-11f1-891d-eeee0a87b8c8.OPERATION#pool-21-thread-6#
[UploadAppStep] Size of app oilAndGas_Tracking-srv is 4,009,050 bytes#
#2026 08 17 07:15:25.148#Z#DEBUG#4a1cb87e-9a0b-11f1-891d-eeee0a87b8c8.OPERATION#pool-21-thread-6#
[UploadAppStep] Asynchronously uploading binaries for application "oilAndGas_Tracking-srv"...#
#2026 08 17 07:15:25.430#Z#INFO#4a1cb87e-9a0b-11f1-891d-eeee0a87b8c8.OPERATION#pool-21-thread-6#
[UploadAppStep] Started async upload of application "oilAndGas_Tracking-srv"#
#2026 08 17 07:15:25.439#Z#INFO#4a1cb87e-9a0b-11f1-891d-eeee0a87b8c8.OPERATION#flowable-async-job-executor-thread-19012#
[UploadAppStep] Time elapsed for upload: 443 in millis#
#2026 08 17 07:15:25.439#Z#DEBUG#4a1cb87e-9a0b-11f1-891d-eeee0a87b8c8.OPERATION#flowable-async-job-executor-thread-19012#
[UploadAppStep] Getting application "oilAndGas_Tracking-srv"...#
#2026 08 17 07:15:25.463#Z#DEBUG#4a1cb87e-9a0b-11f1-891d-eeee0a87b8c8.OPERATION#App upload monitor: 1c25fc0f-72ea-4cd5-8b78-07108337b9e7#
[UploadAppStep] Upload status: PROCESSING_UPLOAD#
#2026 08 17 07:15:25.469#Z#DEBUG#4a1cb87e-9a0b-11f1-891d-eeee0a87b8c8.OPERATION#flowable-async-job-executor-thread-19012#
[UploadAppStep] Getting environment of application "1ffc2d3b-c852-4def-9096-ff93b6953ea9"...#
#2026 08 17 07:15:25.502#Z#DEBUG#4a1cb87e-9a0b-11f1-891d-eeee0a87b8c8.OPERATION#flowable-async-job-executor-thread-19012#
[UploadAppStep] Updating environment of application "oilAndGas_Tracking-srv"#
#2026 08 17 07:15:25.584#Z#DEBUG#4a1cb87e-9a0b-11f1-891d-eeee0a87b8c8.OPERATION#flowable-async-job-executor-thread-19012#
Step "Upload App" finished#
#2026 08 17 07:15:25.398#Z#DEBUG#4a1cb87e-9a0b-11f1-891d-eeee0a87b8c8.OPERATION#flowable-async-job-executor-thread-45987#
[RestartAppStep] Executing task "startAppTask" of process "65006b97-9a0b-11f1-9b02-eeee0a83383d"...#
#2026 08 17 07:15:25.402#Z#DEBUG#4a1cb87e-9a0b-11f1-891d-eeee0a87b8c8.OPERATION#flowable-async-job-executor-thread-45987#
[RestartAppStep] Application start timeout is default one: 3,600 seconds#
#2026 08 17 07:15:25.409#Z#DEBUG#4a1cb87e-9a0b-11f1-891d-eeee0a87b8c8.OPERATION#flowable-async-job-executor-thread-45987#
[RestartAppStep] Getting application "oilandgas-tracking-ui"...#
#2026 08 17 07:15:25.438#Z#INFO#4a1cb87e-9a0b-11f1-891d-eeee0a87b8c8.OPERATION#flowable-async-job-executor-thread-45987#
[RestartAppStep] Starting application "oilandgas-tracking-ui"...#
#2026 08 17 07:15:25.443#Z#DEBUG#4a1cb87e-9a0b-11f1-891d-eeee0a87b8c8.OPERATION#flowable-async-job-executor-thread-45987#
[RestartAppStep] Starting application "oilandgas-tracking-ui"...#
#2026 08 17 07:15:25.727#Z#DEBUG#4a1cb87e-9a0b-11f1-891d-eeee0a87b8c8.OPERATION#flowable-async-job-executor-thread-45987#
Step "Start App" finished#
#2026 08 17 07:15:30.489#Z#DEBUG#4a1cb87e-9a0b-11f1-891d-eeee0a87b8c8.OPERATION#App upload monitor: 1c25fc0f-72ea-4cd5-8b78-07108337b9e7#
[UploadAppStep] Upload status: READY#
#2026 08 17 07:15:35.096#Z#DEBUG#4a1cb87e-9a0b-11f1-891d-eeee0a87b8c8.OPERATION#flowable-async-job-executor-thread-45992#
[UploadAppStep] Executing task "uploadAppTask" of process "64d9d0fb-9a0b-11f1-b453-eeee0a9f8472"...#
#2026 08 17 07:15:35.098#Z#DEBUG#4a1cb87e-9a0b-11f1-891d-eeee0a87b8c8.OPERATION#flowable-async-job-executor-thread-45992#
[UploadAppStep] Application upload timeout is default one: 3,600 seconds#
#2026 08 17 07:15:35.098#Z#DEBUG#4a1cb87e-9a0b-11f1-891d-eeee0a87b8c8.OPERATION#flowable-async-job-executor-thread-45992#
[UploadAppStep] Checking upload status of application "oilAndGas_Tracking-srv"...#
#2026 08 17 07:15:35.100#Z#DEBUG#4a1cb87e-9a0b-11f1-891d-eeee0a87b8c8.OPERATION#flowable-async-job-executor-thread-45992#
[UploadAppStep] Getting package "1c25fc0f-72ea-4cd5-8b78-07108337b9e7"...#
#2026 08 17 07:15:35.129#Z#DEBUG#4a1cb87e-9a0b-11f1-891d-eeee0a87b8c8.OPERATION#flowable-async-job-executor-thread-45992#
[UploadAppStep] Application "oilAndGas_Tracking-srv" uploaded#
#2026 08 17 07:15:35.138#Z#DEBUG#4a1cb87e-9a0b-11f1-891d-eeee0a87b8c8.OPERATION#flowable-async-job-executor-thread-45992#
Step "Upload App" finished#
#2026 08 17 07:15:35.068#Z#DEBUG#4a1cb87e-9a0b-11f1-891d-eeee0a87b8c8.OPERATION#flowable-async-job-executor-thread-45993#
[StageAppStep] Executing task "stageAppTask" of process "564f6ef1-9a0b-11f1-9b02-eeee0a83383d"...#
#2026 08 17 07:15:35.072#Z#DEBUG#4a1cb87e-9a0b-11f1-891d-eeee0a87b8c8.OPERATION#flowable-async-job-executor-thread-45993#
[StageAppStep] Application stage timeout is default one: 3,600 seconds#
#2026 08 17 07:15:35.074#Z#DEBUG#4a1cb87e-9a0b-11f1-891d-eeee0a87b8c8.OPERATION#flowable-async-job-executor-thread-45993#
[StageAppStep] Checking status of application "oilAndGas_Tracking-db-deployer"...#
#2026 08 17 07:15:35.074#Z#DEBUG#4a1cb87e-9a0b-11f1-891d-eeee0a87b8c8.OPERATION#flowable-async-job-executor-thread-45993#
[StageAppStep] Getting build "5603b730-9d3d-4c16-a811-b7f6209279b1"...#
#2026 08 17 07:15:35.110#Z#DEBUG#4a1cb87e-9a0b-11f1-891d-eeee0a87b8c8.OPERATION#flowable-async-job-executor-thread-45993#
[StageAppStep] Staging status of application "oilAndGas_Tracking-db-deployer": PENDING#
#2026 08 17 07:15:35.111#Z#DEBUG#4a1cb87e-9a0b-11f1-891d-eeee0a87b8c8.OPERATION#flowable-async-job-executor-thread-45993#
[StageAppStep] Getting application guid "oilAndGas_Tracking-db-deployer"...#
#2026 08 17 07:15:35.197#Z#DEBUG#4a1cb87e-9a0b-11f1-891d-eeee0a87b8c8.OPERATION#flowable-async-job-executor-thread-45993#
Step "Stage App" finished#
#2026 08 17 07:15:35.296#Z#DEBUG#4a1cb87e-9a0b-11f1-891d-eeee0a87b8c8.OPERATION#flowable-async-job-executor-thread-45991#
[ScaleAppStep] Executing task "scaleAppTask" of process "64d9d0fb-9a0b-11f1-b453-eeee0a9f8472"...#
#2026 08 17 07:15:35.299#Z#DEBUG#4a1cb87e-9a0b-11f1-891d-eeee0a87b8c8.OPERATION#flowable-async-job-executor-thread-45991#
[ScaleAppStep] Scaling application "oilAndGas_Tracking-srv"...#
#2026 08 17 07:15:35.299#Z#DEBUG#4a1cb87e-9a0b-11f1-891d-eeee0a87b8c8.OPERATION#flowable-async-job-executor-thread-45991#
[ScaleAppStep] Getting application guid "oilAndGas_Tracking-srv"...#
#2026 08 17 07:15:35.332#Z#DEBUG#4a1cb87e-9a0b-11f1-891d-eeee0a87b8c8.OPERATION#flowable-async-job-executor-thread-45991#
[ScaleAppStep] Getting process for application "1ffc2d3b-c852-4def-9096-ff93b6953ea9"...#
#2026 08 17 07:15:35.372#Z#DEBUG#4a1cb87e-9a0b-11f1-891d-eeee0a87b8c8.OPERATION#flowable-async-job-executor-thread-45991#
[ScaleAppStep] Application "oilAndGas_Tracking-srv" scaled#
#2026 08 17 07:15:35.372#Z#DEBUG#4a1cb87e-9a0b-11f1-891d-eeee0a87b8c8.OPERATION#flowable-async-job-executor-thread-45991#
Step "Scale App" finished#
#2026 08 17 07:15:35.169#Z#DEBUG#4a1cb87e-9a0b-11f1-891d-eeee0a87b8c8.OPERATION#flowable-async-job-executor-thread-19022#
[RestartAppStep] Executing task "startAppTask" of process "6b18c8e2-9a0b-11f1-b453-eeee0a9f8472"...#
#2026 08 17 07:15:35.172#Z#DEBUG#4a1cb87e-9a0b-11f1-891d-eeee0a87b8c8.OPERATION#flowable-async-job-executor-thread-19022#
[RestartAppStep] Application start timeout is default one: 3,600 seconds#
#2026 08 17 07:15:35.175#Z#DEBUG#4a1cb87e-9a0b-11f1-891d-eeee0a87b8c8.OPERATION#flowable-async-job-executor-thread-19022#
[RestartAppStep] Checking status of application "oilandgas-tracking-ui"...#
#2026 08 17 07:15:35.175#Z#DEBUG#4a1cb87e-9a0b-11f1-891d-eeee0a87b8c8.OPERATION#flowable-async-job-executor-thread-19022#
[RestartAppStep] Getting application "oilandgas-tracking-ui"...#
#2026 08 17 07:15:35.216#Z#DEBUG#4a1cb87e-9a0b-11f1-891d-eeee0a87b8c8.OPERATION#flowable-async-job-executor-thread-19022#
[RestartAppStep] Getting instances for application "oilandgas-tracking-ui"...#
#2026 08 17 07:15:35.267#Z#DEBUG#4a1cb87e-9a0b-11f1-891d-eeee0a87b8c8.OPERATION#flowable-async-job-executor-thread-19022#
[RestartAppStep] Application "oilandgas-tracking-ui": 1 of 1 instances running (1 running)#
#2026 08 17 07:15:35.329#Z#DEBUG#4a1cb87e-9a0b-11f1-891d-eeee0a87b8c8.OPERATION#flowable-async-job-executor-thread-19022#
[RestartAppStep] Getting routes for application "55fdbe42-21c0-4124-910f-f3ff570d973c"...#
#2026 08 17 07:15:35.359#Z#INFO#4a1cb87e-9a0b-11f1-891d-eeee0a87b8c8.OPERATION#flowable-async-job-executor-thread-19022#
[RestartAppStep] Application "oilandgas-tracking-ui" started and available at "bdf5b6cctrial-dev-oilandgas-tracking-ui.cfapps.us10-001.hana.ondemand.com"#
#2026 08 17 07:15:35.367#Z#DEBUG#4a1cb87e-9a0b-11f1-891d-eeee0a87b8c8.OPERATION#flowable-async-job-executor-thread-19022#
Step "Start App" finished#
#2026 08 17 07:15:35.722#Z#DEBUG#4a1cb87e-9a0b-11f1-891d-eeee0a87b8c8.OPERATION#flowable-async-job-executor-thread-45990#
[DetermineDesiredStateAchievingActionsStep] Executing task "determineDesiredStateAchievingActionsTask" of process "64d9d0fb-9a0b-11f1-b453-eeee0a9f8472"...#
#2026 08 17 07:15:35.723#Z#DEBUG#4a1cb87e-9a0b-11f1-891d-eeee0a87b8c8.OPERATION#flowable-async-job-executor-thread-45990#
[DetermineDesiredStateAchievingActionsStep] Getting application "oilAndGas_Tracking-srv"...#
#2026 08 17 07:15:35.755#Z#DEBUG#4a1cb87e-9a0b-11f1-891d-eeee0a87b8c8.OPERATION#flowable-async-job-executor-thread-45990#
[DetermineDesiredStateAchievingActionsStep] Getting instances for application "oilAndGas_Tracking-srv"...#
#2026 08 17 07:15:35.811#Z#DEBUG#4a1cb87e-9a0b-11f1-891d-eeee0a87b8c8.OPERATION#flowable-async-job-executor-thread-45990#
[DetermineDesiredStateAchievingActionsStep] Getting environment of application "1ffc2d3b-c852-4def-9096-ff93b6953ea9"...#
#2026 08 17 07:15:35.857#Z#DEBUG#4a1cb87e-9a0b-11f1-891d-eeee0a87b8c8.OPERATION#flowable-async-job-executor-thread-45990#
[DetermineDesiredStateAchievingActionsStep] Current state of application oilAndGas_Tracking-srv: STARTED#
#2026 08 17 07:15:35.857#Z#DEBUG#4a1cb87e-9a0b-11f1-891d-eeee0a87b8c8.OPERATION#flowable-async-job-executor-thread-45990#
[DetermineDesiredStateAchievingActionsStep] Desired state of application oilAndGas_Tracking-srv: STARTED#
#2026 08 17 07:15:35.857#Z#DEBUG#4a1cb87e-9a0b-11f1-891d-eeee0a87b8c8.OPERATION#flowable-async-job-executor-thread-45990#
[DetermineDesiredStateAchievingActionsStep] Actions that should be executed on application oilAndGas_Tracking-srv: [STOP, STAGE, START]#
#2026 08 17 07:15:35.857#Z#DEBUG#4a1cb87e-9a0b-11f1-891d-eeee0a87b8c8.OPERATION#flowable-async-job-executor-thread-45990#
Step "Determine Desired State Achieving Actions" finished#
#2026 08 17 07:15:35.969#Z#DEBUG#4a1cb87e-9a0b-11f1-891d-eeee0a87b8c8.OPERATION#flowable-async-job-executor-thread-45990#
[StopAppStep] Executing task "stopAppTask" of process "64d9d0fb-9a0b-11f1-b453-eeee0a9f8472"...#
#2026 08 17 07:15:35.972#Z#INFO#4a1cb87e-9a0b-11f1-891d-eeee0a87b8c8.OPERATION#flowable-async-job-executor-thread-45990#
[StopAppStep] Stopping application "oilAndGas_Tracking-srv"...#
#2026 08 17 07:15:35.977#Z#DEBUG#4a1cb87e-9a0b-11f1-891d-eeee0a87b8c8.OPERATION#flowable-async-job-executor-thread-45990#
[StopAppStep] Stopping application "oilAndGas_Tracking-srv"...#
#2026 08 17 07:15:36.107#Z#DEBUG#4a1cb87e-9a0b-11f1-891d-eeee0a87b8c8.OPERATION#flowable-async-job-executor-thread-45990#
[StopAppStep] Application "oilAndGas_Tracking-srv" stopped#
#2026 08 17 07:15:36.107#Z#DEBUG#4a1cb87e-9a0b-11f1-891d-eeee0a87b8c8.OPERATION#flowable-async-job-executor-thread-45990#
[StopAppStep] Getting environment of application "1ffc2d3b-c852-4def-9096-ff93b6953ea9"...#
#2026 08 17 07:15:36.144#Z#DEBUG#4a1cb87e-9a0b-11f1-891d-eeee0a87b8c8.OPERATION#flowable-async-job-executor-thread-45990#
Step "Stop App" finished#
#2026 08 17 07:15:36.188#Z#DEBUG#4a1cb87e-9a0b-11f1-891d-eeee0a87b8c8.OPERATION#flowable-async-job-executor-thread-45990#
[StageAppStep] Executing task "stageAppTask" of process "714ebfae-9a0b-11f1-b453-eeee0a9f8472"...#
#2026 08 17 07:15:36.189#Z#DEBUG#4a1cb87e-9a0b-11f1-891d-eeee0a87b8c8.OPERATION#flowable-async-job-executor-thread-45990#
[StageAppStep] Application stage timeout is default one: 3,600 seconds#
#2026 08 17 07:15:36.191#Z#INFO#4a1cb87e-9a0b-11f1-891d-eeee0a87b8c8.OPERATION#flowable-async-job-executor-thread-45990#
[StageAppStep] Staging application "oilAndGas_Tracking-srv"...#
#2026 08 17 07:15:36.196#Z#DEBUG#4a1cb87e-9a0b-11f1-891d-eeee0a87b8c8.OPERATION#flowable-async-job-executor-thread-45990#
[StageAppStep] Creating build for package "1c25fc0f-72ea-4cd5-8b78-07108337b9e7"...#
#2026 08 17 07:15:36.626#Z#DEBUG#4a1cb87e-9a0b-11f1-891d-eeee0a87b8c8.OPERATION#flowable-async-job-executor-thread-45990#
Step "Stage App" finished#
#2026 08 17 07:15:45.436#Z#DEBUG#4a1cb87e-9a0b-11f1-891d-eeee0a87b8c8.OPERATION#flowable-async-job-executor-thread-19031#
[StageAppStep] Executing task "stageAppTask" of process "714ebfae-9a0b-11f1-b453-eeee0a9f8472"...#
#2026 08 17 07:15:45.442#Z#DEBUG#4a1cb87e-9a0b-11f1-891d-eeee0a87b8c8.OPERATION#flowable-async-job-executor-thread-19031#
[StageAppStep] Application stage timeout is default one: 3,600 seconds#
#2026 08 17 07:15:45.445#Z#DEBUG#4a1cb87e-9a0b-11f1-891d-eeee0a87b8c8.OPERATION#flowable-async-job-executor-thread-19031#
[StageAppStep] Checking status of application "oilAndGas_Tracking-srv"...#
#2026 08 17 07:15:45.445#Z#DEBUG#4a1cb87e-9a0b-11f1-891d-eeee0a87b8c8.OPERATION#flowable-async-job-executor-thread-19031#
[StageAppStep] Getting build "4634e667-7fc2-4196-9069-16a92af79d7a"...#
#2026 08 17 07:15:45.478#Z#DEBUG#4a1cb87e-9a0b-11f1-891d-eeee0a87b8c8.OPERATION#flowable-async-job-executor-thread-19031#
[StageAppStep] Staging status of application "oilAndGas_Tracking-srv": PENDING#
#2026 08 17 07:15:45.479#Z#DEBUG#4a1cb87e-9a0b-11f1-891d-eeee0a87b8c8.OPERATION#flowable-async-job-executor-thread-19031#
[StageAppStep] Getting application guid "oilAndGas_Tracking-srv"...#
#2026 08 17 07:15:45.577#Z#DEBUG#4a1cb87e-9a0b-11f1-891d-eeee0a87b8c8.OPERATION#flowable-async-job-executor-thread-19031#
Step "Stage App" finished#
#2026 08 17 07:15:45.665#Z#DEBUG#4a1cb87e-9a0b-11f1-891d-eeee0a87b8c8.OPERATION#flowable-async-job-executor-thread-45996#
[RestartAppStep] Executing task "startAppTask" of process "70d809a2-9a0b-11f1-891d-eeee0a87b8c8"...#
#2026 08 17 07:15:45.671#Z#DEBUG#4a1cb87e-9a0b-11f1-891d-eeee0a87b8c8.OPERATION#flowable-async-job-executor-thread-45996#
[RestartAppStep] Application start timeout is default one: 3,600 seconds#
#2026 08 17 07:15:45.673#Z#DEBUG#4a1cb87e-9a0b-11f1-891d-eeee0a87b8c8.OPERATION#flowable-async-job-executor-thread-45996#
Step "Start App" finished#
#2026 08 17 07:15:45.824#Z#DEBUG#4a1cb87e-9a0b-11f1-891d-eeee0a87b8c8.OPERATION#flowable-async-job-executor-thread-45996#
[PrepareToExecuteTasksStep] Executing task "prepareToExecuteTasksTask" of process "770c2c35-9a0b-11f1-b453-eeee0a9f8472"...#
#2026 08 17 07:15:45.827#Z#DEBUG#4a1cb87e-9a0b-11f1-891d-eeee0a87b8c8.OPERATION#flowable-async-job-executor-thread-45996#
Step "Prepare To Execute Tasks" finished#
#2026 08 17 07:15:45.694#Z#DEBUG#4a1cb87e-9a0b-11f1-891d-eeee0a87b8c8.OPERATION#flowable-async-job-executor-thread-45988#
[StageAppStep] Executing task "stageAppTask" of process "564f6ef1-9a0b-11f1-9b02-eeee0a83383d"...#
#2026 08 17 07:15:45.701#Z#DEBUG#4a1cb87e-9a0b-11f1-891d-eeee0a87b8c8.OPERATION#flowable-async-job-executor-thread-45988#
[StageAppStep] Application stage timeout is default one: 3,600 seconds#
#2026 08 17 07:15:45.702#Z#DEBUG#4a1cb87e-9a0b-11f1-891d-eeee0a87b8c8.OPERATION#flowable-async-job-executor-thread-45988#
[StageAppStep] Checking status of application "oilAndGas_Tracking-db-deployer"...#
#2026 08 17 07:15:45.702#Z#DEBUG#4a1cb87e-9a0b-11f1-891d-eeee0a87b8c8.OPERATION#flowable-async-job-executor-thread-45988#
[StageAppStep] Getting build "5603b730-9d3d-4c16-a811-b7f6209279b1"...#
#2026 08 17 07:15:45.725#Z#DEBUG#4a1cb87e-9a0b-11f1-891d-eeee0a87b8c8.OPERATION#flowable-async-job-executor-thread-45988#
[StageAppStep] Staging status of application "oilAndGas_Tracking-db-deployer": STAGED#
#2026 08 17 07:15:45.726#Z#DEBUG#4a1cb87e-9a0b-11f1-891d-eeee0a87b8c8.OPERATION#flowable-async-job-executor-thread-45988#
[StageAppStep] Getting application guid "oilAndGas_Tracking-db-deployer"...#
#2026 08 17 07:15:45.812#Z#DEBUG#4a1cb87e-9a0b-11f1-891d-eeee0a87b8c8.OPERATION#flowable-async-job-executor-thread-45988#
[StageAppStep] Getting build "5603b730-9d3d-4c16-a811-b7f6209279b1"...#
#2026 08 17 07:15:45.843#Z#DEBUG#4a1cb87e-9a0b-11f1-891d-eeee0a87b8c8.OPERATION#flowable-async-job-executor-thread-45988#
[StageAppStep] Binding droplet "c28ad9c5-adc4-447f-a6cf-80b6c4212e3f" to application "52a04f91-d475-434e-9079-0912c2b169f3"...#
#2026 08 17 07:15:45.895#Z#INFO#4a1cb87e-9a0b-11f1-891d-eeee0a87b8c8.OPERATION#flowable-async-job-executor-thread-45988#
[StageAppStep] Application "oilAndGas_Tracking-db-deployer" staged#
#2026 08 17 07:15:45.910#Z#DEBUG#4a1cb87e-9a0b-11f1-891d-eeee0a87b8c8.OPERATION#flowable-async-job-executor-thread-45988#
Step "Stage App" finished#
#2026 08 17 07:15:45.959#Z#DEBUG#4a1cb87e-9a0b-11f1-891d-eeee0a87b8c8.OPERATION#flowable-async-job-executor-thread-45996#
[PublishConfigurationEntriesStep] Executing task "publishProvidedDependenciesTask" of process "76fdd42a-9a0b-11f1-b453-eeee0a9f8472"...#
#2026 08 17 07:15:45.960#Z#DEBUG#4a1cb87e-9a0b-11f1-891d-eeee0a87b8c8.OPERATION#flowable-async-job-executor-thread-45996#
[PublishConfigurationEntriesStep] Publishing public provided dependencies for application "oilandgas-tracking-ui"...#
#2026 08 17 07:15:45.961#Z#DEBUG#4a1cb87e-9a0b-11f1-891d-eeee0a87b8c8.OPERATION#flowable-async-job-executor-thread-45996#
[PublishConfigurationEntriesStep] No public provided dependencies for publishing#
#2026 08 17 07:15:45.961#Z#DEBUG#4a1cb87e-9a0b-11f1-891d-eeee0a87b8c8.OPERATION#flowable-async-job-executor-thread-45996#
Step "Publish Provided Dependencies" finished#
#2026 08 17 07:15:46.003#Z#DEBUG#4a1cb87e-9a0b-11f1-891d-eeee0a87b8c8.OPERATION#flowable-async-job-executor-thread-45996#
[CreateOrUpdateServiceBrokerStep] Executing task "createOrUpdateServiceBrokerTask" of process "76fdd42a-9a0b-11f1-b453-eeee0a9f8472"...#
#2026 08 17 07:15:46.021#Z#DEBUG#4a1cb87e-9a0b-11f1-891d-eeee0a87b8c8.OPERATION#flowable-async-job-executor-thread-45996#
[CreateOrUpdateServiceBrokerStep] Creating service brokers...#
#2026 08 17 07:15:46.022#Z#DEBUG#4a1cb87e-9a0b-11f1-891d-eeee0a87b8c8.OPERATION#flowable-async-job-executor-thread-45996#
Step "Create Or Update Service Broker " finished#
#2026 08 17 07:15:46.106#Z#DEBUG#4a1cb87e-9a0b-11f1-891d-eeee0a87b8c8.OPERATION#flowable-async-job-executor-thread-45997#
[PrepareToExecuteTasksStep] Executing task "prepareToExecuteTasksTask" of process "772ad739-9a0b-11f1-b453-eeee0a9f8472"...#
#2026 08 17 07:15:46.109#Z#DEBUG#4a1cb87e-9a0b-11f1-891d-eeee0a87b8c8.OPERATION#flowable-async-job-executor-thread-45997#
Step "Prepare To Execute Tasks" finished#
#2026 08 17 07:15:46.198#Z#DEBUG#4a1cb87e-9a0b-11f1-891d-eeee0a87b8c8.OPERATION#flowable-async-job-executor-thread-45997#
[ExecuteTaskStep] Executing task "executeTaskTask" of process "772ad739-9a0b-11f1-b453-eeee0a9f8472"...#
#2026 08 17 07:15:46.200#Z#DEBUG#4a1cb87e-9a0b-11f1-891d-eeee0a87b8c8.OPERATION#flowable-async-job-executor-thread-45997#
[ExecuteTaskStep] Application task execution timeout is default one: 43,200 seconds#
#2026 08 17 07:15:46.202#Z#INFO#4a1cb87e-9a0b-11f1-891d-eeee0a87b8c8.OPERATION#flowable-async-job-executor-thread-45997#
[ExecuteTaskStep] Executing task "deploy" on application "oilAndGas_Tracking-db-deployer"...#
#2026 08 17 07:15:46.227#Z#DEBUG#4a1cb87e-9a0b-11f1-891d-eeee0a87b8c8.OPERATION#flowable-async-job-executor-thread-45997#
[ExecuteTaskStep] Running task on application "oilAndGas_Tracking-db-deployer": {
  "name" : "deploy",
  "command" : "npm start",
  "limits" : {
    "memory" : 256
  }
}#
#2026 08 17 07:15:46.490#Z#DEBUG#4a1cb87e-9a0b-11f1-891d-eeee0a87b8c8.OPERATION#flowable-async-job-executor-thread-45997#
Step "Execute Task" finished#
#2026 08 17 07:15:55.775#Z#DEBUG#4a1cb87e-9a0b-11f1-891d-eeee0a87b8c8.OPERATION#flowable-async-job-executor-thread-46005#
[ExecuteTaskStep] Executing task "executeTaskTask" of process "772ad739-9a0b-11f1-b453-eeee0a9f8472"...#
#2026 08 17 07:15:55.777#Z#DEBUG#4a1cb87e-9a0b-11f1-891d-eeee0a87b8c8.OPERATION#flowable-async-job-executor-thread-46005#
[ExecuteTaskStep] Application task execution timeout is default one: 43,200 seconds#
#2026 08 17 07:15:55.778#Z#DEBUG#4a1cb87e-9a0b-11f1-891d-eeee0a87b8c8.OPERATION#flowable-async-job-executor-thread-46005#
[ExecuteTaskStep] Getting task "407de9b8-d0b9-441d-b363-ba187e5bdf1e"...#
#2026 08 17 07:15:55.806#Z#DEBUG#4a1cb87e-9a0b-11f1-891d-eeee0a87b8c8.OPERATION#flowable-async-job-executor-thread-46005#
[ExecuteTaskStep] Task execution status: running#
#2026 08 17 07:15:55.807#Z#DEBUG#4a1cb87e-9a0b-11f1-891d-eeee0a87b8c8.OPERATION#flowable-async-job-executor-thread-46005#
[ExecuteTaskStep] Getting application guid "oilAndGas_Tracking-db-deployer"...#
#2026 08 17 07:15:55.892#Z#DEBUG#4a1cb87e-9a0b-11f1-891d-eeee0a87b8c8.OPERATION#flowable-async-job-executor-thread-46005#
Step "Execute Task" finished#
#2026 08 17 07:15:56.370#Z#DEBUG#4a1cb87e-9a0b-11f1-891d-eeee0a87b8c8.OPERATION#flowable-async-job-executor-thread-46005#
[StageAppStep] Executing task "stageAppTask" of process "714ebfae-9a0b-11f1-b453-eeee0a9f8472"...#
#2026 08 17 07:15:56.372#Z#DEBUG#4a1cb87e-9a0b-11f1-891d-eeee0a87b8c8.OPERATION#flowable-async-job-executor-thread-46005#
[StageAppStep] Application stage timeout is default one: 3,600 seconds#
#2026 08 17 07:15:56.372#Z#DEBUG#4a1cb87e-9a0b-11f1-891d-eeee0a87b8c8.OPERATION#flowable-async-job-executor-thread-46005#
[StageAppStep] Checking status of application "oilAndGas_Tracking-srv"...#
#2026 08 17 07:15:56.372#Z#DEBUG#4a1cb87e-9a0b-11f1-891d-eeee0a87b8c8.OPERATION#flowable-async-job-executor-thread-46005#
[StageAppStep] Getting build "4634e667-7fc2-4196-9069-16a92af79d7a"...#
#2026 08 17 07:15:56.402#Z#DEBUG#4a1cb87e-9a0b-11f1-891d-eeee0a87b8c8.OPERATION#flowable-async-job-executor-thread-46005#
[StageAppStep] Staging status of application "oilAndGas_Tracking-srv": PENDING#
#2026 08 17 07:15:56.403#Z#DEBUG#4a1cb87e-9a0b-11f1-891d-eeee0a87b8c8.OPERATION#flowable-async-job-executor-thread-46005#
[StageAppStep] Getting application guid "oilAndGas_Tracking-srv"...#
#2026 08 17 07:15:56.491#Z#DEBUG#4a1cb87e-9a0b-11f1-891d-eeee0a87b8c8.OPERATION#flowable-async-job-executor-thread-46005#
Step "Stage App" finished#
#2026 08 17 07:16:06.580#Z#DEBUG#4a1cb87e-9a0b-11f1-891d-eeee0a87b8c8.OPERATION#flowable-async-job-executor-thread-46008#
[ExecuteTaskStep] Executing task "executeTaskTask" of process "772ad739-9a0b-11f1-b453-eeee0a9f8472"...#
#2026 08 17 07:16:06.582#Z#DEBUG#4a1cb87e-9a0b-11f1-891d-eeee0a87b8c8.OPERATION#flowable-async-job-executor-thread-46008#
[ExecuteTaskStep] Application task execution timeout is default one: 43,200 seconds#
#2026 08 17 07:16:06.585#Z#DEBUG#4a1cb87e-9a0b-11f1-891d-eeee0a87b8c8.OPERATION#flowable-async-job-executor-thread-46008#
[ExecuteTaskStep] Getting task "407de9b8-d0b9-441d-b363-ba187e5bdf1e"...#
#2026 08 17 07:16:06.613#Z#DEBUG#4a1cb87e-9a0b-11f1-891d-eeee0a87b8c8.OPERATION#flowable-async-job-executor-thread-46008#
[ExecuteTaskStep] Task execution status: failed#
#2026 08 17 07:16:06.614#Z#DEBUG#4a1cb87e-9a0b-11f1-891d-eeee0a87b8c8.OPERATION#flowable-async-job-executor-thread-46008#
[ExecuteTaskStep] Getting application guid "oilAndGas_Tracking-db-deployer"...#
#2026 08 17 07:16:06.698#Z#ERROR#4a1cb87e-9a0b-11f1-891d-eeee0a87b8c8.OPERATION#flowable-async-job-executor-thread-46008#
[ExecuteTaskStep] Execution of task "deploy" on application "oilAndGas_Tracking-db-deployer" failed.#
#2026 08 17 07:16:06.732#Z#INFO#4a1cb87e-9a0b-11f1-891d-eeee0a87b8c8.OPERATION#flowable-async-job-executor-thread-46008#
[ExecuteTaskStep] Download the MTA operation logs for more details.#
#2026 08 17 07:16:06.778#Z#DEBUG#4a1cb87e-9a0b-11f1-891d-eeee0a87b8c8.OPERATION#flowable-async-job-executor-thread-46008#
Step "Execute Task" finished#
#2026 08 17 07:16:07.011#Z#DEBUG#4a1cb87e-9a0b-11f1-891d-eeee0a87b8c8.OPERATION#flowable-async-job-executor-thread-46008#
[StageAppStep] Executing task "stageAppTask" of process "714ebfae-9a0b-11f1-b453-eeee0a9f8472"...#
#2026 08 17 07:16:07.012#Z#DEBUG#4a1cb87e-9a0b-11f1-891d-eeee0a87b8c8.OPERATION#flowable-async-job-executor-thread-46008#
[StageAppStep] Application stage timeout is default one: 3,600 seconds#
#2026 08 17 07:16:07.074#Z#DEBUG#4a1cb87e-9a0b-11f1-891d-eeee0a87b8c8.OPERATION#flowable-async-job-executor-thread-46008#
[StageAppStep] Checking status of application "oilAndGas_Tracking-srv"...#
#2026 08 17 07:16:07.074#Z#DEBUG#4a1cb87e-9a0b-11f1-891d-eeee0a87b8c8.OPERATION#flowable-async-job-executor-thread-46008#
[StageAppStep] Getting build "4634e667-7fc2-4196-9069-16a92af79d7a"...#
#2026 08 17 07:16:07.118#Z#DEBUG#4a1cb87e-9a0b-11f1-891d-eeee0a87b8c8.OPERATION#flowable-async-job-executor-thread-46008#
[StageAppStep] Staging status of application "oilAndGas_Tracking-srv": STAGED#
#2026 08 17 07:16:07.119#Z#DEBUG#4a1cb87e-9a0b-11f1-891d-eeee0a87b8c8.OPERATION#flowable-async-job-executor-thread-46008#
[StageAppStep] Getting application guid "oilAndGas_Tracking-srv"...#
#2026 08 17 07:16:07.184#Z#DEBUG#4a1cb87e-9a0b-11f1-891d-eeee0a87b8c8.OPERATION#flowable-async-job-executor-thread-46008#
[StageAppStep] Getting build "4634e667-7fc2-4196-9069-16a92af79d7a"...#
#2026 08 17 07:16:07.212#Z#DEBUG#4a1cb87e-9a0b-11f1-891d-eeee0a87b8c8.OPERATION#flowable-async-job-executor-thread-46008#
[StageAppStep] Binding droplet "ba32512c-1513-4e9e-b63c-11d01fdba592" to application "1ffc2d3b-c852-4def-9096-ff93b6953ea9"...#
#2026 08 17 07:16:07.271#Z#INFO#4a1cb87e-9a0b-11f1-891d-eeee0a87b8c8.OPERATION#flowable-async-job-executor-thread-46008#
[StageAppStep] Application "oilAndGas_Tracking-srv" staged#
#2026 08 17 07:16:07.302#Z#DEBUG#4a1cb87e-9a0b-11f1-891d-eeee0a87b8c8.OPERATION#flowable-async-job-executor-thread-46008#
Step "Stage App" finished#
#2026 08 17 07:16:07.403#Z#DEBUG#4a1cb87e-9a0b-11f1-891d-eeee0a87b8c8.OPERATION#flowable-async-job-executor-thread-46008#
[RestartAppStep] Executing task "startAppTask" of process "714ebfae-9a0b-11f1-b453-eeee0a9f8472"...#
#2026 08 17 07:16:07.407#Z#DEBUG#4a1cb87e-9a0b-11f1-891d-eeee0a87b8c8.OPERATION#flowable-async-job-executor-thread-46008#
[RestartAppStep] Application start timeout is default one: 3,600 seconds#
#2026 08 17 07:16:07.418#Z#DEBUG#4a1cb87e-9a0b-11f1-891d-eeee0a87b8c8.OPERATION#flowable-async-job-executor-thread-46008#
[RestartAppStep] Getting application "oilAndGas_Tracking-srv"...#
#2026 08 17 07:16:07.448#Z#INFO#4a1cb87e-9a0b-11f1-891d-eeee0a87b8c8.OPERATION#flowable-async-job-executor-thread-46008#
[RestartAppStep] Starting application "oilAndGas_Tracking-srv"...#
#2026 08 17 07:16:07.477#Z#DEBUG#4a1cb87e-9a0b-11f1-891d-eeee0a87b8c8.OPERATION#flowable-async-job-executor-thread-46008#
[RestartAppStep] Starting application "oilAndGas_Tracking-srv"...#
#2026 08 17 07:16:07.842#Z#DEBUG#4a1cb87e-9a0b-11f1-891d-eeee0a87b8c8.OPERATION#flowable-async-job-executor-thread-46008#
Step "Start App" finished#
#2026 08 17 07:16:07.815#Z#DEBUG#4a1cb87e-9a0b-11f1-891d-eeee0a87b8c8.OPERATION#flowable-async-job-executor-thread-19041#
[ExecuteTaskStep] Executing task "executeTaskTask" of process "772ad739-9a0b-11f1-b453-eeee0a9f8472"...#
#2026 08 17 07:16:07.817#Z#DEBUG#4a1cb87e-9a0b-11f1-891d-eeee0a87b8c8.OPERATION#flowable-async-job-executor-thread-19041#
[ExecuteTaskStep] Application task execution timeout is default one: 43,200 seconds#
#2026 08 17 07:16:07.820#Z#INFO#4a1cb87e-9a0b-11f1-891d-eeee0a87b8c8.OPERATION#flowable-async-job-executor-thread-19041#
[ExecuteTaskStep] Executing task "deploy" on application "oilAndGas_Tracking-db-deployer"...#
#2026 08 17 07:16:07.853#Z#DEBUG#4a1cb87e-9a0b-11f1-891d-eeee0a87b8c8.OPERATION#flowable-async-job-executor-thread-19041#
[ExecuteTaskStep] Running task on application "oilAndGas_Tracking-db-deployer": {
  "name" : "deploy",
  "command" : "npm start",
  "limits" : {
    "memory" : 256
  }
}#
#2026 08 17 07:16:08.147#Z#DEBUG#4a1cb87e-9a0b-11f1-891d-eeee0a87b8c8.OPERATION#flowable-async-job-executor-thread-19041#
Step "Execute Task" finished#
#2026 08 17 07:16:17.278#Z#DEBUG#4a1cb87e-9a0b-11f1-891d-eeee0a87b8c8.OPERATION#flowable-async-job-executor-thread-46012#
[ExecuteTaskStep] Executing task "executeTaskTask" of process "772ad739-9a0b-11f1-b453-eeee0a9f8472"...#
#2026 08 17 07:16:17.281#Z#DEBUG#4a1cb87e-9a0b-11f1-891d-eeee0a87b8c8.OPERATION#flowable-async-job-executor-thread-46012#
[ExecuteTaskStep] Application task execution timeout is default one: 43,200 seconds#
#2026 08 17 07:16:17.283#Z#DEBUG#4a1cb87e-9a0b-11f1-891d-eeee0a87b8c8.OPERATION#flowable-async-job-executor-thread-46012#
[ExecuteTaskStep] Getting task "65d4f4a5-ef6b-40ef-a608-42dcaed3ca37"...#
#2026 08 17 07:16:17.308#Z#DEBUG#4a1cb87e-9a0b-11f1-891d-eeee0a87b8c8.OPERATION#flowable-async-job-executor-thread-46012#
[ExecuteTaskStep] Task execution status: running#
#2026 08 17 07:16:17.309#Z#DEBUG#4a1cb87e-9a0b-11f1-891d-eeee0a87b8c8.OPERATION#flowable-async-job-executor-thread-46012#
[ExecuteTaskStep] Getting application guid "oilAndGas_Tracking-db-deployer"...#
#2026 08 17 07:16:17.393#Z#DEBUG#4a1cb87e-9a0b-11f1-891d-eeee0a87b8c8.OPERATION#flowable-async-job-executor-thread-46012#
Step "Execute Task" finished#
#2026 08 17 07:16:17.374#Z#DEBUG#4a1cb87e-9a0b-11f1-891d-eeee0a87b8c8.OPERATION#flowable-async-job-executor-thread-19053#
[RestartAppStep] Executing task "startAppTask" of process "84330609-9a0b-11f1-b453-eeee0a9f8472"...#
#2026 08 17 07:16:17.379#Z#DEBUG#4a1cb87e-9a0b-11f1-891d-eeee0a87b8c8.OPERATION#flowable-async-job-executor-thread-19053#
[RestartAppStep] Application start timeout is default one: 3,600 seconds#
#2026 08 17 07:16:17.380#Z#DEBUG#4a1cb87e-9a0b-11f1-891d-eeee0a87b8c8.OPERATION#flowable-async-job-executor-thread-19053#
[RestartAppStep] Checking status of application "oilAndGas_Tracking-srv"...#
#2026 08 17 07:16:17.380#Z#DEBUG#4a1cb87e-9a0b-11f1-891d-eeee0a87b8c8.OPERATION#flowable-async-job-executor-thread-19053#
[RestartAppStep] Getting application "oilAndGas_Tracking-srv"...#
#2026 08 17 07:16:17.415#Z#DEBUG#4a1cb87e-9a0b-11f1-891d-eeee0a87b8c8.OPERATION#flowable-async-job-executor-thread-19053#
[RestartAppStep] Getting instances for application "oilAndGas_Tracking-srv"...#
#2026 08 17 07:16:17.453#Z#DEBUG#4a1cb87e-9a0b-11f1-891d-eeee0a87b8c8.OPERATION#flowable-async-job-executor-thread-19053#
[RestartAppStep] Application "oilAndGas_Tracking-srv": 1 of 1 instances running (1 running)#
#2026 08 17 07:16:17.486#Z#DEBUG#4a1cb87e-9a0b-11f1-891d-eeee0a87b8c8.OPERATION#flowable-async-job-executor-thread-19053#
[RestartAppStep] Getting routes for application "1ffc2d3b-c852-4def-9096-ff93b6953ea9"...#
#2026 08 17 07:16:17.516#Z#INFO#4a1cb87e-9a0b-11f1-891d-eeee0a87b8c8.OPERATION#flowable-async-job-executor-thread-19053#
[RestartAppStep] Application "oilAndGas_Tracking-srv" started and available at "bdf5b6cctrial-dev-oilandgas-tracking-srv.cfapps.us10-001.hana.ondemand.com"#
#2026 08 17 07:16:17.533#Z#DEBUG#4a1cb87e-9a0b-11f1-891d-eeee0a87b8c8.OPERATION#flowable-async-job-executor-thread-19053#
Step "Start App" finished#
#2026 08 17 07:16:27.735#Z#DEBUG#4a1cb87e-9a0b-11f1-891d-eeee0a87b8c8.OPERATION#flowable-async-job-executor-thread-46019#
[ExecuteTaskStep] Executing task "executeTaskTask" of process "772ad739-9a0b-11f1-b453-eeee0a9f8472"...#
#2026 08 17 07:16:27.737#Z#DEBUG#4a1cb87e-9a0b-11f1-891d-eeee0a87b8c8.OPERATION#flowable-async-job-executor-thread-46019#
[ExecuteTaskStep] Application task execution timeout is default one: 43,200 seconds#
#2026 08 17 07:16:27.740#Z#DEBUG#4a1cb87e-9a0b-11f1-891d-eeee0a87b8c8.OPERATION#flowable-async-job-executor-thread-46019#
[ExecuteTaskStep] Getting task "65d4f4a5-ef6b-40ef-a608-42dcaed3ca37"...#
#2026 08 17 07:16:27.770#Z#DEBUG#4a1cb87e-9a0b-11f1-891d-eeee0a87b8c8.OPERATION#flowable-async-job-executor-thread-46019#
[ExecuteTaskStep] Task execution status: failed#
#2026 08 17 07:16:27.771#Z#DEBUG#4a1cb87e-9a0b-11f1-891d-eeee0a87b8c8.OPERATION#flowable-async-job-executor-thread-46019#
[ExecuteTaskStep] Getting application guid "oilAndGas_Tracking-db-deployer"...#
#2026 08 17 07:16:27.868#Z#ERROR#4a1cb87e-9a0b-11f1-891d-eeee0a87b8c8.OPERATION#flowable-async-job-executor-thread-46019#
[ExecuteTaskStep] Execution of task "deploy" on application "oilAndGas_Tracking-db-deployer" failed.#
#2026 08 17 07:16:27.875#Z#INFO#4a1cb87e-9a0b-11f1-891d-eeee0a87b8c8.OPERATION#flowable-async-job-executor-thread-46019#
[ExecuteTaskStep] Download the MTA operation logs for more details.#
#2026 08 17 07:16:27.880#Z#DEBUG#4a1cb87e-9a0b-11f1-891d-eeee0a87b8c8.OPERATION#flowable-async-job-executor-thread-46019#
Step "Execute Task" finished#
#2026 08 17 07:16:27.999#Z#DEBUG#4a1cb87e-9a0b-11f1-891d-eeee0a87b8c8.OPERATION#flowable-async-job-executor-thread-46026#
[RestartAppStep] Executing task "startAppTask" of process "89f9e7d9-9a0b-11f1-891d-eeee0a87b8c8"...#
#2026 08 17 07:16:28.003#Z#DEBUG#4a1cb87e-9a0b-11f1-891d-eeee0a87b8c8.OPERATION#flowable-async-job-executor-thread-46026#
[RestartAppStep] Application start timeout is default one: 3,600 seconds#
#2026 08 17 07:16:28.005#Z#DEBUG#4a1cb87e-9a0b-11f1-891d-eeee0a87b8c8.OPERATION#flowable-async-job-executor-thread-46026#
Step "Start App" finished#
#2026 08 17 07:16:28.228#Z#DEBUG#4a1cb87e-9a0b-11f1-891d-eeee0a87b8c8.OPERATION#flowable-async-job-executor-thread-46021#
[PrepareToExecuteTasksStep] Executing task "prepareToExecuteTasksTask" of process "9051972f-9a0b-11f1-b453-eeee0a9f8472"...#
#2026 08 17 07:16:28.232#Z#DEBUG#4a1cb87e-9a0b-11f1-891d-eeee0a87b8c8.OPERATION#flowable-async-job-executor-thread-46021#
Step "Prepare To Execute Tasks" finished#
#2026 08 17 07:16:28.341#Z#DEBUG#4a1cb87e-9a0b-11f1-891d-eeee0a87b8c8.OPERATION#flowable-async-job-executor-thread-46023#
[PublishConfigurationEntriesStep] Executing task "publishProvidedDependenciesTask" of process "9037ce0d-9a0b-11f1-b453-eeee0a9f8472"...#
#2026 08 17 07:16:28.342#Z#DEBUG#4a1cb87e-9a0b-11f1-891d-eeee0a87b8c8.OPERATION#flowable-async-job-executor-thread-46023#
[PublishConfigurationEntriesStep] Publishing public provided dependencies for application "oilAndGas_Tracking-srv"...#
#2026 08 17 07:16:28.343#Z#DEBUG#4a1cb87e-9a0b-11f1-891d-eeee0a87b8c8.OPERATION#flowable-async-job-executor-thread-46023#
[PublishConfigurationEntriesStep] No public provided dependencies for publishing#
#2026 08 17 07:16:28.343#Z#DEBUG#4a1cb87e-9a0b-11f1-891d-eeee0a87b8c8.OPERATION#flowable-async-job-executor-thread-46023#
Step "Publish Provided Dependencies" finished#
#2026 08 17 07:16:28.392#Z#DEBUG#4a1cb87e-9a0b-11f1-891d-eeee0a87b8c8.OPERATION#flowable-async-job-executor-thread-46024#
[CreateOrUpdateServiceBrokerStep] Executing task "createOrUpdateServiceBrokerTask" of process "9037ce0d-9a0b-11f1-b453-eeee0a9f8472"...#
#2026 08 17 07:16:28.394#Z#DEBUG#4a1cb87e-9a0b-11f1-891d-eeee0a87b8c8.OPERATION#flowable-async-job-executor-thread-46024#
[CreateOrUpdateServiceBrokerStep] Creating service brokers...#
#2026 08 17 07:16:28.395#Z#DEBUG#4a1cb87e-9a0b-11f1-891d-eeee0a87b8c8.OPERATION#flowable-async-job-executor-thread-46024#
Step "Create Or Update Service Broker " finished#
#2026 08 17 07:16:29.358#Z#DEBUG#4a1cb87e-9a0b-11f1-891d-eeee0a87b8c8.OPERATION#flowable-async-job-executor-thread-19059#
[ExecuteTaskStep] Executing task "executeTaskTask" of process "772ad739-9a0b-11f1-b453-eeee0a9f8472"...#
#2026 08 17 07:16:29.366#Z#DEBUG#4a1cb87e-9a0b-11f1-891d-eeee0a87b8c8.OPERATION#flowable-async-job-executor-thread-19059#
[ExecuteTaskStep] Application task execution timeout is default one: 43,200 seconds#
#2026 08 17 07:16:29.372#Z#INFO#4a1cb87e-9a0b-11f1-891d-eeee0a87b8c8.OPERATION#flowable-async-job-executor-thread-19059#
[ExecuteTaskStep] Executing task "deploy" on application "oilAndGas_Tracking-db-deployer"...#
#2026 08 17 07:16:29.377#Z#DEBUG#4a1cb87e-9a0b-11f1-891d-eeee0a87b8c8.OPERATION#flowable-async-job-executor-thread-19059#
[ExecuteTaskStep] Running task on application "oilAndGas_Tracking-db-deployer": {
  "name" : "deploy",
  "command" : "npm start",
  "limits" : {
    "memory" : 256
  }
}#
#2026 08 17 07:16:29.661#Z#DEBUG#4a1cb87e-9a0b-11f1-891d-eeee0a87b8c8.OPERATION#flowable-async-job-executor-thread-19059#
Step "Execute Task" finished#
#2026 08 17 07:16:37.637#Z#DEBUG#4a1cb87e-9a0b-11f1-891d-eeee0a87b8c8.OPERATION#flowable-async-job-executor-thread-46032#
[ExecuteTaskStep] Executing task "executeTaskTask" of process "772ad739-9a0b-11f1-b453-eeee0a9f8472"...#
#2026 08 17 07:16:37.639#Z#DEBUG#4a1cb87e-9a0b-11f1-891d-eeee0a87b8c8.OPERATION#flowable-async-job-executor-thread-46032#
[ExecuteTaskStep] Application task execution timeout is default one: 43,200 seconds#
#2026 08 17 07:16:37.710#Z#DEBUG#4a1cb87e-9a0b-11f1-891d-eeee0a87b8c8.OPERATION#flowable-async-job-executor-thread-46032#
[ExecuteTaskStep] Getting task "1d21bb40-b6a8-44bf-9bcb-e3c142f35b06"...#
#2026 08 17 07:16:37.752#Z#DEBUG#4a1cb87e-9a0b-11f1-891d-eeee0a87b8c8.OPERATION#flowable-async-job-executor-thread-46032#
[ExecuteTaskStep] Task execution status: running#
#2026 08 17 07:16:37.753#Z#DEBUG#4a1cb87e-9a0b-11f1-891d-eeee0a87b8c8.OPERATION#flowable-async-job-executor-thread-46032#
[ExecuteTaskStep] Getting application guid "oilAndGas_Tracking-db-deployer"...#
#2026 08 17 07:16:37.820#Z#DEBUG#4a1cb87e-9a0b-11f1-891d-eeee0a87b8c8.OPERATION#flowable-async-job-executor-thread-46032#
Step "Execute Task" finished#
#2026 08 17 07:16:47.995#Z#DEBUG#4a1cb87e-9a0b-11f1-891d-eeee0a87b8c8.OPERATION#flowable-async-job-executor-thread-46034#
[ExecuteTaskStep] Executing task "executeTaskTask" of process "772ad739-9a0b-11f1-b453-eeee0a9f8472"...#
#2026 08 17 07:16:47.997#Z#DEBUG#4a1cb87e-9a0b-11f1-891d-eeee0a87b8c8.OPERATION#flowable-async-job-executor-thread-46034#
[ExecuteTaskStep] Application task execution timeout is default one: 43,200 seconds#
#2026 08 17 07:16:47.998#Z#DEBUG#4a1cb87e-9a0b-11f1-891d-eeee0a87b8c8.OPERATION#flowable-async-job-executor-thread-46034#
[ExecuteTaskStep] Getting task "1d21bb40-b6a8-44bf-9bcb-e3c142f35b06"...#
#2026 08 17 07:16:48.018#Z#DEBUG#4a1cb87e-9a0b-11f1-891d-eeee0a87b8c8.OPERATION#flowable-async-job-executor-thread-46034#
[ExecuteTaskStep] Task execution status: failed#
#2026 08 17 07:16:48.019#Z#DEBUG#4a1cb87e-9a0b-11f1-891d-eeee0a87b8c8.OPERATION#flowable-async-job-executor-thread-46034#
[ExecuteTaskStep] Getting application guid "oilAndGas_Tracking-db-deployer"...#
#2026 08 17 07:16:48.081#Z#ERROR#4a1cb87e-9a0b-11f1-891d-eeee0a87b8c8.OPERATION#flowable-async-job-executor-thread-46034#
[ExecuteTaskStep] Execution of task "deploy" on application "oilAndGas_Tracking-db-deployer" failed.#
#2026 08 17 07:16:48.086#Z#INFO#4a1cb87e-9a0b-11f1-891d-eeee0a87b8c8.OPERATION#flowable-async-job-executor-thread-46034#
[ExecuteTaskStep] Download the MTA operation logs for more details.#
#2026 08 17 07:16:48.093#Z#DEBUG#4a1cb87e-9a0b-11f1-891d-eeee0a87b8c8.OPERATION#flowable-async-job-executor-thread-46034#
Step "Execute Task" finished#
#2026 08 17 07:16:50.831#Z#DEBUG#4a1cb87e-9a0b-11f1-891d-eeee0a87b8c8.OPERATION#flowable-async-job-executor-thread-19076#
[ExecuteTaskStep] Executing task "executeTaskTask" of process "772ad739-9a0b-11f1-b453-eeee0a9f8472"...#
#2026 08 17 07:16:50.834#Z#DEBUG#4a1cb87e-9a0b-11f1-891d-eeee0a87b8c8.OPERATION#flowable-async-job-executor-thread-19076#
[ExecuteTaskStep] Application task execution timeout is default one: 43,200 seconds#
#2026 08 17 07:16:50.837#Z#INFO#4a1cb87e-9a0b-11f1-891d-eeee0a87b8c8.OPERATION#flowable-async-job-executor-thread-19076#
[ExecuteTaskStep] Executing task "deploy" on application "oilAndGas_Tracking-db-deployer"...#
#2026 08 17 07:16:50.842#Z#DEBUG#4a1cb87e-9a0b-11f1-891d-eeee0a87b8c8.OPERATION#flowable-async-job-executor-thread-19076#
[ExecuteTaskStep] Running task on application "oilAndGas_Tracking-db-deployer": {
  "name" : "deploy",
  "command" : "npm start",
  "limits" : {
    "memory" : 256
  }
}#
#2026 08 17 07:16:51.129#Z#DEBUG#4a1cb87e-9a0b-11f1-891d-eeee0a87b8c8.OPERATION#flowable-async-job-executor-thread-19076#
Step "Execute Task" finished#
#2026 08 17 07:16:57.863#Z#DEBUG#4a1cb87e-9a0b-11f1-891d-eeee0a87b8c8.OPERATION#flowable-async-job-executor-thread-46045#
[ExecuteTaskStep] Executing task "executeTaskTask" of process "772ad739-9a0b-11f1-b453-eeee0a9f8472"...#
#2026 08 17 07:16:57.866#Z#DEBUG#4a1cb87e-9a0b-11f1-891d-eeee0a87b8c8.OPERATION#flowable-async-job-executor-thread-46045#
[ExecuteTaskStep] Application task execution timeout is default one: 43,200 seconds#
#2026 08 17 07:16:57.936#Z#DEBUG#4a1cb87e-9a0b-11f1-891d-eeee0a87b8c8.OPERATION#flowable-async-job-executor-thread-46045#
[ExecuteTaskStep] Getting task "5c036a94-3d17-4cb4-b41f-bd0dd0a14984"...#
#2026 08 17 07:16:57.976#Z#DEBUG#4a1cb87e-9a0b-11f1-891d-eeee0a87b8c8.OPERATION#flowable-async-job-executor-thread-46045#
[ExecuteTaskStep] Task execution status: running#
#2026 08 17 07:16:57.978#Z#DEBUG#4a1cb87e-9a0b-11f1-891d-eeee0a87b8c8.OPERATION#flowable-async-job-executor-thread-46045#
[ExecuteTaskStep] Getting application guid "oilAndGas_Tracking-db-deployer"...#
#2026 08 17 07:16:58.061#Z#DEBUG#4a1cb87e-9a0b-11f1-891d-eeee0a87b8c8.OPERATION#flowable-async-job-executor-thread-46045#
Step "Execute Task" finished#
#2026 08 17 07:17:08.006#Z#DEBUG#4a1cb87e-9a0b-11f1-891d-eeee0a87b8c8.OPERATION#flowable-async-job-executor-thread-46052#
[ExecuteTaskStep] Executing task "executeTaskTask" of process "772ad739-9a0b-11f1-b453-eeee0a9f8472"...#
#2026 08 17 07:17:08.008#Z#DEBUG#4a1cb87e-9a0b-11f1-891d-eeee0a87b8c8.OPERATION#flowable-async-job-executor-thread-46052#
[ExecuteTaskStep] Application task execution timeout is default one: 43,200 seconds#
#2026 08 17 07:17:08.010#Z#DEBUG#4a1cb87e-9a0b-11f1-891d-eeee0a87b8c8.OPERATION#flowable-async-job-executor-thread-46052#
[ExecuteTaskStep] Getting task "5c036a94-3d17-4cb4-b41f-bd0dd0a14984"...#
#2026 08 17 07:17:08.045#Z#DEBUG#4a1cb87e-9a0b-11f1-891d-eeee0a87b8c8.OPERATION#flowable-async-job-executor-thread-46052#
[ExecuteTaskStep] Task execution status: failed#
#2026 08 17 07:17:08.046#Z#DEBUG#4a1cb87e-9a0b-11f1-891d-eeee0a87b8c8.OPERATION#flowable-async-job-executor-thread-46052#
[ExecuteTaskStep] Getting application guid "oilAndGas_Tracking-db-deployer"...#
#2026 08 17 07:17:08.101#Z#ERROR#4a1cb87e-9a0b-11f1-891d-eeee0a87b8c8.OPERATION#flowable-async-job-executor-thread-46052#
[ExecuteTaskStep] Execution of task "deploy" on application "oilAndGas_Tracking-db-deployer" failed.#
#2026 08 17 07:17:08.112#Z#INFO#4a1cb87e-9a0b-11f1-891d-eeee0a87b8c8.OPERATION#flowable-async-job-executor-thread-46052#
[ExecuteTaskStep] Download the MTA operation logs for more details.#
#2026 08 17 07:17:08.116#Z#DEBUG#4a1cb87e-9a0b-11f1-891d-eeee0a87b8c8.OPERATION#flowable-async-job-executor-thread-46052#
Step "Execute Task" finished#
